Num_Acc,senc,catv,occutc,obs,obsm,choc,manv,num_veh
201200006157,0,33,000,00,2,3,01,A01
201200006158,0,07,000,00,1,2,15,A01
201200006159,0,07,000,00,2,3,01,B02
201200006159,0,07,000,00,2,3,13,A01
201200006160,0,07,000,00,2,8,16,A01
201200006160,0,07,000,00,2,2,19,B02
201200006161,0,02,000,00,2,1,01,B02
201200006161,0,07,000,00,2,3,15,A01
201200006162,0,07,000,00,0,9,01,A01
201200006163,0,07,000,13,0,1,13,A01
201200006164,0,30,000,00,2,4,02,B02
201200006164,0,07,000,00,2,1,02,A01
201200006164,0,07,000,00,2,8,13,C03
201200006165,0,33,000,02,0,1,17,A01
201200006166,0,31,000,03,0,1,13,A01
201200006167,0,10,000,00,2,2,01,A01
201200006167,0,01,000,00,2,1,19,B02
201200006168,0,33,000,00,2,1,01,B02
201200006168,0,07,000,00,2,1,10,A01
201200006169,0,14,000,00,2,3,01,A01
201200006169,0,07,000,00,2,3,13,B02
201200006170,0,07,000,00,0,1,01,A01
201200006171,0,99,000,00,0,1,01,A01
201200006172,0,07,000,00,2,1,02,A01
201200006172,0,02,000,00,0,4,02,B02
201200006173,0,37,001,00,2,2,01,B02
201200006173,0,30,000,00,2,1,13,A01
201200006174,0,07,000,00,2,1,01,A01
201200006174,0,01,000,00,2,8,19,B02
201200006175,0,07,000,02,0,1,01,A01
201200006176,0,07,000,00,2,3,01,A01
201200006176,0,36,000,00,2,1,01,B02
201200006177,0,33,000,00,2,1,01,B02
201200006177,0,10,000,00,2,3,15,A01
201200006178,0,10,000,00,2,1,01,B02
201200006178,0,10,000,00,2,1,13,A01
201200006179,0,07,000,00,2,1,00,B02
201200006179,0,07,000,00,2,3,00,A01
201200006180,0,33,000,00,2,1,01,A01
201200006180,0,07,000,00,2,3,01,B02
201200006180,0,07,000,00,2,1,01,C03
201200006181,2,07,000,01,2,2,21,A01
201200006181,0,07,000,00,0,6,01,B02
201200006182,0,07,000,00,1,1,01,A01
201200006183,0,01,000,00,0,8,02,A01
201200006183,0,07,000,00,0,7,17,B02
201200006184,0,07,000,00,9,2,15,A01
201200006184,0,01,000,00,2,1,01,B02
201200006185,0,07,000,00,2,3,01,B02
201200006185,0,07,000,00,2,6,05,A01
201200006186,0,10,000,00,2,1,13,A01
201200006186,0,15,000,00,2,3,01,B02
201200006187,0,07,000,00,2,3,13,A01
201200006187,0,17,000,00,2,3,01,B02
201200006188,0,31,000,09,0,7,14,A01
201200006189,0,07,000,00,1,3,01,A01
201200006190,0,33,000,16,0,1,01,A01
201200006191,0,10,000,16,0,1,14,A01
201200006192,0,10,000,06,0,3,01,A01
201200006193,0,02,000,00,2,3,13,A01
201200006193,0,07,000,00,2,3,01,B02
201200006194,0,33,000,13,0,9,14,A01
201200006195,0,07,000,08,0,1,01,A01
201200006196,0,07,000,00,2,1,01,C03
201200006196,0,07,000,00,2,3,17,A01
201200006196,0,07,000,00,0,3,01,B02
201200006197,0,07,000,08,0,8,01,A01
201200006198,0,07,000,13,0,6,01,A01
201200006199,0,33,000,00,0,8,13,A01
201200006200,0,07,000,00,0,0,00,A01
201200006201,0,07,000,00,2,1,01,A01
201200006201,0,07,000,00,2,1,01,B02
201200006201,0,10,000,00,2,1,01,C03
201200006202,0,07,000,00,2,1,01,B02
201200006202,0,07,000,00,0,1,13,A01
201200006203,0,07,000,02,0,1,01,A01
201200006204,0,07,000,00,2,1,01,B02
201200006204,0,33,000,00,2,1,01,A01
201200006205,0,07,000,00,2,3,01,A01
201200006205,0,31,000,00,2,8,13,B02
201200006206,0,07,000,00,2,1,01,B02
201200006206,0,07,000,00,2,7,13,A01
201200006207,0,33,000,00,2,1,01,A01
201200006207,0,07,000,00,2,3,19,B02
201200006208,0,07,000,16,0,9,14,A01
201200006209,0,07,000,00,2,3,01,A01
201200006209,0,33,000,00,2,1,00,B02
201200006210,0,07,000,00,2,8,15,B02
201200006210,0,33,000,00,2,1,01,A01
201200006211,0,33,000,00,2,1,01,B02
201200006211,0,07,000,00,2,6,15,A01
201200006212,0,07,000,02,0,1,01,A01
201200006213,0,07,000,03,2,3,13,A01
201200006213,0,07,000,03,2,3,01,B02
201200006214,0,15,000,00,1,1,01,B02
201200006214,0,07,000,00,1,2,01,A01
201200006215,0,07,000,00,2,2,19,A01
201200006215,0,30,000,00,2,1,01,B02
201200006216,0,07,000,02,0,1,01,A01
201200006217,0,07,000,00,2,1,05,A01
201200006217,0,01,000,00,2,0,05,B02
201200006218,0,07,000,15,0,2,02,A01
201200006219,0,07,000,00,1,3,01,A01
201200006220,0,07,000,00,0,0,01,A01
201200006221,2,07,000,00,2,2,15,A01
201200006221,0,30,000,00,2,6,01,B02
201200006222,0,07,000,01,1,4,04,A01
201200006223,0,07,000,00,2,1,17,B02
201200006223,0,02,000,00,2,1,01,A01
201200006224,0,01,000,00,2,7,19,B02
201200006224,0,07,000,00,9,1,01,A01
201200006225,0,07,000,00,2,2,10,B02
201200006225,0,34,000,00,2,3,01,A01
201200006226,0,07,000,00,1,2,01,A01
201200006227,0,07,000,00,2,5,15,A01
201200006227,0,33,000,00,2,1,01,B02
201200006228,0,21,000,00,2,8,15,B02
201200006228,0,02,000,00,2,1,17,A01
201200006229,0,33,000,13,0,1,01,A01
201200006230,0,33,000,00,9,7,17,B02
201200006230,0,01,000,00,2,8,13,A01
201200006231,0,33,000,05,0,1,01,A01
201200006232,0,10,000,00,2,1,01,B02
201200006232,0,33,000,00,2,1,01,C03
201200006232,0,10,000,00,2,4,01,A01
201200006233,0,33,000,01,0,1,21,B02
201200006233,0,33,000,14,0,0,16,A01
201200006233,0,10,000,00,0,6,23,C03
201200006234,0,02,000,00,0,7,01,A01
201200006235,0,33,000,00,2,1,01,A01
201200006235,0,07,000,00,2,7,19,B02
201200006236,0,07,000,00,0,0,01,A01
201200006236,0,01,000,00,2,1,01,B02
201200006237,0,07,000,00,2,1,13,A01
201200006237,0,10,000,00,2,1,01,C03
201200006237,0,07,000,00,2,2,21,B02
201200006238,0,07,000,00,2,3,19,A01
201200006238,0,31,000,00,2,1,01,B02
201200006239,0,07,000,00,1,3,01,A01
201200006240,0,17,000,01,2,3,13,A01
201200006240,0,10,000,00,2,1,01,B02
201200006241,0,07,000,00,2,1,01,B02
201200006241,0,07,000,00,2,1,17,A01
201200006242,0,15,000,00,1,1,01,A01
201200006243,0,01,000,00,2,1,01,B02
201200006243,0,07,000,00,9,1,19,A01
201200006244,0,30,000,01,0,1,01,A01
201200006245,0,07,000,00,0,4,23,A01
201200006245,0,07,000,00,2,1,02,B02
201200006246,0,33,000,14,0,8,00,A01
201200006247,0,07,000,00,2,7,17,A01
201200006247,0,07,000,00,2,3,15,B02
201200006248,0,07,000,09,0,7,01,A01
201200006249,1,36,000,01,0,1,14,A01
201200006250,0,07,000,00,2,1,01,A01
201200006250,0,07,000,00,0,8,15,B02
201200006251,0,14,000,06,0,0,01,A01
201200006252,0,07,000,00,2,7,15,A01
201200006252,0,33,000,00,2,1,01,B02
201200006253,0,07,000,13,0,9,01,A01
201200006254,0,07,000,00,2,1,01,B02
201200006254,0,07,000,00,2,1,15,A01
201200006255,0,07,000,00,2,2,17,A01
201200006255,0,01,000,00,0,5,01,B02
201200006256,0,07,000,00,2,1,01,B02
201200006256,0,07,000,00,2,1,21,A01
201200006257,0,07,000,00,2,3,01,B02
201200006257,0,07,000,00,2,2,13,A01
201200006258,0,07,000,13,0,3,01,A01
201200006259,0,07,000,00,2,1,13,A01
201200006259,0,07,000,00,2,3,01,B02
201200006260,0,07,000,00,2,3,01,B02
201200006260,0,07,000,00,2,3,01,A01
201200006261,0,31,000,06,0,7,01,A01
201200006262,0,15,000,00,2,7,01,A01
201200006262,0,01,000,00,2,8,01,B02
201200006263,0,01,000,00,2,4,15,B02
201200006263,0,07,000,00,2,3,13,A01
201200006264,0,07,000,13,0,1,01,A01
201200006265,0,33,000,12,0,1,01,A01
201200006266,0,33,000,00,2,1,02,A01
201200006266,0,33,000,00,2,1,02,B02
201200006266,0,33,000,00,2,4,02,C03
201200006267,0,30,000,16,0,1,14,A01
201200006268,0,21,000,00,2,5,15,A01
201200006268,0,01,000,00,2,3,01,B02
201200006269,0,07,000,00,0,9,01,A01
201200006270,0,07,000,00,2,3,01,B02
201200006270,0,07,000,00,2,3,15,A01
201200006271,0,07,000,00,0,1,14,A01
201200006272,0,20,000,00,2,1,21,B02
201200006272,0,07,000,00,2,3,21,A01
201200006273,0,07,000,00,2,2,01,B02
201200006273,0,07,000,00,2,3,15,A01
201200006274,0,03,000,00,2,3,09,A01
201200006274,0,07,000,00,2,2,01,B02
201200006275,0,30,000,01,0,1,01,A01
201200006276,0,01,000,00,2,8,02,B02
201200006276,0,07,000,00,9,2,17,A01
201200006277,0,07,000,00,2,2,19,A01
201200006277,0,07,000,00,2,3,01,B02
201200006278,0,07,000,00,2,2,01,A01
201200006278,0,03,000,00,2,1,01,B02
201200006279,0,37,000,00,1,2,01,A01
201200006280,0,02,000,01,0,2,01,A01
201200006281,0,07,000,00,2,2,01,C03
201200006281,0,07,000,00,2,4,15,A01
201200006281,0,07,000,00,2,7,01,B02
201200006282,0,07,000,00,0,9,01,A01
201200006283,0,07,000,01,1,1,01,A01
201200006284,0,07,000,00,2,2,01,A01
201200006284,0,07,000,00,0,7,15,B02
201200006285,0,31,000,00,2,1,01,A01
201200006285,0,07,000,00,2,4,23,B02
201200006286,0,07,000,00,2,1,01,A01
201200006286,0,07,000,00,2,1,01,B02
201200006286,0,07,000,00,2,5,10,C03
201200006287,0,33,000,00,2,1,06,A01
201200006287,0,07,000,00,2,8,15,B02
201200006288,0,07,000,02,0,1,01,A01
201200006289,0,07,000,00,2,3,15,A01
201200006289,0,02,000,00,2,1,01,B02
201200006290,0,07,000,02,0,1,14,A01
201200006291,0,07,000,00,0,7,14,A01
201200006292,0,17,000,00,2,6,01,B02
201200006292,0,07,000,00,2,8,05,A01
201200006293,0,07,000,06,0,3,19,A01
201200006294,0,07,000,02,0,1,14,A01
201200006295,0,07,000,08,0,1,14,A01
201200006296,0,07,000,00,1,2,00,A01
201200006297,0,07,000,01,0,1,13,A01
201200006297,0,07,000,00,2,1,24,B02
201200006298,0,10,000,00,1,2,17,A01
201200006299,0,07,000,00,2,3,15,B02
201200006299,0,38,000,00,2,2,01,A01
201200006300,0,07,000,00,2,1,01,B02
201200006300,0,07,000,00,2,2,15,A01
201200006301,0,07,000,00,2,5,15,A01
201200006301,0,33,000,00,2,1,01,B02
201200006302,0,07,000,00,2,1,19,B02
201200006302,0,07,000,00,0,3,01,A01
201200006303,0,07,000,00,0,7,15,A01
201200006303,0,34,000,00,2,7,01,B02
201200006304,0,07,000,00,2,3,01,C03
201200006304,0,07,000,00,2,3,01,B02
201200006304,0,07,000,00,2,3,01,A01
201200006305,0,07,000,00,2,3,01,B02
201200006305,0,07,000,00,2,1,01,A01
201200006306,0,07,000,00,2,1,01,A01
201200006306,0,07,000,00,2,9,05,C03
201200006306,0,07,000,00,2,1,17,B02
201200006307,0,07,000,00,1,6,04,A01
201200006308,0,02,000,00,0,7,17,B02
201200006308,0,07,000,00,0,6,15,A01
201200006309,0,07,000,00,1,1,01,A01
201200006310,0,07,000,00,1,2,16,A01
201200006311,0,07,000,00,1,1,01,A01
201200006312,0,30,000,00,0,7,16,A01
201200006313,0,07,000,00,2,1,15,A01
201200006313,0,02,000,00,2,7,01,B01
201200006314,1,07,000,00,2,1,09,Z01
201200006314,0,02,000,00,2,5,01,A01
201200006315,0,07,000,00,2,3,13,A01
201200006315,0,07,000,00,2,3,01,B01
201200006316,0,07,000,00,2,2,15,A01
201200006316,0,07,000,00,2,1,01,B01
201200006317,1,17,000,00,2,3,09,Z01
201200006317,0,07,000,00,2,2,01,A01
201200006318,0,02,000,06,2,6,02,A01
201200006318,0,02,000,00,2,2,02,B01
201200006319,0,33,000,00,2,1,01,A01
201200006319,1,03,000,00,2,2,15,Z01
201200006320,0,07,000,00,2,3,09,A01
201200006320,0,01,000,00,2,2,01,B01
201200006321,0,07,000,00,2,4,23,B01
201200006321,0,07,000,09,2,3,14,A01
201200006322,0,33,000,00,2,1,01,A01
201200006322,0,07,000,00,2,7,01,B01
201200006323,0,10,000,00,2,7,15,B01
201200006323,0,07,000,00,2,1,01,A01
201200006324,0,02,000,11,0,3,21,A01
201200006324,1,07,000,00,0,0,00,Z01
201200006325,0,07,000,13,0,3,13,A01
201200006326,0,07,000,00,2,4,23,A01
201200006326,1,07,000,14,2,1,02,Z01
201200006327,0,07,000,00,2,7,01,A01
201200006327,0,07,000,00,2,3,16,B01
201200006328,0,07,000,00,1,1,16,A01
201200006329,0,07,000,00,2,3,15,A01
201200006329,0,33,000,00,2,1,01,B01
201200006330,0,07,000,14,0,1,02,A01
201200006330,0,07,000,00,2,4,23,B01
201200006331,0,07,000,09,0,1,13,A01
201200006332,0,07,000,00,0,4,01,A01
201200006332,1,07,000,00,2,1,02,Z01
201200006333,0,10,000,00,2,2,01,A01
201200006333,0,07,000,00,2,3,16,B01
201200006334,0,30,000,11,0,1,13,A01
201200006335,0,33,000,00,1,1,01,A01
201200006336,0,10,000,00,2,7,15,A01
201200006336,0,01,000,00,2,1,01,B01
201200006337,0,07,000,00,2,5,15,A01
201200006337,0,33,000,00,2,8,01,B01
201200006338,0,02,000,00,2,1,01,B01
201200006338,0,07,000,00,2,8,01,A01
201200006339,0,07,000,00,2,2,14,A01
201200006339,0,01,000,00,2,3,13,B01
201200006340,0,07,000,13,2,3,13,A01
201200006340,0,07,000,00,2,3,01,B01
201200006341,0,30,000,00,2,8,01,A01
201200006341,1,07,000,00,2,2,15,Z01
201200006342,0,02,000,00,2,1,17,A01
201200006342,0,07,000,00,2,3,15,B01
201200006343,0,01,000,00,2,6,01,A01
201200006343,1,07,000,00,2,3,02,Z01
201200006344,0,33,000,00,1,1,17,A01
201200006345,0,07,000,00,1,1,15,A01
201200006346,0,07,000,15,0,9,15,A01
201200006347,0,10,000,00,2,1,02,A01
201200006347,0,07,000,00,2,1,02,B01
201200006347,0,07,000,00,2,1,02,C01
201200006348,0,10,000,07,0,1,15,A01
201200006349,0,33,000,00,1,1,01,A01
201200006350,0,10,000,00,2,1,01,A01
201200006350,0,07,000,00,2,8,01,B01
201200006351,0,02,000,12,0,2,14,A01
201200006352,0,07,000,00,2,2,01,A01
201200006352,0,31,000,00,2,1,01,B01
201200006353,0,07,000,00,2,3,09,A01
201200006353,0,30,000,00,2,6,01,B01
201200006354,0,10,000,14,0,1,02,A01
201200006354,0,07,000,00,2,4,23,B01
201200006354,0,17,000,00,2,1,16,C01
201200006355,0,07,000,00,1,2,01,A01
201200006356,0,10,000,00,2,3,02,A01
201200006356,0,07,000,00,0,4,02,B01
201200006357,0,07,000,00,1,1,01,A01
201200006358,0,01,000,00,2,1,15,A01
201200006358,0,07,000,00,2,3,01,B01
201200006359,0,30,000,00,2,8,13,A01
201200006359,0,38,001,00,2,8,01,B01
201200006360,0,07,000,00,2,1,01,A01
201200006360,0,07,000,06,2,7,01,B01
201200006361,2,07,000,00,2,2,17,A01
201200006361,0,07,000,15,2,6,01,B01
201200006362,0,01,000,13,0,7,21,A01
201200006362,1,07,000,00,0,0,13,Z01
201200006363,0,02,000,00,2,2,17,A01
201200006363,0,10,000,00,2,3,15,B01
201200006364,0,07,000,00,1,1,15,A01
201200006365,0,02,000,00,2,1,02,A01
201200006365,0,10,000,00,2,4,02,B01
201200006366,0,33,000,13,0,1,13,A01
201200006366,1,99,000,00,2,8,01,Z01
201200006367,2,07,000,00,1,1,01,A01
201200006368,0,07,000,00,2,7,16,A01
201200006368,0,02,000,00,2,1,01,B01
201200006369,0,07,000,00,1,1,01,A01
201200006370,0,07,000,00,1,1,15,A01
201200006371,0,07,000,00,2,2,09,A01
201200006371,0,01,000,00,2,2,01,B01
201200006372,0,33,000,00,2,1,01,B01
201200006372,0,15,000,00,2,5,15,A01
201200006373,0,02,000,12,2,2,17,A01
201200006373,0,07,000,00,2,6,01,B01
201200006374,0,07,000,00,1,4,04,A01
201200006375,0,07,000,00,1,1,01,A01
201200006376,0,07,000,00,2,3,15,A01
201200006376,0,02,000,00,2,1,01,B01
201200006377,0,30,000,00,2,1,01,A01
201200006377,0,07,000,00,2,3,15,B01
201200006378,0,30,000,00,2,6,01,A01
201200006378,1,07,000,00,2,2,15,Z01
201200006379,0,07,000,00,2,1,09,A01
201200006379,0,01,000,00,2,2,01,B01
201200006380,1,07,000,00,0,0,09,Z01
201200006380,0,30,000,00,0,7,21,A01
201200006381,0,07,000,00,2,7,13,A01
201200006381,0,07,000,00,2,1,01,B01
201200006382,0,07,000,00,2,1,01,A01
201200006382,0,07,000,00,2,1,01,B02
201200006383,0,07,000,00,0,0,01,A01
201200006383,0,01,000,00,0,0,01,B02
201200006384,0,07,000,00,2,1,13,A01
201200006384,0,07,000,00,2,3,01,B02
201200006385,0,14,000,00,0,9,01,A01
201200006386,0,07,000,00,0,7,01,A01
201200006386,0,07,000,00,0,1,01,B02
201200006387,0,07,000,00,2,1,01,B02
201200006387,0,14,000,00,2,3,01,A01
201200006388,0,07,000,00,2,1,13,A01
201200006388,0,38,000,02,2,3,01,B02
201200006389,0,14,000,00,1,4,04,A01
201200006390,0,07,000,13,0,2,01,A01
201200006391,0,07,000,00,2,1,01,B02
201200006391,0,07,000,00,2,1,15,A01
201200006392,0,07,000,00,2,2,17,A01
201200006392,0,21,000,00,2,3,15,B02
201200006393,0,14,000,00,1,0,19,A01
201200006394,0,07,000,00,0,0,01,B02
201200006394,0,07,000,00,0,2,15,A01
201200006395,0,07,000,02,0,8,00,A01
201200006396,0,21,000,00,0,8,01,B02
201200006396,0,33,000,00,0,7,17,A01
201200006397,0,07,000,00,1,1,01,A01
201200006398,0,07,000,00,1,3,09,A01
201200006399,0,07,000,00,0,3,00,A01
201200006399,0,07,000,00,2,1,19,B02
201200006400,0,30,000,00,0,0,00,A01
201200006401,0,07,000,00,0,7,01,A01
201200006401,0,30,000,00,2,0,01,B02
201200006402,0,07,000,02,0,1,01,A01
201200006403,0,07,000,00,1,2,00,B02
201200006403,0,07,000,00,1,1,01,A01
201200006404,0,07,000,00,2,1,13,A01
201200006404,0,07,000,00,2,1,01,B02
201200006405,0,33,000,00,6,1,01,A01
201200006406,0,07,000,03,0,2,01,A01
201200006407,0,07,000,00,2,3,13,A01
201200006407,0,07,000,00,2,3,01,B02
201200006408,0,07,000,00,2,3,01,B02
201200006408,0,07,000,00,2,1,13,A01
201200006409,0,17,000,00,2,6,23,B02
201200006409,0,07,000,01,0,2,00,A01
201200006410,0,07,000,03,0,3,01,B02
201200006410,0,10,000,03,0,0,17,A01
201200006411,0,07,000,00,1,1,14,A01
201200006412,0,07,000,00,2,2,01,A01
201200006412,0,01,000,00,2,8,19,B02
201200006413,0,07,000,00,2,5,15,A01
201200006413,0,30,000,00,2,0,01,B02
201200006414,0,15,000,00,2,1,01,B02
201200006414,0,07,000,00,2,7,01,A01
201200006415,0,07,000,00,0,2,01,A01
201200006416,0,07,000,02,0,2,01,A01
201200006417,0,07,000,02,0,1,01,A01
201200006418,0,07,000,13,6,1,21,A01
201200006419,0,07,000,00,2,2,01,B02
201200006419,0,33,000,00,2,1,01,A01
201200006420,0,07,000,00,2,8,17,A01
201200006420,0,33,000,00,2,7,17,B02
201200006421,0,31,000,00,6,1,01,A01
201200006422,0,07,000,01,0,1,13,A01
201200006423,0,33,000,00,0,2,01,A01
201200006424,0,07,000,00,1,2,01,A01
201200006425,0,07,000,00,2,3,01,A01
201200006425,0,15,000,00,0,0,15,B02
201200006426,0,30,000,00,0,0,01,A01
201200006427,0,07,000,00,6,2,01,A01
201200006428,0,07,000,00,2,3,01,B02
201200006428,0,07,000,00,2,3,13,A01
201200006429,0,07,000,16,0,1,01,A01
201200006430,0,33,000,00,0,1,01,A01
201200006431,0,17,000,00,1,5,21,A01
201200006432,0,07,000,13,0,1,01,A01
201200006433,0,07,000,00,2,1,13,A01
201200006433,0,07,000,00,2,3,01,B02
201200006434,0,07,000,00,2,2,01,A01
201200006434,0,07,000,00,2,3,01,B02
201200006435,0,14,000,00,2,3,19,A01
201200006435,0,07,000,00,2,1,01,B02
201200006436,0,07,000,00,2,1,01,B02
201200006436,0,07,000,00,2,3,17,A01
201200006437,0,07,000,00,0,3,00,A01
201200006437,0,10,000,00,0,3,00,B02
201200006438,0,07,000,00,0,3,09,A01
201200006438,0,15,000,00,2,2,01,B02
201200006439,0,07,000,02,0,2,13,A01
201200006440,0,07,000,00,2,2,01,B02
201200006440,0,07,000,00,2,6,13,A01
201200006441,0,07,000,00,1,1,01,A01
201200006442,0,07,000,00,0,9,21,A01
201200006443,0,07,000,00,2,1,02,A01
201200006443,0,30,000,00,0,4,13,B02
201200006444,0,01,000,00,2,3,01,A01
201200006444,0,07,000,00,2,8,01,B02
201200006445,0,14,000,13,0,0,02,B02
201200006445,0,10,000,13,0,0,17,A01
201200006446,0,02,000,15,0,1,21,A01
201200006447,0,07,000,00,2,1,01,B02
201200006447,0,07,000,00,2,1,06,A01
201200006448,0,10,000,00,0,2,17,B02
201200006448,0,07,000,00,2,3,01,C03
201200006448,0,21,000,00,2,6,01,A01
201200006449,0,07,000,05,0,3,00,A01
201200006450,0,07,000,06,0,1,01,A01
201200006451,0,10,000,00,2,1,01,A01
201200006451,0,02,000,00,2,1,13,B02
201200006452,0,07,000,00,2,2,19,A01
201200006452,0,07,000,00,2,3,01,B02
201200006453,0,21,000,00,0,0,00,B02
201200006453,0,99,000,00,2,4,02,C03
201200006453,0,07,000,00,2,1,02,A01
201200006454,0,30,000,00,2,1,15,A01
201200006454,0,07,000,00,2,1,01,B02
201200006455,0,07,000,00,0,1,01,A01
201200006456,0,07,000,02,0,9,01,A01
201200006457,0,07,000,02,0,1,01,A01
201200006458,0,33,000,16,0,7,01,A01
201200006459,0,15,000,00,2,5,23,B02
201200006459,0,33,000,00,2,1,01,A01
201200006460,0,33,000,13,0,1,01,A01
201200006461,0,07,000,00,2,2,21,B02
201200006461,0,01,000,00,2,6,01,A01
201200006462,0,07,000,02,0,1,01,A01
201200006463,0,14,000,06,2,5,17,A01
201200006463,0,14,000,00,2,8,01,B02
201200006464,0,34,000,03,0,8,01,A01
201200006465,0,07,000,13,0,9,01,A01
201200006466,1,07,000,15,0,3,00,A01
201200006467,0,17,000,00,2,2,02,B02
201200006467,0,07,000,00,2,8,10,A01
201200006468,0,30,000,00,2,1,01,B02
201200006468,0,07,000,00,9,1,01,A01
201200006469,0,07,000,00,2,2,15,A01
201200006469,0,01,000,00,2,1,01,B02
201200006470,0,07,000,00,2,3,13,A01
201200006470,0,07,000,00,2,3,01,B02
201200006471,0,07,000,12,2,7,01,A01
201200006471,0,07,000,00,2,1,01,B02
201200006472,0,07,000,06,0,9,14,A01
201200006473,0,03,000,13,0,3,01,A01
201200006474,0,07,000,02,0,3,13,A01
201200006475,0,07,000,13,0,1,13,A01
201200006476,0,07,000,00,2,6,20,A01
201200006476,0,17,000,01,0,6,01,B02
201200006477,0,07,000,09,0,3,13,A01
201200006478,0,07,000,00,2,3,01,B02
201200006478,0,01,000,00,2,1,13,A01
201200006479,0,07,000,06,0,1,00,A01
201200006480,0,07,000,13,6,1,01,A01
201200006481,0,07,000,00,1,3,16,A01
201200006482,0,01,000,00,2,1,01,A01
201200006482,0,07,000,00,2,3,16,B02
201200006483,0,30,000,01,0,1,02,A01
201200006483,0,07,000,00,2,5,02,B02
201200006484,0,31,000,00,2,0,15,A01
201200006485,0,33,000,00,2,1,17,A01
201200006485,0,07,000,00,2,3,01,B02
201200006486,0,07,000,00,0,3,00,A01
201200006486,0,07,000,00,0,2,00,B02
201200006487,0,07,000,00,2,1,02,A01
201200006487,0,07,000,00,2,4,15,B02
201200006488,0,15,000,00,0,7,01,A01
201200006489,0,07,000,08,0,1,01,A01
201200006490,0,07,000,00,0,6,10,A01
201200006490,0,33,000,00,2,8,01,B02
201200006491,0,07,000,02,0,9,01,A01
201200006492,0,07,000,13,0,1,01,A01
201200006493,0,36,000,00,2,1,02,A01
201200006493,0,36,000,00,2,4,16,B02
201200006494,0,07,000,02,0,8,00,A01
201200006495,2,07,000,12,0,3,01,A01
201200006496,0,14,000,00,1,3,24,A01
201200006497,0,31,000,00,2,3,13,A01
201200006497,0,07,000,00,2,3,01,B02
201200006498,0,07,000,00,0,3,15,A01
201200006498,0,33,000,00,2,1,17,B02
201200006499,0,14,000,00,2,2,01,B02
201200006499,0,30,000,00,2,1,01,A01
201200006500,0,10,000,02,0,1,14,A01
201200006501,0,07,000,00,2,8,19,A01
201200006501,0,07,000,00,2,1,01,B02
201200006502,0,07,000,07,0,8,18,A01
201200006503,0,33,000,16,2,8,23,A01
201200006504,0,07,000,00,2,3,01,A01
201200006504,0,30,000,00,2,1,19,B02
201200006505,0,07,000,06,2,2,17,A01
201200006505,0,01,000,00,2,3,15,B02
201200006506,0,33,000,02,0,0,00,A01
201200006507,0,31,000,00,2,3,01,A01
201200006507,0,07,000,00,2,3,01,B02
201200006508,0,02,000,15,0,1,14,A01
201200006509,0,07,000,00,2,3,13,A01
201200006509,0,07,000,00,2,3,01,B02
201200006510,0,30,000,12,0,0,21,A01
201200006511,0,02,000,00,2,1,13,A01
201200006511,0,07,000,00,2,3,01,B02
201200006512,0,07,000,02,6,1,01,A01
201200006513,0,07,000,00,1,2,00,A01
201200006514,0,07,000,00,2,2,17,A01
201200006514,0,02,000,00,0,8,15,B02
201200006515,0,10,000,03,0,9,01,A01
201200006516,0,33,000,13,0,1,01,A01
201200006517,0,36,000,00,0,8,01,A01
201200006518,0,07,000,00,0,8,15,A01
201200006518,0,33,000,00,2,1,01,B02
201200006519,0,07,000,00,0,4,23,A01
201200006519,0,30,000,00,2,1,02,B02
201200006520,0,17,000,00,0,2,01,A01
201200006521,0,10,000,00,2,1,01,A01
201200006521,0,21,000,00,2,2,15,B02
201200006522,0,07,000,00,6,1,01,A01
201200006523,0,07,000,00,2,1,17,B02
201200006523,0,10,000,00,2,1,01,A01
201200006524,0,07,000,00,2,2,15,A01
201200006524,0,10,000,00,2,1,01,B02
201200006525,0,07,000,00,2,3,16,A01
201200006525,0,02,000,00,2,1,01,B02
201200006526,0,07,000,00,2,1,01,A01
201200006526,0,21,000,00,2,3,01,B02
201200006527,0,02,000,00,2,7,15,A01
201200006527,0,07,000,00,2,1,01,B02
201200006528,0,10,000,08,0,1,13,A01
201200006529,0,33,000,00,0,1,01,A01
201200006530,0,99,000,00,2,2,14,A01
201200006530,0,99,000,00,2,1,14,B02
201200006531,0,10,000,13,0,1,01,A01
201200006532,0,07,000,00,2,3,13,A01
201200006532,0,07,000,00,2,8,21,B02
201200006533,0,07,000,00,2,6,15,A01
201200006533,0,02,000,00,2,1,01,B02
201200006534,0,07,000,00,2,1,17,A01
201200006534,0,38,000,00,2,6,01,C03
201200006534,0,07,000,00,2,1,01,B02
201200006535,0,33,000,00,0,8,01,A01
201200006536,0,07,000,00,1,3,01,A01
201200006537,0,07,000,00,2,1,01,A01
201200006537,0,07,000,00,2,8,19,B02
201200006538,0,07,000,00,2,3,13,A01
201200006538,0,07,000,00,2,3,01,B02
201200006539,0,33,000,00,6,1,01,A01
201200006540,0,07,000,00,0,0,13,A01
201200006541,0,07,000,13,0,0,01,A01
201200006542,0,07,000,00,2,1,01,A01
201200006542,0,07,000,00,2,3,01,B02
201200006543,0,07,000,00,2,1,13,A01
201200006543,0,07,000,00,2,1,01,B02
201200006544,0,07,000,00,2,3,13,A01
201200006544,0,10,000,00,2,3,01,B02
201200006545,0,07,000,00,4,5,01,A01
201200006546,0,07,000,00,2,1,01,B02
201200006546,0,07,000,00,2,1,13,A01