Num_Acc,senc,catv,occutc,obs,obsm,choc,manv,num_veh
201200006547,0,07,000,00,2,7,13,A01
201200006547,0,07,000,00,2,1,01,B02
201200006548,0,30,000,00,0,8,14,A01
201200006549,0,31,000,00,2,1,05,A01
201200006549,0,07,000,00,2,3,01,B02
201200006550,0,07,000,02,0,7,01,A01
201200006551,0,02,000,00,0,1,14,A01
201200006551,0,07,000,00,0,1,01,B02
201200006552,0,07,000,00,2,4,15,B02
201200006552,0,31,000,00,2,1,01,A01
201200006553,0,10,000,00,1,5,04,A01
201200006554,0,33,000,00,0,1,14,A01
201200006555,0,07,000,04,0,2,01,A01
201200006556,1,07,000,00,1,0,00,A01
201200006557,0,07,000,16,0,9,01,A01
201200006558,0,30,000,00,2,1,13,A01
201200006558,0,07,000,00,2,1,01,B02
201200006559,0,33,000,00,2,1,02,A01
201200006559,0,07,000,00,0,6,02,B02
201200006560,0,07,000,00,2,3,13,A01
201200006560,0,17,000,00,2,3,01,B02
201200006561,0,07,000,00,2,3,01,A01
201200006561,0,07,000,00,2,3,01,B02
201200006562,0,30,000,06,0,1,01,A01
201200006563,1,07,000,00,2,1,13,A01
201200006563,0,30,000,00,0,1,00,B02
201200006564,0,10,000,00,0,0,15,A01
201200006565,0,33,000,00,0,7,01,A01
201200006566,0,07,000,02,0,7,01,A01
201200006567,0,14,000,00,2,1,01,A01
201200006567,0,14,000,00,2,1,01,B02
201200006568,0,07,000,00,2,2,01,B02
201200006568,0,02,000,00,2,2,13,A01
201200006569,0,07,000,13,0,9,01,A01
201200006570,0,07,000,00,2,7,13,A01
201200006570,0,07,000,00,2,7,01,B02
201200006570,0,07,000,00,2,2,01,C03
201200006571,0,07,000,00,9,8,15,A01
201200006571,0,01,000,00,2,1,01,B02
201200006571,0,01,000,00,2,1,01,C03
201200006571,0,01,000,00,2,1,01,D04
201200006572,0,07,000,00,2,1,02,A01
201200006572,0,07,000,00,2,5,16,B02
201200006573,0,07,000,00,2,2,17,A01
201200006573,0,15,000,00,2,2,01,B02
201200006574,0,33,000,08,0,1,01,A01
201200006575,0,15,000,00,0,8,13,A01
201200006576,0,07,000,00,1,2,01,A01
201200006577,0,10,000,00,2,1,13,A01
201200006577,0,07,000,00,2,8,01,C02
201200006577,0,07,000,00,2,8,01,B03
201200006578,0,07,000,00,2,2,01,A02
201200006578,0,30,000,00,2,1,15,B01
201200006579,0,07,000,00,1,2,01,A01
201200006580,0,07,000,00,2,3,01,A01
201200006580,0,15,000,00,2,3,01,B02
201200006581,0,07,000,00,2,3,01,B02
201200006581,0,30,000,00,2,1,15,A01
201200006582,0,07,000,00,2,3,15,A01
201200006582,0,01,000,00,2,7,01,B02
201200006583,0,07,000,00,1,2,01,A01
201200006584,0,31,000,00,0,0,00,A01
201200006585,0,14,000,00,0,1,01,A01
201200006586,0,37,017,00,2,3,01,B02
201200006586,0,30,000,00,2,3,13,A01
201200006587,0,07,000,00,2,3,01,A01
201200006587,0,07,000,00,2,2,09,B02
201200006588,0,07,000,00,2,3,13,A01
201200006588,0,14,000,00,2,3,01,B02
201200006589,0,07,000,00,2,1,13,A01
201200006589,0,07,000,00,2,1,01,B02
201200006590,1,07,000,00,1,2,01,A01
201200006591,0,07,000,02,0,3,01,A01
201200006592,0,07,000,00,2,1,13,A01
201200006592,0,07,000,00,2,3,01,B02
201200006593,0,07,000,00,2,3,09,B02
201200006593,0,01,000,00,2,1,01,A01
201200006594,0,07,000,00,2,3,09,A01
201200006594,0,30,000,00,2,2,16,B02
201200006595,0,07,000,00,2,3,13,A01
201200006595,0,07,000,00,2,3,01,B02
201200006596,0,01,000,00,2,0,18,B02
201200006596,0,15,000,00,1,5,16,A01
201200006597,0,07,000,00,1,2,01,A01
201200006598,0,07,000,02,0,1,01,A01
201200006599,0,07,000,02,0,3,01,A01
201200006600,0,07,000,02,0,1,01,A01
201200006601,0,07,000,02,0,8,05,A01
201200006602,0,07,000,00,2,7,17,A01
201200006602,0,07,000,00,2,7,17,C03
201200006602,0,07,000,00,2,3,01,B02
201200006603,0,32,000,14,0,1,01,A01
201200006604,0,01,000,00,0,0,11,A01
201200006605,0,02,000,00,1,1,01,A01
201200006606,0,07,000,00,2,2,19,A01
201200006606,0,31,000,00,2,3,01,B02
201200006607,0,07,000,00,2,1,02,A01
201200006607,0,07,000,00,2,4,02,B02
201200006608,0,33,000,01,0,1,01,A01
201200006609,0,33,000,02,0,3,01,A01
201200006610,0,07,000,03,0,9,01,A01
201200006611,0,33,000,00,0,1,01,A01
201200006612,0,07,000,16,1,9,01,A01
201200006613,0,07,000,00,2,8,13,A01
201200006613,0,07,000,00,2,1,01,B02
201200006613,0,07,000,00,2,8,01,C03
201200006614,0,07,000,00,0,9,01,A01
201200006615,0,07,000,00,1,1,01,A01
201200006616,0,07,000,00,2,2,01,B02
201200006616,0,07,000,00,2,1,01,C03
201200006616,0,07,000,00,2,2,03,A01
201200006617,0,07,000,13,0,2,00,A01
201200006618,0,33,000,00,2,1,02,B02
201200006618,0,07,000,00,0,8,10,A01
201200006619,0,07,000,13,0,2,14,A01
201200006620,0,02,000,00,2,8,13,A01
201200006620,0,07,000,00,2,8,05,B02
201200006621,0,07,000,00,2,1,15,B02
201200006621,0,30,000,00,2,8,16,A01
201200006622,0,07,000,00,2,7,15,A01
201200006622,0,31,000,00,2,1,01,B02
201200006623,0,07,000,00,2,1,09,A01
201200006623,0,07,000,00,2,1,01,C03
201200006623,0,07,000,00,2,3,01,B02
201200006624,0,07,000,00,6,1,01,A01
201200006625,0,10,000,00,1,3,01,A01
201200006626,0,10,000,00,1,2,16,A01
201200006627,0,07,000,00,1,2,01,A01
201200006628,0,15,000,00,2,7,16,A01
201200006628,0,01,000,00,2,8,16,B02
201200006629,0,30,000,00,2,1,01,B02
201200006629,0,07,000,00,2,2,01,A01
201200006630,0,30,000,00,2,4,15,B02
201200006630,0,33,000,00,2,1,17,A01
201200006631,0,07,000,00,2,8,01,C03
201200006631,0,07,000,00,2,1,17,A01
201200006631,0,07,000,00,2,1,01,B02
201200006632,0,07,000,02,0,7,17,A01
201200006633,0,07,000,00,2,1,01,B02
201200006633,0,02,000,00,2,3,01,A01
201200006634,0,07,000,00,1,2,01,A01
201200006635,0,07,000,00,2,2,01,A01
201200006635,0,30,000,00,2,1,00,B02
201200006636,0,07,000,00,2,1,01,B02
201200006636,0,07,000,00,2,1,13,A01
201200006637,0,15,000,00,0,6,23,A01
201200006637,0,02,000,01,0,1,01,B02
201200006638,0,02,000,00,2,7,01,B02
201200006638,0,10,000,00,2,3,16,A01
201200006639,0,07,000,00,2,3,19,B02
201200006639,0,33,000,00,2,1,01,A01
201200006640,0,10,000,00,2,8,01,B02
201200006640,0,07,000,00,2,1,15,A01
201200006641,0,07,000,02,0,7,01,A01
201200006642,0,33,000,00,0,7,01,A01
201200006643,0,01,000,00,0,0,00,B02
201200006643,0,07,000,00,9,7,17,A01
201200006644,0,07,000,00,2,1,01,A01
201200006644,0,07,000,00,2,1,01,B02
201200006645,0,07,000,00,1,3,01,A01
201200006646,0,14,000,01,0,6,01,A01
201200006647,0,07,000,00,9,1,01,B02
201200006647,0,01,000,00,2,1,13,A01
201200006648,0,31,000,00,2,6,01,A01
201200006648,0,07,000,00,0,6,01,B02
201200006649,0,07,000,00,2,1,13,A01
201200006649,0,07,000,00,2,1,01,B02
201200006650,0,07,000,00,2,3,13,A01
201200006650,0,07,000,00,2,3,00,B02
201200006651,0,07,000,00,2,1,01,A01
201200006651,0,02,000,00,2,8,01,B02
201200006652,0,10,000,00,2,1,02,A01
201200006652,0,15,000,00,2,6,02,B02
201200006653,0,07,000,00,2,8,13,B02
201200006653,0,07,000,00,2,3,01,A01
201200006654,0,31,000,00,2,1,01,B02
201200006654,0,07,000,00,0,6,19,A01
201200006655,0,33,000,00,2,1,01,B02
201200006655,0,07,000,00,2,3,11,A01
201200006656,0,07,000,02,0,3,19,A01
201200006657,0,15,000,00,2,7,16,B02
201200006657,0,30,000,00,2,7,16,A01
201200006658,0,07,000,02,0,7,00,A01
201200006659,0,07,000,00,0,3,01,A01
201200006660,0,10,000,00,0,1,01,A01
201200006661,0,07,000,00,1,2,01,A01
201200006662,0,07,000,02,0,2,01,A01
201200006663,0,02,000,00,2,1,15,A01
201200006663,0,07,000,00,2,7,01,B02
201200006664,0,01,000,00,0,1,16,B02
201200006664,0,07,000,00,9,2,15,A01
201200006665,0,14,000,00,2,5,02,B02
201200006665,0,30,000,00,2,8,02,A01
201200006666,0,07,000,00,2,5,15,A01
201200006666,0,33,000,00,2,1,01,B02
201200006667,0,07,000,00,2,1,12,B02
201200006667,0,01,000,00,2,8,05,A01
201200006668,0,07,000,00,0,9,01,A01
201200006669,0,07,000,00,2,1,01,B02
201200006669,0,07,000,14,0,4,02,A01
201200006670,0,07,000,00,2,8,01,A01
201200006670,0,07,000,00,2,7,03,B02
201200006671,0,02,000,00,2,1,01,B02
201200006671,0,07,000,00,2,7,15,A01
201200006672,0,37,000,00,0,0,01,A01
201200006673,0,10,000,00,0,9,01,A01
201200006674,0,07,000,02,0,1,01,A01
201200006675,0,07,000,00,2,2,01,A01
201200006675,0,07,000,00,2,4,19,B02
201200006676,0,30,000,00,0,8,15,A01
201200006677,0,33,000,00,2,3,17,A01
201200006677,0,21,000,00,2,8,01,B02
201200006678,0,07,000,02,0,1,01,A01
201200006679,0,07,000,00,9,2,24,B02
201200006679,0,01,000,01,0,1,00,A01
201200006680,0,10,000,00,2,2,01,A01
201200006680,0,07,000,00,2,3,01,B02
201200006681,0,07,000,00,2,3,01,A01
201200006681,0,07,000,00,2,1,01,B02
201200006682,0,07,000,02,0,1,01,A01
201200006683,0,07,000,00,2,1,01,A01
201200006683,0,07,000,00,2,3,01,B02
201200006684,0,07,000,00,2,3,13,C03
201200006684,0,07,000,00,2,3,01,A01
201200006684,0,07,000,00,2,1,01,B02
201200006685,0,07,000,13,0,1,01,A01
201200006686,0,07,000,00,2,1,19,A01
201200006686,0,07,000,00,2,3,01,B02
201200006687,0,14,000,00,2,2,01,A01
201200006687,0,14,000,00,2,3,09,B02
201200006688,0,07,000,02,0,3,13,A01
201200006689,0,01,000,00,2,4,11,B02
201200006689,0,07,000,00,2,2,01,A01
201200006690,0,07,000,09,0,2,01,A01
201200006691,0,07,000,00,2,3,01,B02
201200006691,0,07,000,02,2,6,01,A01
201200006692,0,07,000,00,1,3,15,A01
201200006693,0,07,000,06,5,1,21,A01
201200006694,0,07,000,08,0,1,02,A01
201200006695,0,07,000,00,1,1,01,A01
201200006696,0,10,000,00,2,1,05,B02
201200006696,0,02,000,00,2,1,01,A01
201200006697,0,07,000,00,2,1,02,A01
201200006697,0,07,000,00,2,1,21,C03
201200006697,0,30,000,00,2,4,02,B02
201200006698,0,07,000,00,2,1,10,A01
201200006698,0,31,000,00,2,3,01,B02
201200006699,0,33,000,00,2,1,01,A01
201200006699,0,01,000,00,2,7,19,B02
201200006700,0,33,000,00,0,0,17,A01
201200006701,0,36,000,15,0,2,01,A01
201200006702,0,33,000,00,2,2,01,A01
201200006702,0,10,000,00,2,3,15,B02
201200006703,0,07,000,00,2,2,01,A01
201200006703,0,01,000,00,0,7,15,B02
201200006704,2,33,000,00,2,1,01,A01
201200006704,0,07,000,00,2,3,15,B02
201200006705,0,99,000,00,1,3,01,A01
201200006706,0,07,000,00,1,3,01,A01
201200006707,0,10,000,00,2,1,05,B02
201200006707,0,14,000,00,2,3,01,A01
201200006708,0,07,000,00,2,1,02,B02
201200006708,0,07,000,00,2,3,19,A01
201200006709,0,02,000,00,2,1,01,B02
201200006709,0,07,000,00,2,3,15,A01
201200006710,0,10,000,00,2,2,02,A01
201200006710,0,21,000,00,2,6,02,B02
201200006711,0,36,000,00,2,8,01,B02
201200006711,0,07,000,00,2,1,01,A01
201200006712,0,07,000,00,2,3,17,A01
201200006712,0,21,000,00,2,3,01,B02
201200006713,0,07,000,00,2,4,23,B02
201200006713,0,02,000,00,2,1,02,A01
201200006714,0,07,000,16,0,1,01,A01
201200006715,0,07,000,00,1,2,01,A01
201200006716,0,07,000,00,2,5,02,B02
201200006716,0,07,000,00,2,1,02,A01
201200006717,0,02,000,02,0,1,00,A01
201200006718,0,07,000,00,2,1,01,A01
201200006718,0,32,000,00,2,1,01,B02
201200006719,0,07,000,00,1,2,01,A01
201200006720,0,30,000,00,0,7,16,A01
201200006721,0,07,000,06,0,3,13,A01
201200006722,0,15,000,00,2,1,01,A01
201200006722,0,07,000,00,0,4,15,B02
201200006723,0,14,000,16,0,2,14,A01
201200006724,0,01,000,00,2,3,19,B02
201200006724,0,07,000,00,9,2,16,A01
201200006725,0,07,000,00,1,2,01,A01
201200006725,0,01,000,00,2,4,01,B02
201200006726,0,07,000,00,2,8,21,A01
201200006726,0,02,000,00,2,8,21,B02
201200006727,0,34,000,00,1,1,01,A01
201200006728,0,07,000,02,0,2,00,A01
201200006729,0,07,000,02,0,3,01,A01
201200006730,0,07,000,02,0,3,19,A01
201200006731,0,33,000,00,0,0,01,A01
201200006732,0,33,000,01,0,1,01,A01
201200006732,0,07,000,00,2,6,00,B02
201200006733,0,30,000,00,2,1,13,B02
201200006733,0,07,000,00,2,3,13,A01
201200006734,0,10,000,00,2,2,05,B02
201200006734,0,07,000,00,2,2,05,A01
201200006735,0,07,000,00,2,8,01,A01
201200006735,0,07,000,00,2,8,01,B02
201200006736,0,07,000,00,2,1,01,A01
201200006736,0,07,000,00,2,1,01,B02
201200006737,0,07,000,00,1,1,01,A01
201200006738,0,10,000,00,1,8,01,A01
201200006739,0,33,000,14,0,1,02,A01
201200006740,0,36,000,06,0,1,01,A01
201200006741,0,07,000,00,2,1,01,A01
201200006741,0,21,000,00,2,7,19,B02
201200006742,0,07,000,00,2,3,01,B02
201200006742,0,10,000,00,2,2,15,A01
201200006743,0,32,000,07,0,1,01,A01
201200006744,0,33,000,00,2,1,01,B02
201200006744,0,07,000,00,0,3,19,A01
201200006745,0,07,000,02,0,1,01,A01
201200006746,0,07,000,00,2,6,01,B02
201200006746,0,07,000,00,0,3,13,A01
201200006747,0,07,000,13,0,1,01,B02
201200006747,0,07,000,13,2,7,13,A01
201200006748,0,07,000,15,0,1,01,A01
201200006749,0,07,000,02,0,7,01,A01
201200006750,0,07,000,00,2,3,21,B02
201200006750,0,07,000,00,2,3,13,A01
201200006751,0,07,000,00,0,1,13,A01
201200006751,0,07,000,00,2,1,01,B02
201200006752,0,33,000,00,2,1,01,A01
201200006752,0,14,000,00,0,0,15,B02
201200006753,0,01,000,00,9,1,01,A01
201200006753,0,01,000,00,0,4,23,B02
201200006754,0,33,000,00,2,7,00,A01
201200006754,0,33,000,00,2,1,00,B02
201200006755,0,15,000,00,0,4,24,B02
201200006755,0,07,000,01,0,1,01,A01
201200006756,0,10,000,00,2,3,13,A01
201200006756,0,07,000,00,2,3,01,B02
201200006757,0,07,000,00,2,1,21,A01
201200006757,0,07,000,00,0,0,15,B02
201200006758,0,01,000,00,2,1,23,B02
201200006758,0,07,000,00,2,1,15,A01
201200006759,0,07,000,00,2,3,13,A01
201200006759,0,07,000,00,2,8,01,B02
201200006760,0,14,000,00,0,6,01,B02
201200006760,0,07,000,00,2,6,01,C03
201200006760,0,07,000,00,2,3,13,A01
201200006761,0,07,000,00,2,3,13,A01
201200006761,0,33,000,00,2,8,13,B02
201200006762,0,33,000,12,0,1,01,A01
201200006763,0,07,000,00,2,3,01,B02
201200006763,0,07,000,00,2,3,13,A01
201200006764,0,07,000,00,2,7,19,A01
201200006764,0,33,000,13,0,1,21,B02
201200006765,0,07,000,13,0,2,14,A01
201200006766,0,01,000,00,2,3,01,A01
201200006766,0,07,000,00,2,8,01,B02
201200006767,0,07,000,00,1,2,01,A01
201200006768,0,07,000,06,0,2,14,A01
201200006769,0,07,000,00,2,2,13,A01
201200006769,0,33,000,00,2,2,01,B02
201200006770,0,10,000,00,2,7,01,A01
201200006770,0,01,000,00,2,8,01,B02
201200006771,0,07,000,01,2,2,14,A01
201200006771,0,07,000,00,1,2,24,B02
201200006772,0,02,000,13,0,8,01,A01
201200006773,0,07,000,13,6,3,21,A01
201200006774,0,33,000,00,2,1,01,B02
201200006774,0,07,000,00,2,6,10,A01
201200006775,0,31,000,00,0,7,16,A01
201200006776,0,07,000,02,0,1,01,A01
201200006777,0,07,000,13,0,2,01,A01
201200006778,0,07,000,02,0,1,01,A01
201200006779,0,07,000,08,0,1,01,A01
201200006780,0,10,000,14,2,1,01,A01
201200006780,0,01,000,00,0,9,23,B02
201200006781,0,07,000,00,0,1,13,A01
201200006782,0,02,000,00,2,1,17,B02
201200006782,0,07,000,00,2,3,09,A01
201200006783,0,07,000,00,2,1,01,A01
201200006783,0,30,000,00,2,8,19,B02
201200006784,0,33,000,00,2,1,01,B02
201200006784,0,07,000,00,2,7,13,A01
201200006785,0,03,000,00,1,4,04,A01
201200006786,0,33,000,00,1,1,17,A01
201200006787,0,07,000,00,2,2,15,A01
201200006787,0,10,000,00,2,1,01,B02
201200006788,0,30,000,06,0,1,01,A01
201200006789,0,07,000,00,1,1,01,A01
201200006790,0,10,000,00,1,2,01,A01
201200006791,0,10,000,00,2,1,13,B02
201200006791,0,17,000,00,2,2,01,A01
201200006792,0,01,000,00,0,4,01,B02
201200006792,0,07,000,00,9,1,01,A01
201200006793,0,03,000,00,2,1,01,A01
201200006793,0,01,000,00,2,1,01,B02
201200006794,0,33,000,16,0,9,17,A01
201200006795,0,07,000,00,2,2,01,B02
201200006795,0,30,000,00,2,8,21,A01
201200006796,0,10,000,00,2,1,01,B02
201200006796,0,10,000,00,2,1,13,A01
201200006797,0,07,000,00,1,3,01,A01
201200006798,0,33,000,13,0,1,01,A01
201200006799,0,33,000,00,2,2,01,B02
201200006799,0,07,000,00,2,1,15,A01
201200006800,0,07,000,00,2,1,01,B02
201200006800,0,07,000,00,2,1,13,A01
201200006801,0,07,000,00,2,6,15,B02
201200006801,0,31,000,00,2,1,01,A01
201200006802,0,07,000,00,1,1,01,A01
201200006803,0,37,001,00,0,4,04,A01
201200006804,0,07,000,00,0,9,01,A01
201200006805,0,07,000,00,1,3,01,A01
201200006806,0,07,000,00,1,3,01,A01
201200006807,0,07,000,02,0,1,01,A01
201200006808,0,33,000,13,0,9,01,A01
201200006809,0,07,000,00,0,1,01,A01
201200006809,0,07,000,00,0,8,15,B02
201200006810,0,30,000,13,0,1,01,A01
201200006811,0,33,000,00,0,1,01,A01
201200006812,0,07,000,02,0,8,01,A01
201200006813,0,34,000,00,2,1,13,A01
201200006813,0,30,000,00,2,1,01,B02
201200006814,0,10,000,09,0,2,01,A01
201200006815,0,07,000,00,0,0,01,A01
201200006816,0,33,000,00,2,1,17,A01
201200006816,0,07,000,00,2,3,15,B02
201200006817,0,07,000,00,2,6,01,B02
201200006817,0,33,000,00,2,1,13,A01
201200006818,0,07,000,00,2,1,01,B02
201200006818,0,07,000,00,2,2,15,A01
201200006819,0,31,000,12,0,1,15,A01
201200006820,0,02,000,00,2,1,01,B02
201200006820,0,07,000,00,2,2,09,A01
201200006821,0,07,000,02,0,1,01,A01
201200006821,0,07,000,00,0,1,15,B02
201200006822,0,07,000,00,2,1,19,A01
201200006822,0,31,000,00,2,7,15,B02
201200006823,0,30,000,00,2,1,01,A01
201200006823,0,07,000,00,2,8,01,B02
201200006824,0,30,000,00,2,1,02,A01
201200006824,0,17,000,00,2,4,23,B02
201200006825,0,07,000,00,0,1,01,B02
201200006825,0,07,000,00,0,3,15,A01
201200006826,0,07,000,13,0,8,01,A01
201200006827,0,07,000,02,0,1,14,A01
201200006828,0,33,000,00,2,1,17,B02
201200006828,0,07,000,00,0,5,15,A01
201200006829,0,07,000,02,0,8,14,A01
201200006830,0,15,000,00,2,4,01,B02
201200006830,0,10,000,00,2,1,01,A01
201200006831,0,07,000,00,2,8,15,B02
201200006831,0,33,000,00,2,7,17,A01
201200006832,0,01,000,00,0,7,01,A01
201200006832,0,07,000,00,0,1,01,B02
201200006833,0,07,000,00,2,3,23,A01
201200006833,0,10,000,00,2,2,01,B02
201200006834,0,07,000,00,2,3,01,A01
201200006834,0,07,000,00,2,3,13,B02
201200006835,0,07,000,00,2,7,10,A01
201200006835,0,02,000,00,2,1,01,B02
201200006836,0,07,000,00,2,2,01,A01
201200006836,0,07,000,00,2,3,15,B02
201200006837,0,07,000,02,0,8,13,A01
201200006838,0,07,000,00,0,2,15,A01
201200006838,0,07,000,00,0,1,01,B02
201200006839,0,07,000,00,1,1,21,A01
201200006840,0,07,000,01,0,1,01,A01
201200006841,0,02,000,00,2,1,01,A01
201200006841,0,10,000,00,0,4,23,B02
201200006842,0,31,000,00,0,8,16,A01
201200006843,0,07,000,00,2,6,15,A01
201200006843,0,33,000,00,2,8,17,B02
201200006844,2,07,000,13,0,1,01,A01
201200006845,0,01,000,00,0,4,01,B02
201200006845,0,30,000,00,2,1,01,A01
201200006846,0,07,000,00,2,1,17,A01
201200006846,0,07,000,00,2,1,01,B02
201200006847,0,07,000,13,0,2,01,A01
201200006848,0,07,000,02,0,7,14,A01
201200006849,0,07,000,13,0,2,01,A01
201200006850,0,07,000,15,0,2,01,A01
201200006851,0,07,000,08,0,1,01,A01
201200006852,0,10,000,00,2,2,13,A01
201200006852,0,30,000,00,2,1,13,B02
201200006853,0,02,000,00,2,1,01,B02
201200006853,0,07,000,00,0,8,15,A01
201200006854,0,07,000,00,2,2,01,A01
201200006854,0,01,000,00,2,4,01,B02
201200006855,0,07,000,00,2,1,01,B02
201200006855,0,33,000,00,2,1,13,A01
201200006856,0,33,000,00,2,1,13,A01
201200006856,0,07,000,00,2,3,01,B02
201200006857,0,07,000,00,2,6,02,C03
201200006857,0,10,000,00,2,3,17,A01
201200006857,0,10,000,00,2,3,01,B02
201200006858,0,07,000,00,2,3,01,A01
201200006858,0,10,000,00,2,3,01,B02
201200006859,0,07,000,00,0,3,15,A01
201200006859,0,33,000,00,2,1,17,B02
201200006860,0,07,000,00,2,1,13,A01
201200006860,0,07,000,00,2,8,01,B02
201200006861,0,31,000,00,0,7,01,A01
201200006861,0,01,000,00,9,8,01,B02
201200006862,0,33,000,00,6,3,01,A01
201200006863,0,33,000,00,2,7,17,B02
201200006863,0,07,000,00,2,2,15,A01
201200006864,0,07,000,00,2,2,09,B02
201200006864,0,33,000,00,2,1,01,A01
201200006865,0,07,000,00,1,1,01,A01
201200006866,0,07,000,00,1,2,01,A01
201200006867,0,07,000,00,1,2,01,A01
201200006868,0,07,000,00,1,2,01,A01
201200006869,0,07,000,00,2,6,13,A01
201200006869,0,33,000,00,2,1,01,B02
201200006870,0,33,000,00,0,8,16,A01
201200006871,0,07,000,00,2,1,01,B02
201200006871,0,33,000,00,2,1,13,A01
201200006872,0,33,000,00,2,1,01,A01
201200006872,0,07,000,00,2,3,01,B02
201200006873,0,07,000,00,0,2,23,B02
201200006873,0,02,000,01,0,1,00,A01
201200006874,0,07,000,00,2,2,01,B02
201200006874,0,01,000,00,2,1,05,A01
201200006875,0,02,000,00,2,1,16,A01
201200006875,0,14,000,00,2,8,01,B02
201200006876,0,07,000,02,0,2,21,A01
201200006877,0,07,000,00,2,2,01,A01
201200006877,0,10,000,00,2,2,21,C03
201200006877,0,21,000,00,2,6,01,B02
201200006878,0,10,000,08,0,1,00,A01
201200006879,0,33,000,00,2,1,01,B02
201200006879,0,07,000,00,2,2,15,A01
201200006880,0,07,000,00,2,1,05,A01
201200006880,0,07,000,00,2,1,17,C03
201200006880,0,07,000,00,2,1,17,B02
201200006881,0,07,000,13,0,2,17,A01
201200006882,0,15,000,00,2,3,01,B02
201200006882,0,07,000,00,2,3,01,A01
201200006883,0,07,000,02,0,1,13,A01
201200006884,0,07,000,02,0,2,13,A01
201200006885,0,15,000,00,4,4,01,B02
201200006885,0,15,000,00,2,1,01,A01
201200006886,0,33,000,00,0,7,02,A01
201200006887,0,07,000,02,0,8,01,A01
201200006888,0,07,000,00,2,1,21,B02
201200006888,0,07,000,00,2,1,13,A01
201200006888,0,07,000,01,0,2,21,C03
201200006888,0,07,000,00,9,0,00,D04
201200006889,0,15,000,00,0,2,21,B02
201200006889,0,07,000,00,2,6,13,A01
201200006890,0,07,000,00,2,1,01,A01
201200006890,0,07,000,00,2,3,19,B02
201200006891,0,07,000,00,2,7,17,A01
201200006891,0,01,000,00,2,3,01,B02
201200006892,0,39,000,00,2,7,01,B02
201200006892,0,07,000,00,4,3,01,A01
201200006893,0,20,000,00,2,4,01,B02
201200006893,0,07,000,00,2,1,01,A01
201200006894,0,07,000,00,2,3,01,A01
201200006894,0,33,000,00,2,1,01,B02
201200006895,0,07,000,02,0,7,01,A01
201200006896,0,07,000,00,2,1,01,B02
201200006896,0,15,000,00,2,1,13,A01
201200006897,0,21,000,00,2,2,15,A01
201200006897,0,01,000,00,2,3,00,B02
201200006898,0,07,000,00,2,1,01,B02
201200006898,0,07,000,00,2,1,01,C03
201200006898,0,03,000,00,2,1,13,A01
201200006899,0,30,000,01,0,2,14,A01
201200006900,0,10,000,02,0,1,13,A01
201200006901,0,07,000,00,2,6,01,C01
201200006901,0,10,000,00,2,1,01,B02
201200006901,0,07,000,00,2,7,19,A03
201200006902,0,07,000,00,2,3,01,B02
201200006902,0,07,000,00,2,3,17,A01
201200006902,0,02,000,00,2,8,01,C03
201200006903,0,21,000,00,2,7,15,A01
201200006903,0,33,000,00,2,1,01,B02
201200006904,0,07,000,13,0,1,01,A01
201200006905,0,10,000,00,2,5,01,B02
201200006905,0,33,000,00,2,1,01,A01
201200006906,0,10,000,00,2,3,01,A01
201200006906,0,03,000,00,2,2,01,B02
201200006907,0,07,000,00,2,3,03,B02
201200006907,0,07,000,00,2,1,13,A01
201200006908,0,07,000,00,2,8,13,A01
201200006908,0,33,000,00,2,8,01,B02
201200006909,0,07,000,00,2,3,01,B02
201200006909,0,07,000,00,2,3,13,A01
201200006910,0,02,000,00,2,1,01,A01
201200006910,0,15,000,00,0,5,15,B02
201200006911,0,07,000,02,0,8,01,A01
201200006912,0,07,000,00,2,3,01,A01
201200006912,0,14,000,00,2,3,01,B02
201200006913,0,10,000,00,2,3,01,B02
201200006913,0,30,000,00,2,3,00,A01
201200006914,0,07,000,16,0,9,13,A01
201200006915,0,07,000,00,2,1,13,A01
201200006915,0,07,000,00,2,3,01,B02
201200006916,0,10,000,00,2,7,14,A01
201200006916,0,01,000,00,2,8,01,B02
201200006917,0,10,000,00,2,3,01,B02
201200006917,0,07,000,00,2,3,13,A01
201200006918,0,21,000,00,2,8,01,A01
201200006918,0,07,000,00,2,3,01,B02
201200006919,0,10,000,00,1,1,01,A01
201200006920,0,07,000,00,2,1,02,A02
201200006920,0,07,000,00,2,4,01,B01
201200006921,0,14,000,03,0,2,01,A01
201200006922,0,07,000,00,1,1,01,A01
201200006923,0,07,000,02,0,1,01,A01
201200006924,0,07,000,02,0,3,01,A01
201200006925,0,07,000,00,0,1,14,A01
201200006926,0,30,000,00,2,1,01,B02
201200006926,0,07,000,00,2,4,01,A01
201200006927,0,37,000,00,2,1,01,B02
201200006927,0,07,000,00,2,1,16,A01
201200006928,0,33,000,06,0,1,01,A01
201200006929,0,07,000,00,2,1,19,A01
201200006929,0,30,000,00,2,7,01,B02
201200006930,0,07,000,00,2,2,01,B02
201200006930,0,01,000,00,2,1,01,A01
201200006931,0,07,000,00,2,3,01,A01
201200006931,0,07,000,00,2,3,01,B02
201200006932,0,21,000,00,2,7,01,A01
201200006932,0,07,000,00,2,3,19,B02
201200006933,0,33,000,00,2,3,01,B01
201200006933,0,21,000,00,2,1,19,A02
201200006934,0,07,000,06,0,1,01,A01
201200006935,0,07,000,00,2,2,01,A01
201200006935,0,07,000,00,2,1,01,B02
201200006936,0,07,000,13,0,3,01,A01