Num_Acc,senc,catv,occutc,obs,obsm,choc,manv,num_veh
201200007337,0,01,000,01,0,1,01,B02
201200007337,0,07,000,00,2,3,22,A01
201200007338,0,33,000,06,0,1,01,A01
201200007339,0,07,000,00,1,2,01,A01
201200007340,0,10,000,00,1,3,01,A01
201200007341,0,10,000,06,0,1,01,A01
201200007342,0,07,000,00,1,2,01,A01
201200007343,0,07,000,00,1,3,01,A01
201200007344,0,33,000,02,0,3,14,A01
201200007345,0,31,000,06,0,1,01,A01
201200007346,0,01,000,00,0,0,01,A01
201200007347,0,07,000,00,2,1,15,B02
201200007347,0,30,000,00,2,1,01,A01
201200007348,0,17,000,00,2,7,01,A01
201200007348,0,07,000,00,2,1,01,B02
201200007349,0,07,000,06,0,7,01,A01
201200007350,0,33,000,13,0,0,21,A01
201200007351,0,07,000,00,1,4,04,A01
201200007352,0,07,000,03,0,9,00,A01
201200007353,0,07,000,06,0,3,01,A01
201200007354,0,07,000,00,2,7,15,A01
201200007354,0,33,000,00,2,1,01,B02
201200007355,0,07,000,00,0,2,02,A01
201200007355,0,01,000,00,0,6,02,B02
201200007356,0,02,000,00,2,1,01,B02
201200007356,0,17,000,00,2,8,15,A01
201200007357,0,07,000,00,2,3,13,A01
201200007357,0,17,000,00,2,3,01,B02
201200007358,0,07,000,00,2,2,01,B02
201200007358,0,02,000,00,2,8,19,A01
201200007359,0,07,000,06,0,2,13,A01
201200007360,0,33,000,11,0,1,06,A01
201200007361,0,07,000,00,2,1,01,B02
201200007361,0,07,000,00,2,8,19,A01
201200007362,0,07,000,03,0,2,14,A01
201200007363,0,07,000,00,2,3,13,A01
201200007363,0,17,000,00,2,3,01,B02
201200007364,0,03,000,00,0,0,13,A01
201200007365,0,15,000,00,2,1,01,A01
201200007365,0,07,000,00,0,4,02,B02
201200007366,0,10,000,06,0,3,00,A01
201200007367,0,33,000,00,9,6,00,A01
201200007367,0,33,000,00,9,0,00,B02
201200007368,0,02,000,00,0,0,14,A01
201200007369,0,01,000,00,2,1,15,A01
201200007369,0,07,000,00,2,1,01,B02
201200007370,0,07,000,00,1,2,01,A01
201200007371,0,07,000,00,2,2,15,A01
201200007371,0,02,000,00,2,1,01,B02
201200007372,0,10,000,06,0,1,01,A01
201200007373,0,02,000,00,2,1,13,A01
201200007373,0,03,000,00,2,1,01,B02
201200007374,0,07,000,00,2,1,19,A01
201200007374,0,07,000,00,2,1,01,B02
201200007375,0,07,000,13,0,2,01,A01
201200007376,0,07,000,00,1,1,01,A01
201200007377,0,07,000,00,2,3,13,A01
201200007377,0,07,000,00,2,2,01,B02
201200007378,0,07,000,02,0,3,01,A01
201200007379,0,07,000,00,0,2,16,A01
201200007379,0,07,000,00,0,2,16,B02
201200007380,0,07,000,00,2,1,01,A01
201200007380,0,07,000,00,2,8,19,B02
201200007381,0,07,000,00,2,1,19,A01
201200007381,0,07,000,00,2,1,01,B02
201200007382,0,07,000,00,0,3,19,A01
201200007383,0,01,000,13,0,1,01,A01
201200007384,0,07,000,00,2,3,13,A01
201200007384,0,31,000,00,2,1,01,B02
201200007385,0,07,000,00,2,3,02,A01
201200007385,0,99,000,00,2,5,02,B02
201200007386,0,07,000,00,1,1,01,A01
201200007387,0,07,000,00,2,3,19,A01
201200007387,0,02,000,00,2,1,01,B02
201200007388,0,07,000,00,2,1,02,A01
201200007388,0,07,000,00,2,4,02,B02
201200007389,0,07,000,13,0,3,01,A01
201200007390,0,33,000,00,0,8,01,A01
201200007391,0,30,000,00,2,3,01,A01
201200007391,0,07,000,00,2,3,01,B02
201200007392,0,07,000,00,2,1,13,A01
201200007392,0,07,000,00,2,1,01,B02
201200007392,0,07,000,00,2,1,02,C03
201200007393,0,07,000,00,0,1,01,A01
201200007394,0,07,000,00,2,2,02,A01
201200007394,0,07,000,00,2,6,02,B02
201200007395,0,07,000,00,2,1,00,A01
201200007395,0,07,000,00,0,3,15,B02
201200007396,0,07,000,02,0,1,01,A01
201200007397,0,10,000,00,2,8,13,A01
201200007397,0,07,000,00,2,1,01,B02
201200007398,0,07,000,00,2,1,05,A01
201200007398,0,07,000,00,2,1,01,B02
201200007399,0,07,000,14,0,9,01,A01
201200007400,0,07,000,00,2,1,15,A01
201200007400,0,07,000,00,2,3,01,B02
201200007401,0,07,000,00,2,2,01,A01
201200007401,0,07,000,00,2,1,01,B02
201200007402,0,07,000,00,2,1,01,A01
201200007402,0,02,000,00,2,8,01,B02
201200007403,0,07,000,00,2,3,01,A01
201200007403,0,07,000,00,2,3,01,B02
201200007404,0,33,000,03,0,2,01,A01
201200007405,0,07,000,00,2,1,01,A01
201200007405,0,01,000,00,2,7,19,B02
201200007406,0,07,000,13,0,1,01,A01
201200007407,0,07,000,08,0,1,01,A01
201200007408,0,07,000,00,1,1,01,A01
201200007409,0,07,000,13,0,9,01,A01
201200007410,0,07,000,00,1,1,01,A01
201200007411,0,07,000,00,2,1,01,A01
201200007411,0,07,000,00,2,3,15,B02
201200007412,0,14,000,00,2,3,13,A01
201200007412,0,07,000,00,2,8,01,B02
201200007412,0,07,000,00,2,3,01,C03
201200007413,0,07,000,00,1,7,01,A01
201200007414,0,07,000,00,2,1,19,A01
201200007414,0,07,000,13,0,8,01,B02
201200007415,0,07,000,00,2,1,13,A01
201200007415,0,07,000,00,2,1,01,B02
201200007416,0,07,000,08,0,5,13,A01
201200007417,0,31,000,00,2,1,13,A01
201200007417,0,07,000,00,2,8,01,B02
201200007418,0,07,000,08,0,7,01,A01
201200007419,0,01,000,00,2,4,15,A01
201200007419,0,07,000,00,2,1,02,B02
201200007420,0,07,000,06,0,1,01,A01
201200007421,0,10,000,01,0,6,01,A01
201200007421,0,10,000,00,2,4,01,B02
201200007422,0,07,000,06,0,2,14,A01
201200007423,0,07,000,00,2,1,01,A01
201200007423,2,07,000,00,2,7,19,B02
201200007424,0,07,000,00,2,3,01,A01
201200007424,0,07,000,00,2,1,01,B02
201200007425,0,07,000,07,2,2,01,B02
201200007425,0,14,000,00,0,8,23,C03
201200007425,0,07,000,00,2,3,01,A01
201200007426,0,07,000,00,2,2,01,A01
201200007426,0,07,000,00,2,3,01,B02
201200007427,2,07,000,00,1,0,00,Z01
201200007428,0,07,000,03,2,1,06,A01
201200007428,0,07,000,00,2,1,21,B02
201200007429,0,07,000,16,0,1,01,A01
201200007430,0,10,000,00,2,1,02,A01
201200007430,0,17,000,00,0,4,01,B02
201200007431,0,07,000,03,0,8,01,A01
201200007432,0,07,000,04,0,2,01,A01
201200007433,0,07,000,00,2,2,02,A01
201200007433,0,10,000,00,0,6,02,B02
201200007434,0,10,000,00,2,1,02,A01
201200007434,0,15,000,00,0,4,02,B02
201200007434,0,07,000,14,0,3,01,C03
201200007434,0,07,000,14,0,3,00,D04
201200007435,0,07,000,00,2,1,02,A01
201200007435,0,14,000,00,0,4,01,B02
201200007436,0,10,000,00,0,0,00,A01
201200007436,0,16,000,00,0,0,23,B02
201200007436,0,16,000,01,0,1,00,D04
201200007437,0,07,000,03,2,3,13,A01
201200007437,0,38,001,00,2,2,02,B02
201200007438,0,17,000,03,0,1,01,A01
201200007439,0,07,000,03,0,3,01,A01
201200007439,0,07,000,14,0,1,01,B02
201200007440,0,14,000,00,0,4,00,A01
201200007440,0,10,000,00,2,1,02,B02
201200007441,0,10,000,03,2,1,01,A01
201200007441,0,10,000,00,2,3,01,B02
201200007441,0,07,000,00,2,3,01,C03
201200007442,0,07,000,03,0,7,01,A01
201200007443,0,07,000,16,0,9,01,A01
201200007444,0,17,000,01,0,2,01,B02
201200007444,0,17,000,00,0,4,24,A01
201200007445,0,15,000,00,2,1,02,A01
201200007445,0,10,000,00,2,4,02,B02
201200007445,0,07,000,14,0,1,02,C03
201200007446,0,07,000,00,2,1,14,A01
201200007446,0,07,000,00,2,4,01,B02
201200007447,0,07,000,00,0,9,01,A01
201200007448,0,07,000,03,0,1,00,A01
201200007449,0,07,000,03,2,1,02,A01
201200007449,0,07,000,00,2,5,02,B02
201200007450,0,17,000,03,0,3,16,A01
201200007451,0,07,000,13,0,9,01,A01
201200007452,0,07,000,00,0,2,01,A01
201200007452,0,07,000,00,0,3,01,B02
201200007453,0,33,000,00,0,1,05,A01
201200007453,0,07,000,00,0,1,01,B02
201200007454,0,07,000,00,0,7,01,A01
201200007454,0,07,000,00,0,1,01,B02
201200007455,0,07,000,00,2,1,15,A01
201200007455,0,07,000,00,2,1,01,B02
201200007456,0,07,000,15,0,2,14,A01
201200007457,0,07,000,00,2,3,13,A01
201200007457,0,07,000,00,2,3,01,B02
201200007458,0,14,000,02,0,3,01,A01
201200007459,0,07,000,00,9,2,01,A01
201200007459,0,01,000,00,0,4,01,B02
201200007460,0,07,000,00,0,8,10,A01
201200007460,0,33,000,00,0,1,17,B02
201200007461,0,07,000,00,0,8,01,A01
201200007461,0,07,000,00,0,1,01,B02
201200007462,0,07,000,00,2,8,09,A01
201200007462,0,17,000,00,2,3,01,B02
201200007463,0,07,000,02,0,2,14,A01
201200007464,0,14,000,02,0,1,00,A01
201200007465,0,07,000,13,0,1,01,A01
201200007466,0,07,000,02,0,1,01,A01
201200007467,0,07,000,00,2,3,13,A01
201200007467,0,38,045,00,2,3,01,B02
201200007468,0,07,000,00,2,1,01,A01
201200007468,0,07,000,00,2,1,01,B02
201200007469,0,07,000,00,2,2,15,A01
201200007469,0,07,000,00,2,1,01,B02
201200007470,0,07,000,00,2,3,01,A01
201200007470,0,07,000,00,2,3,01,B02
201200007471,0,02,000,00,2,3,01,A01
201200007471,0,10,000,00,2,3,01,B02
201200007472,0,07,000,00,2,3,01,A01
201200007472,0,07,000,00,2,3,01,B02
201200007473,0,07,000,00,2,2,19,A01
201200007473,0,33,000,00,2,1,01,B02
201200007474,0,10,000,00,2,3,05,A01
201200007474,0,14,000,00,2,3,21,B02
201200007475,0,30,000,05,0,2,01,A01
201200007476,0,07,000,00,2,3,01,A01
201200007476,0,07,000,00,2,7,01,B02
201200007477,0,07,000,02,0,3,00,A01
201200007478,0,14,000,02,0,3,01,A01
201200007479,0,07,000,02,0,0,01,A01
201200007480,0,07,000,02,0,8,01,A01
201200007481,0,02,000,00,2,1,13,A01
201200007481,0,07,000,00,2,3,01,B02
201200007482,0,07,000,00,1,1,01,A01
201200007483,0,36,000,02,0,1,01,A01
201200007484,0,07,000,00,2,3,15,A01
201200007484,0,02,000,00,2,8,01,B02
201200007485,0,13,000,00,1,2,21,A01
201200007486,0,33,000,06,0,1,01,A01
201200007487,0,30,000,08,0,8,21,A01
201200007488,0,07,000,13,0,1,01,A01
201200007489,0,07,000,01,0,1,01,A01
201200007489,0,07,000,00,0,4,15,B02
201200007490,0,07,000,00,0,3,15,A01
201200007490,0,01,000,00,2,1,01,B02
201200007491,0,07,000,13,0,1,01,A01
201200007492,0,07,000,06,1,3,13,A01
201200007493,0,07,000,08,0,9,01,A01
201200007494,0,10,000,04,0,5,00,A01
201200007495,0,07,000,00,0,6,10,A01
201200007495,2,07,000,00,2,3,21,B02
201200007496,0,10,000,00,2,2,17,A01
201200007496,0,07,000,00,2,7,15,B02
201200007497,0,10,000,00,1,7,17,A01
201200007497,0,07,000,00,1,8,23,B02
201200007498,0,07,000,00,2,1,09,A01
201200007498,0,07,000,00,2,2,00,B02
201200007499,0,07,000,00,2,1,01,A01
201200007499,0,10,000,00,2,7,19,B02
201200007500,0,31,000,00,1,1,01,A01
201200007501,0,07,000,02,0,1,01,A01
201200007502,0,07,000,13,0,9,01,A01
201200007503,0,31,000,00,2,1,01,A01
201200007503,0,07,000,00,0,5,01,B02
201200007504,0,07,000,13,0,1,01,A01
201200007505,0,07,000,02,0,7,01,A01
201200007506,0,07,000,08,0,1,01,A01
201200007507,0,10,000,02,0,3,01,A01
201200007508,0,07,000,13,0,1,01,A01
201200007509,0,07,000,13,0,8,01,A01
201200007510,2,07,000,00,2,2,21,A01
201200007510,0,07,000,00,2,4,01,B02
201200007511,0,07,000,02,0,8,01,A01
201200007512,0,07,000,00,2,1,13,A01
201200007512,0,07,000,00,2,1,01,B02
201200007512,0,07,000,00,2,2,01,C03
201200007513,0,07,000,00,2,3,15,B02
201200007513,0,07,000,00,2,2,01,A01
201200007514,0,07,000,00,0,4,23,B02
201200007515,0,07,000,01,0,2,01,A01
201200007515,0,07,000,00,2,3,01,B02
201200007515,0,07,000,00,0,3,23,C03
201200007516,0,33,000,14,0,1,01,A01
201200007517,0,07,000,00,2,3,17,A01
201200007517,0,30,000,00,2,1,01,B02
201200007518,0,33,000,16,0,1,17,A01
201200007519,0,07,000,00,2,3,13,A01
201200007519,0,07,000,00,2,3,01,B02
201200007520,0,07,000,00,1,1,01,A01
201200007521,0,07,000,16,0,1,14,A01
201200007522,0,07,000,00,2,1,13,A01
201200007522,0,07,000,00,2,1,01,B02
201200007522,0,14,000,00,2,8,01,C03
201200007523,0,07,000,02,0,1,01,A01
201200007524,0,35,000,00,0,0,00,A01
201200007525,0,07,000,00,2,3,01,A01
201200007525,0,17,000,00,2,3,01,B02
201200007526,0,07,000,00,2,1,19,A01
201200007526,0,07,000,00,2,1,01,B02
201200007526,0,07,000,00,2,1,01,C03
201200007527,0,10,000,02,0,1,01,A01
201200007528,0,07,000,00,1,2,00,A01
201200007529,0,02,000,00,0,0,01,A01
201200007530,0,07,000,00,2,7,14,A01
201200007530,0,07,000,00,2,8,02,B02
201200007531,0,07,000,00,2,2,15,A01
201200007531,0,07,000,00,2,1,00,B02
201200007532,0,10,000,16,0,2,01,A01
201200007533,0,33,000,00,6,0,21,A01
201200007534,0,10,000,00,9,2,02,A01
201200007534,0,99,000,00,0,0,00,B02
201200007535,2,07,000,00,2,5,02,A01
201200007535,0,07,000,00,2,6,13,B02
201200007535,0,07,000,00,2,1,00,C03
201200007536,0,30,000,06,0,2,00,A01
201200007537,0,33,000,08,0,1,01,A01
201200007538,0,07,000,13,0,1,01,A01
201200007539,0,07,000,00,2,3,13,A01
201200007539,0,07,000,00,2,3,01,B02
201200007540,0,07,000,00,2,3,01,A01
201200007540,0,07,000,00,2,1,01,B02
201200007540,0,07,000,00,2,3,13,C03
201200007541,0,07,000,00,2,8,17,A01
201200007541,0,30,000,00,2,2,17,B02
201200007542,0,30,000,00,2,7,01,A01
201200007542,0,07,000,00,2,3,09,B02
201200007543,0,33,000,00,0,1,00,B02
201200007543,0,07,000,00,0,1,00,A01
201200007544,0,14,000,00,2,8,01,B02
201200007544,0,14,000,00,2,8,01,A01
201200007545,0,07,000,06,0,2,01,A01
201200007546,0,10,000,00,2,3,01,B02
201200007546,0,21,000,00,2,3,01,A01
201200007547,0,21,000,00,2,9,01,B02
201200007547,0,07,000,00,2,9,17,A01
201200007548,0,07,000,02,0,3,14,A01
201200007549,0,07,000,00,0,3,01,B02
201200007549,0,07,000,05,0,3,17,A01
201200007550,0,07,000,00,2,1,13,A01
201200007550,0,07,000,00,2,1,01,B02
201200007551,0,07,000,00,1,2,01,A01
201200007552,0,01,000,00,2,2,01,A01
201200007552,0,07,000,00,2,1,01,B02
201200007553,0,30,000,00,0,0,01,A01
201200007554,0,07,000,02,0,9,14,A01
201200007555,0,07,000,00,2,1,01,B02
201200007555,0,31,000,00,2,1,05,A01
201200007556,0,07,000,00,2,2,19,A01
201200007556,0,33,000,00,2,1,01,B02
201200007557,0,07,000,02,0,7,01,A01
201200007558,0,07,000,02,0,5,14,A01
201200007559,0,07,000,00,0,4,04,A01
201200007560,0,07,000,00,1,3,01,A01
201200007561,0,07,000,00,2,1,13,A01
201200007561,0,07,000,00,2,1,01,B02
201200007562,0,07,000,00,1,1,01,A01
201200007563,0,07,000,00,1,2,01,A01
201200007564,0,02,000,00,2,1,01,B02
201200007564,0,07,000,00,2,3,13,A01
201200007565,0,07,000,00,2,1,05,A01
201200007565,0,07,000,00,2,1,02,D04
201200007565,0,07,000,00,2,6,23,C03
201200007565,0,07,000,00,2,1,01,B02
201200007566,0,07,000,01,2,7,15,B02
201200007566,0,07,000,00,2,2,01,A01
201200007566,0,07,000,00,2,8,00,C03
201200007567,0,07,000,00,2,6,09,A01
201200007567,0,33,000,00,2,1,01,B02
201200007568,0,02,000,00,2,8,16,A01
201200007568,0,07,000,00,2,3,01,B02
201200007569,0,07,000,00,2,8,01,B02
201200007569,0,02,000,00,2,1,13,A01
201200007570,0,31,000,06,0,8,13,A01
201200007571,0,07,000,00,1,3,01,A01
201200007572,0,10,000,13,0,9,13,A01
201200007573,0,07,000,00,2,5,10,A01
201200007573,0,01,000,00,2,1,01,B02
201200007574,0,07,000,00,2,3,13,A01
201200007574,0,07,000,00,2,3,01,B02
201200007575,0,07,000,02,0,1,01,A01
201200007576,0,07,000,02,0,3,01,A01
201200007577,0,07,000,00,1,3,01,A01
201200007578,0,07,000,02,0,3,01,A01
201200007579,0,33,000,03,0,7,14,A01
201200007580,0,07,000,00,0,2,19,B02
201200007580,0,33,000,00,2,1,21,A01
201200007581,0,07,000,06,0,1,01,A01
201200007582,0,33,000,03,0,1,00,A01
201200007583,0,02,000,00,0,8,01,A01
201200007584,0,33,000,00,0,7,01,A01
201200007585,0,33,000,03,0,1,01,A01
201200007586,0,10,000,00,2,3,01,B02
201200007586,0,07,000,00,2,1,01,A01
201200007587,0,07,000,00,2,1,02,C03
201200007587,0,07,000,00,2,1,13,B02
201200007587,0,07,000,00,2,3,01,A01
201200007588,0,07,000,02,0,2,00,A01
201200007589,0,33,000,00,2,1,01,A01
201200007589,0,07,000,00,2,1,15,B02
201200007590,0,01,000,00,2,1,09,A01
201200007590,0,07,000,00,2,2,01,B02
201200007591,0,07,000,03,0,1,01,A01
201200007592,0,07,000,13,0,2,01,A01
201200007593,0,07,000,00,2,3,05,A01
201200007593,0,15,000,00,2,3,01,B02
201200007594,0,30,000,00,0,7,01,A01
201200007595,0,31,000,00,2,3,15,B02
201200007595,0,07,000,00,2,8,01,A01
201200007596,0,30,000,00,2,1,15,B02
201200007596,0,07,000,00,2,2,21,A01
201200007597,0,33,000,03,2,3,13,A01
201200007597,0,07,000,00,9,2,01,B02
201200007598,0,30,000,00,9,1,14,A01
201200007599,0,33,000,16,0,1,14,A01
201200007600,0,07,000,00,2,1,13,A01
201200007600,0,07,000,00,2,1,00,B02
201200007601,0,07,000,00,2,3,01,B02
201200007601,0,07,000,00,2,3,13,A01
201200007602,0,07,000,00,2,1,01,C03
201200007602,0,07,000,00,2,1,13,A01
201200007602,0,07,000,00,2,1,01,B02
201200007603,0,07,000,00,2,1,17,A01
201200007603,0,07,000,00,2,1,01,B02
201200007604,0,07,000,13,0,1,19,A01
201200007605,0,30,000,00,2,1,01,A01
201200007605,0,07,000,00,2,4,01,B02
201200007606,0,07,000,00,2,3,01,A01
201200007606,0,01,000,00,2,7,19,B02
201200007607,0,07,000,00,2,1,13,A01
201200007607,0,07,000,00,2,1,01,B02
201200007608,0,07,000,13,0,3,13,A01
201200007609,0,07,000,00,2,2,02,A01
201200007609,0,30,000,00,2,4,02,B02
201200007610,0,07,000,00,2,1,13,A01
201200007610,0,07,000,00,2,1,01,B02
201200007611,0,07,000,00,0,4,01,A01
201200007611,0,07,000,00,0,2,01,B02
201200007612,0,07,000,00,2,3,01,B02
201200007612,0,07,000,00,2,3,17,A01
201200007613,0,36,000,00,2,1,13,A01
201200007613,0,07,000,00,2,3,01,B02
201200007614,0,07,000,13,0,1,14,A01
201200007615,0,07,000,00,1,2,02,A01
201200007616,0,33,000,00,2,8,01,B02
201200007616,0,07,000,00,2,8,01,A01
201200007617,0,07,000,00,2,1,17,A01
201200007617,0,15,000,00,2,1,01,B02
201200007618,0,07,000,00,2,8,19,A01
201200007618,0,07,000,00,2,3,01,B02
201200007619,0,07,000,06,0,1,14,A01
201200007620,0,07,000,02,0,8,00,A01
201200007621,0,07,000,00,2,3,01,B02
201200007621,0,07,000,00,2,3,13,A01
201200007622,0,07,000,00,1,7,01,A01
201200007623,0,10,000,00,1,1,01,A01
201200007624,0,07,000,00,2,3,13,A01
201200007624,0,02,000,00,2,1,01,B02
201200007625,0,07,000,00,2,8,19,B02
201200007625,0,07,000,00,2,1,01,A01
201200007626,0,07,000,00,2,1,13,A01
201200007626,0,15,000,00,2,1,01,B02
201200007627,0,07,000,00,2,1,13,A01
201200007627,0,07,000,00,2,1,01,B02
201200007628,0,07,000,00,1,2,01,A01
201200007629,0,07,000,00,2,1,05,A01
201200007629,0,07,000,00,2,1,01,B02
201200007630,0,07,000,00,2,3,00,B02
201200007630,0,14,000,00,2,3,13,A01
201200007631,0,07,000,00,2,6,12,A01
201200007631,0,33,000,00,2,1,01,B02
201200007632,0,07,000,00,2,1,01,A01
201200007632,0,36,000,00,2,7,15,B02
201200007633,0,07,000,00,2,1,01,C03
201200007633,0,07,000,00,2,1,13,A01
201200007633,0,07,000,00,2,1,01,B02
201200007634,0,07,000,02,0,1,01,A01
201200007635,0,07,000,06,0,1,01,A01
201200007636,0,07,000,00,2,1,01,B02
201200007636,0,07,000,00,2,7,15,A01
201200007637,0,10,000,04,0,2,01,A01
201200007638,0,07,000,16,0,1,01,A01
201200007639,0,01,000,00,0,1,00,B02
201200007639,0,07,000,00,9,2,01,A01
201200007640,0,07,000,00,0,2,01,A01
201200007641,0,07,000,16,0,1,01,A01
201200007642,0,31,000,05,0,2,00,A01
201200007643,0,07,000,02,0,3,01,A01
201200007644,0,07,000,00,2,1,17,A01
201200007644,0,07,000,00,2,1,01,B02
201200007645,0,07,000,00,2,3,01,B02
201200007645,0,07,000,00,2,1,13,A01
201200007645,0,10,000,00,2,1,01,C03
201200007646,0,07,000,03,0,2,01,A01
201200007647,0,07,000,00,2,7,01,A01
201200007647,0,07,000,00,2,1,01,B01
201200007648,0,07,000,00,2,2,09,A01
201200007648,0,30,000,00,2,7,01,B01
201200007649,0,33,000,00,0,0,01,A01
201200007650,0,07,000,00,1,1,15,A01
201200007651,0,33,000,13,,7,15,A01
201200007652,0,07,000,02,0,0,13,A01
201200007653,0,07,000,08,0,5,01,A01
201200007654,0,07,000,00,0,9,01,A01
201200007655,0,07,000,00,2,2,15,B02
201200007655,0,31,000,00,2,7,02,A01
201200007656,0,07,000,00,2,1,01,A01
201200007656,0,07,000,00,0,7,19,B02
201200007657,0,30,000,00,2,4,01,B02
201200007657,0,07,000,00,2,2,01,A01
201200007658,0,07,000,08,0,1,01,A01
201200007659,0,07,000,02,0,1,01,A01
201200007660,0,07,000,00,1,7,01,A01
201200007661,0,30,000,10,0,1,01,A01
201200007662,0,10,000,00,1,3,01,A01
201200007663,0,10,000,00,2,3,01,B02
201200007663,0,02,000,00,2,1,01,A01
201200007664,0,07,000,13,0,1,13,A01
201200007665,0,10,000,00,2,2,17,A01
201200007665,0,17,000,00,2,1,01,B02
201200007666,0,15,000,00,2,8,01,B02
201200007666,0,07,000,00,2,8,01,A01
201200007666,0,10,000,00,2,7,13,C03
201200007667,0,33,000,00,2,1,01,B02
201200007667,0,07,000,00,2,5,15,A01
201200007668,0,10,000,02,0,1,01,A01
201200007669,0,07,000,00,2,7,15,A01
201200007669,0,33,000,00,2,1,01,B02
201200007670,0,07,000,02,0,1,17,A01
201200007671,0,07,000,00,2,1,17,A01
201200007671,0,07,000,00,2,1,01,D04
201200007671,0,07,000,00,2,1,01,C03
201200007671,0,07,000,00,0,0,00,B02
201200007672,0,07,000,00,1,3,15,A01
201200007673,0,07,000,00,2,1,01,A01
201200007673,0,07,000,00,2,8,19,B02
201200007674,0,01,000,00,2,4,02,B02
201200007674,0,07,000,00,2,2,02,A01
201200007675,0,02,000,00,2,4,02,B02
201200007675,0,07,000,00,2,2,02,A01
201200007676,0,07,000,03,0,9,01,A01
201200007677,0,07,000,00,2,8,02,B02
201200007677,0,31,000,00,2,2,02,A01
201200007678,0,07,000,00,0,1,01,A01
201200007679,0,01,000,00,2,1,01,B02
201200007679,0,14,000,00,2,4,04,A01
201200007680,0,07,000,00,0,8,01,B02
201200007680,0,07,000,00,2,1,01,A01
201200007681,0,07,000,00,2,3,00,B02
201200007681,0,30,000,00,2,3,13,A01
201200007682,0,07,000,00,2,1,01,B02
201200007682,0,07,000,00,2,7,13,A01
201200007683,0,07,000,00,2,1,02,A01
201200007683,0,17,000,00,2,4,02,B02
201200007684,0,02,000,08,0,1,21,B02
201200007684,0,07,000,00,0,0,09,A01
201200007685,0,33,000,00,2,3,13,A01
201200007685,0,07,000,00,2,8,01,B02
201200007686,0,07,000,00,2,8,01,A01
201200007686,0,02,000,00,2,1,01,B02
201200007687,0,07,000,00,2,3,01,B02
201200007687,0,07,000,00,2,1,01,A01
201200007688,0,07,000,00,1,3,01,A01
201200007689,0,33,000,00,0,7,01,B02
201200007689,0,07,000,00,0,5,15,A01
201200007690,0,02,000,00,0,3,01,A01
201200007691,0,07,000,00,2,8,15,B02
201200007691,0,07,000,00,2,1,01,A01
201200007692,0,03,000,08,0,7,01,A01
201200007693,0,07,000,00,2,3,01,B02
201200007693,0,07,000,00,2,6,13,A01
201200007694,0,07,000,00,2,1,01,B02
201200007694,0,07,000,00,2,1,19,A01
201200007695,0,07,000,00,0,1,01,A01
201200007696,0,07,000,00,2,8,15,A01
201200007696,0,10,000,00,2,1,01,B02
201200007697,0,10,000,00,2,2,01,A01
201200007697,0,02,000,00,2,8,19,B02
201200007698,0,07,000,00,2,3,01,A01
201200007698,0,07,000,00,2,3,01,B02
201200007699,0,17,000,00,2,7,15,A01
201200007699,0,31,000,00,2,1,01,B02
201200007700,0,07,000,00,0,1,01,A01
201200007701,0,15,000,00,2,3,01,B02
201200007701,0,07,000,00,2,3,01,A01
201200007702,0,33,000,00,0,9,01,A01
201200007703,0,07,000,13,0,3,01,A01
201200007704,0,07,000,00,1,1,01,A01
201200007705,0,10,000,00,2,3,18,A01
201200007705,0,10,000,00,2,5,15,B02
201200007706,0,10,000,13,0,9,01,A01
201200007707,0,07,000,00,1,1,01,A01
201200007708,0,07,000,00,2,1,01,B02
201200007708,0,07,000,00,2,1,13,A01
201200007709,0,07,000,00,2,8,19,B02
201200007709,0,14,000,00,2,1,01,A01
201200007710,0,01,000,00,1,1,19,A01
201200007711,0,07,000,02,0,1,01,A01
201200007712,0,07,000,00,0,2,01,B02
201200007712,0,07,000,00,0,3,06,A01
201200007713,0,07,000,00,2,1,01,B02
201200007713,0,07,000,00,2,1,01,A01
201200007714,0,07,000,00,0,8,19,A01
201200007714,0,14,000,00,2,3,01,B02
201200007715,0,07,000,00,2,1,05,A01
201200007715,0,07,000,13,0,2,21,D04
201200007715,0,07,000,00,2,9,01,C03
201200007715,0,10,000,00,2,1,01,B02
201200007716,0,07,000,00,0,9,17,A01
201200007717,0,07,000,00,1,2,19,A01
201200007718,0,07,000,00,1,2,01,A01
201200007719,0,07,000,00,2,8,00,A01
201200007719,0,07,000,00,2,2,01,B01
201200007720,0,33,000,00,2,1,13,A01
201200007720,0,07,000,00,2,1,01,B01
201200007721,0,10,000,00,1,2,15,A01
201200007722,0,07,000,02,0,1,00,A01
201200007723,0,07,000,00,2,1,17,A01
201200007723,0,07,000,00,2,1,01,B01
201200007723,0,07,000,00,2,6,15,C01
201200007723,0,07,000,00,2,6,01,D01
201200007724,0,07,000,00,0,4,02,A01
201200007724,0,10,000,00,2,1,02,B01
201200007725,1,07,000,00,1,2,02,Z01
201200007726,0,07,000,00,1,2,01,A01
201200007727,0,07,000,00,2,1,00,A01
201200007727,0,07,000,00,2,1,01,B01
201200007728,0,07,000,02,0,2,01,A01
201200007729,0,30,000,00,2,1,13,A01
201200007729,0,07,000,00,2,3,01,B02
201200007730,0,07,000,00,2,1,15,A01
201200007730,0,07,000,00,2,1,01,B02
201200007730,0,10,000,00,2,8,01,C03
201200007731,0,10,000,13,0,1,13,A01
201200007732,0,10,000,00,0,3,00,A01
201200007733,0,07,000,02,0,3,01,A01