Num_Acc,senc,catv,occutc,obs,obsm,choc,manv,num_veh
201200010438,0,07,000,00,2,1,09,A01
201200010439,0,07,000,00,1,2,01,A01
201200010440,0,07,000,00,1,4,04,A01
201200010441,0,30,000,00,2,4,23,B01
201200010441,0,07,000,00,2,3,02,A01
201200010442,0,07,000,00,1,2,15,A01
201200010443,0,07,000,00,2,8,00,A01
201200010443,0,33,000,00,2,0,01,B01
201200010444,0,33,000,00,2,1,02,A01
201200010444,0,07,000,00,2,4,02,B01
201200010445,0,07,000,00,2,4,23,C01
201200010445,0,30,000,00,2,4,23,B01
201200010445,0,30,000,00,2,1,02,A01
201200010446,0,07,000,00,2,2,01,B01
201200010446,0,07,000,00,2,3,09,A01
201200010447,0,01,000,00,2,1,19,A01
201200010447,0,07,000,00,2,1,01,B01
201200010448,0,31,000,01,2,1,01,B01
201200010448,0,07,000,00,2,3,15,A01
201200010449,0,07,000,00,1,1,01,A01
201200010450,0,07,000,00,1,2,15,A01
201200010451,0,07,000,00,2,4,23,C01
201200010451,0,07,000,00,2,4,23,B01
201200010451,0,10,000,00,2,1,02,A01
201200010452,0,07,000,00,2,6,00,B01
201200010452,0,10,000,00,2,2,01,A01
201200010453,0,01,000,00,2,1,02,A01
201200010453,0,07,000,00,2,4,02,B01
201200010454,0,33,000,00,2,3,01,B01
201200010454,0,07,000,00,2,2,15,A01
201200010455,0,07,000,00,2,8,15,A01
201200010455,0,30,000,00,2,1,17,B01
201200010456,0,30,000,00,2,1,02,A01
201200010456,0,07,000,00,2,4,02,B01
201200010456,0,07,000,00,9,4,02,C01
201200010457,0,10,000,00,2,8,15,A01
201200010457,0,33,000,00,2,1,01,B01
201200010458,0,07,000,00,2,1,01,B01
201200010458,0,31,000,00,2,3,09,A01
201200010459,0,31,000,00,2,1,01,B01
201200010459,0,07,000,00,2,2,15,A01
201200010460,0,31,000,00,2,4,23,B01
201200010460,0,07,000,00,2,1,01,A01
201200010461,0,07,000,00,2,3,15,A01
201200010461,0,02,000,00,2,1,01,B01
201200010462,0,33,000,00,2,1,02,A01
201200010462,0,07,000,00,2,4,02,B01
201200010463,0,33,000,00,2,1,01,B01
201200010463,0,07,000,00,2,1,15,A01
201200010464,0,32,000,00,1,1,01,A01
201200010465,0,07,000,00,2,4,23,B01
201200010465,0,07,000,00,2,1,02,A01
201200010466,0,07,000,00,2,2,01,B01
201200010466,0,30,000,00,2,1,01,A01
201200010467,0,07,000,00,1,1,16,A01
201200010468,0,07,000,00,2,0,15,A01
201200010468,0,07,000,00,2,0,01,B01
201200010469,0,34,000,00,0,0,00,A01
201200010470,0,32,000,12,0,1,01,A01
201200010471,0,07,000,00,2,4,02,B01
201200010471,0,33,000,00,2,1,02,A01
201200010472,0,07,000,00,2,3,01,B01
201200010472,0,30,000,00,2,0,01,A01
201200010473,0,10,000,00,2,4,23,B01
201200010473,0,31,000,01,0,1,02,A01
201200010474,0,32,000,00,0,0,01,B01
201200010474,0,07,000,00,2,0,14,A01
201200010475,0,30,000,12,0,0,00,A01
201200010476,0,07,000,00,2,7,15,A01
201200010476,0,07,000,00,2,1,01,B01
201200010477,0,07,000,00,2,1,01,B01
201200010477,0,07,000,00,2,3,13,A01
201200010478,0,30,000,00,2,1,13,B01
201200010478,0,07,000,00,2,3,15,A01
201200010479,0,07,000,00,2,2,15,A01
201200010479,0,07,000,00,2,1,01,B01
201200010480,0,02,000,00,2,1,02,A01
201200010480,0,07,000,00,2,4,02,B01
201200010481,0,31,000,00,2,4,01,B01
201200010481,0,07,000,00,2,3,01,A01
201200010482,0,33,000,00,1,1,01,A01
201200010483,0,07,000,00,2,0,15,A01
201200010483,0,31,000,00,0,0,01,B01
201200010484,0,07,000,00,2,2,15,A01
201200010484,0,30,000,00,2,1,01,B01
201200010485,0,30,000,00,2,1,01,A01
201200010485,0,07,000,00,2,2,01,B01
201200010486,0,30,000,00,2,0,13,B01
201200010486,0,01,000,00,2,8,15,A01
201200010487,0,07,000,00,2,3,15,A01
201200010487,0,32,000,00,2,2,13,B01
201200010488,0,32,000,00,2,4,23,B01
201200010488,0,07,000,00,2,1,02,A01
201200010489,0,07,000,00,1,3,01,A01
201200010490,0,02,000,00,2,7,13,B01
201200010490,0,07,000,00,2,1,15,A01
201200010491,0,07,000,00,1,4,04,A01
201200010492,0,07,000,00,2,8,15,A01
201200010492,0,30,000,00,2,1,01,B01
201200010493,0,07,000,00,2,1,15,A01
201200010493,0,30,000,00,2,1,01,B01
201200010494,0,07,000,00,2,1,02,A01
201200010494,0,07,000,00,2,4,23,B01
201200010495,0,33,000,00,2,1,05,A01
201200010495,0,07,000,00,2,3,01,B01
201200010496,0,07,000,00,1,1,01,A01
201200010497,0,33,000,00,2,2,01,A01
201200010497,0,07,000,00,2,6,23,B01
201200010498,0,32,000,00,2,7,17,B01
201200010498,0,07,000,00,2,3,15,A01
201200010499,0,07,000,00,2,1,02,A01
201200010499,0,31,000,00,2,1,02,B01
201200010500,0,30,000,00,2,7,15,A01
201200010500,0,02,000,00,2,1,01,B01
201200010501,0,02,000,00,2,1,02,A01
201200010501,0,07,000,00,2,4,02,B01
201200010502,0,07,000,00,2,3,09,A01
201200010502,0,31,000,00,2,2,01,B01
201200010503,0,30,000,00,2,1,09,A01
201200010503,0,07,000,00,2,8,01,B01
201200010504,1,07,000,00,1,4,04,Z01
201200010505,0,07,000,00,2,3,16,A01
201200010505,0,01,000,00,2,4,16,B01
201200010506,0,07,000,00,2,1,02,A01
201200010506,0,07,000,00,2,4,02,B01
201200010506,0,07,000,00,2,4,02,C01
201200010507,0,07,000,00,2,1,02,A01
201200010507,0,07,000,00,2,4,02,B01
201200010508,0,30,000,00,1,1,13,A01
201200010509,0,07,000,00,2,1,02,A01
201200010509,0,07,000,00,2,4,23,B01
201200010510,0,07,000,00,2,3,01,A01
201200010511,0,01,000,00,2,0,01,A01
201200010512,0,10,000,00,2,1,02,A01
201200010512,0,07,000,00,2,4,23,C01
201200010512,0,07,000,00,2,4,23,B01
201200010513,0,07,000,00,2,3,15,A01
201200010513,0,30,000,00,2,1,01,B01
201200010514,0,31,000,00,2,4,23,B01
201200010514,0,10,000,00,2,2,02,A01
201200010515,0,07,000,00,2,1,02,A01
201200010515,0,07,000,00,2,4,02,B01
201200010516,0,30,000,00,2,7,00,A01
201200010516,0,07,000,00,2,0,00,B01
201200010517,0,07,000,00,2,4,02,B01
201200010517,0,10,000,00,2,1,02,A01
201200010518,0,07,000,00,2,1,01,B01
201200010518,0,07,000,00,2,8,15,A01
201200010519,0,30,000,00,2,0,01,A01
201200010519,0,07,000,00,2,2,01,B01
201200010520,0,07,000,00,2,1,02,A01
201200010520,0,07,000,00,2,4,02,B01
201200010521,0,07,000,00,2,3,01,B01
201200010521,0,30,000,00,2,1,17,A01
201200010522,0,30,000,00,2,7,01,B01
201200010522,0,07,000,00,2,3,09,A01
201200010523,0,07,000,00,1,0,16,A01
201200010524,0,07,000,00,2,1,02,A01
201200010524,0,10,000,00,2,4,02,B01
201200010525,0,07,000,00,2,3,01,B01
201200010525,0,07,000,00,2,3,13,A01
201200010526,0,30,000,00,2,2,17,B01
201200010526,0,07,000,00,2,6,20,A01
201200010527,0,07,000,00,2,4,23,C01
201200010527,0,07,000,00,2,1,02,A01
201200010527,0,30,000,00,2,4,23,B01
201200010528,0,07,000,00,1,3,01,A01
201200010529,0,03,000,00,0,9,00,A01
201200010530,0,07,000,00,2,1,02,A01
201200010530,0,33,000,00,2,4,23,C01
201200010530,0,07,000,00,2,4,23,B01
201200010531,0,07,000,00,1,2,00,A01
201200010532,1,02,000,00,2,0,00,Z01
201200010533,0,07,000,00,2,2,15,A01
201200010533,0,33,000,00,2,1,01,B01
201200010534,0,33,000,00,2,1,01,B01
201200010534,0,10,000,00,2,3,09,A01
201200010535,0,02,000,00,2,1,02,A01
201200010535,0,31,000,00,2,4,23,B01
201200010536,0,37,001,00,2,3,15,A01
201200010536,0,07,000,00,2,5,15,B01
201200010537,0,07,000,00,2,4,02,B01
201200010537,0,10,000,00,2,4,02,C01
201200010537,0,10,000,00,2,1,02,A01
201200010538,0,07,000,00,2,3,09,A01
201200010538,0,30,000,00,2,2,01,B01
201200010539,0,33,000,00,2,7,01,A01
201200010539,0,07,000,00,2,1,15,B01
201200010540,0,07,000,00,1,3,01,A01
201200010541,0,33,000,00,2,1,01,B01
201200010541,0,07,000,00,2,3,15,A01
201200010542,0,07,000,11,2,1,00,A01
201200010542,0,07,000,00,2,1,01,B01
201200010543,0,01,000,00,2,1,01,B01
201200010543,0,02,000,00,2,1,01,A01
201200010544,0,07,000,00,2,8,09,A01
201200010544,0,33,000,00,2,1,01,B01
201200010545,0,07,000,00,1,2,15,A01
201200010546,0,07,000,00,1,2,01,A01
201200010547,0,10,000,01,2,3,01,A01
201200010547,0,07,000,00,2,5,02,C01
201200010548,0,07,000,00,2,2,15,A01
201200010548,0,33,000,00,2,1,01,B01
201200010549,0,07,000,00,2,1,16,A01
201200010549,0,01,000,00,2,7,19,B01
201200010550,0,30,000,00,2,1,01,A01
201200010550,0,07,000,00,2,6,15,B01
201200010551,0,02,000,00,2,3,13,A01
201200010551,0,07,000,00,2,5,01,B01
201200010552,0,07,000,00,2,6,10,A01
201200010552,0,33,000,00,2,7,01,B01
201200010553,0,07,000,00,2,2,16,A01
201200010553,0,01,000,00,2,7,01,B01
201200010554,0,07,000,00,2,1,09,A01
201200010554,0,33,000,00,2,7,01,B01
201200010555,0,07,000,00,1,2,15,A01
201200010556,0,07,000,00,2,1,13,A01
201200010556,0,07,000,00,2,8,01,B01
201200010556,0,07,000,00,2,3,01,C01
201200010557,0,01,000,00,2,1,01,A01
201200010558,0,07,000,00,1,4,04,A01
201200010559,0,07,000,00,1,1,01,A01
201200010560,0,14,000,00,2,0,00,B01
201200010560,0,30,000,00,2,8,03,A01
201200010561,0,07,000,00,2,3,01,A01
201200010561,0,07,000,00,2,3,01,B01
201200010562,0,30,000,00,2,1,01,B01
201200010562,0,07,000,00,2,2,01,A01
201200010563,0,14,000,00,2,1,02,A01
201200010563,0,07,000,00,2,4,23,B01
201200010564,0,07,000,00,1,1,15,A01
201200010565,0,30,000,00,2,0,01,B01
201200010565,0,07,000,00,2,0,09,A01
201200010566,0,07,000,00,1,3,01,A01
201200010567,0,07,000,00,2,8,01,B01
201200010567,0,07,000,00,2,7,06,A01
201200010568,0,33,000,00,2,1,01,B01
201200010568,0,07,000,00,2,7,15,A01
201200010569,0,07,000,00,1,1,01,A01
201200010570,0,07,000,00,2,2,15,A01
201200010570,0,33,000,00,2,1,01,B01
201200010571,0,07,000,00,2,1,02,A01
201200010571,0,07,000,01,2,4,20,B01
201200010572,0,02,000,00,1,1,01,A01
201200010573,0,07,000,00,2,3,13,A01
201200010573,0,07,000,00,2,3,01,B01
201200010574,0,07,000,00,1,1,00,A01
201200010575,0,01,000,00,2,4,01,B01
201200010575,0,07,000,00,2,0,01,A01
201200010576,0,07,000,00,2,1,01,A01
201200010576,0,31,000,00,2,3,15,B01
201200010577,0,03,000,08,0,1,01,A01
201200010578,0,07,000,06,0,1,00,A01
201200010579,0,30,000,00,2,1,00,B01
201200010579,0,07,000,00,2,4,00,A01
201200010580,0,07,000,00,2,1,00,A01
201200010580,0,32,000,00,2,1,00,B01
201200010581,0,30,000,00,2,1,00,B01
201200010581,0,07,000,00,2,7,15,A01
201200010582,0,30,000,00,2,1,01,B01
201200010582,0,07,000,00,2,3,00,A01
201200010583,0,07,000,00,2,1,13,A01
201200010583,0,32,000,00,0,0,00,B01
201200010584,0,07,000,00,2,3,05,A01
201200010584,0,02,000,00,2,1,01,B01
201200010585,0,02,000,00,2,1,01,A01
201200010585,0,07,000,00,2,7,15,B01
201200010586,0,02,000,00,2,1,01,A01
201200010586,0,10,000,00,2,4,23,B01
201200010587,0,02,000,00,2,2,09,A01
201200010587,0,07,000,00,2,3,01,B01
201200010588,0,02,000,00,0,7,01,A01
201200010589,0,02,000,00,2,2,17,A01
201200010589,0,33,000,00,2,6,23,B01
201200010590,0,33,000,00,2,1,02,B01
201200010590,0,07,000,00,2,2,15,A01
201200010591,0,02,000,06,2,1,00,A01
201200010592,0,32,000,00,2,1,01,A01
201200010592,0,07,000,00,2,2,00,B01
201200010593,0,10,000,00,1,4,04,A01
201200010594,0,07,000,00,1,2,01,A01
201200010595,0,30,000,00,2,1,00,B01
201200010595,0,10,000,00,2,1,00,A01
201200010596,0,02,000,00,2,1,01,B01
201200010596,0,07,000,00,2,5,01,A01
201200010597,0,38,001,00,1,2,01,A01
201200010598,0,07,000,00,1,1,01,A01
201200010599,0,07,000,00,1,0,01,A01
201200010600,0,07,000,00,1,3,01,A01
201200010601,0,34,000,00,2,1,17,A01
201200010601,0,07,000,00,2,1,23,B01
201200010602,0,30,000,00,2,1,05,A01
201200010602,0,07,000,00,2,3,01,B01
201200010603,0,32,000,00,2,1,00,B01
201200010603,0,07,000,00,2,1,01,A01
201200010604,0,32,000,00,1,1,01,A01
201200010605,0,32,000,00,1,1,01,A01
201200010606,0,07,000,00,2,1,01,B01
201200010606,0,07,000,00,2,1,00,A01
201200010607,0,10,000,00,1,1,01,A01
201200010608,0,32,000,00,2,1,00,B01
201200010608,0,07,000,00,2,1,00,A01
201200010609,0,33,000,15,0,0,01,A01
201200010610,0,07,000,00,2,1,00,A01
201200010610,0,33,000,00,2,1,00,B01
201200010611,0,07,000,00,2,1,01,A01
201200010612,0,30,000,00,2,1,00,B01
201200010612,0,07,000,00,2,1,00,A01
201200010613,0,07,000,00,2,3,09,A01
201200010613,0,02,000,00,2,2,01,B01
201200010614,0,07,000,00,2,3,15,B01
201200010614,0,02,000,00,2,1,17,A01
201200010615,0,37,001,00,2,1,01,B01
201200010615,0,07,000,15,2,1,05,A01
201200010616,0,07,000,00,2,4,01,B01
201200010616,0,32,000,00,2,1,02,A01
201200010617,0,02,000,00,1,1,01,A01
201200010618,0,07,000,00,2,1,00,B01
201200010618,0,07,000,00,2,1,00,A01
201200010619,0,07,000,00,2,4,00,B01
201200010619,0,30,000,00,2,1,01,A01
201200010620,0,07,000,00,2,3,00,B01
201200010620,0,33,000,00,2,1,00,A01
201200010621,0,07,000,00,2,1,01,A01
201200010621,0,32,000,00,2,7,15,B01
201200010622,0,31,000,00,2,1,00,B01
201200010622,0,07,000,00,2,3,00,A01
201200010623,0,07,000,00,1,2,01,A01
201200010624,0,07,000,00,2,2,01,B01
201200010624,0,07,000,00,2,3,01,C01
201200010624,0,07,000,00,2,1,01,A01
201200010625,0,07,000,00,1,1,00,A01
201200010626,0,37,001,00,2,1,01,B01
201200010626,0,32,000,00,2,1,01,A01
201200010627,0,10,000,00,2,1,01,A01
201200010627,0,01,000,00,2,1,00,B01
201200010628,0,07,000,00,2,1,00,A01
201200010628,0,30,000,00,2,1,00,B01
201200010629,0,07,000,00,2,2,01,B01
201200010629,0,07,000,00,2,3,09,A01
201200010630,0,34,000,00,2,1,01,B01
201200010630,0,07,000,00,2,1,15,A01
201200010631,0,07,000,00,2,1,01,B01
201200010631,0,32,000,00,2,1,00,A01
201200010632,0,01,000,00,2,1,01,B01
201200010632,0,07,000,00,2,1,15,A01
201200010633,0,07,000,00,2,5,12,A01
201200010633,0,33,000,00,2,1,00,B01
201200010634,0,07,000,00,2,1,00,A01
201200010634,0,07,000,00,2,1,17,B01
201200010635,0,02,000,00,2,1,17,A01
201200010635,0,07,000,00,2,3,02,B01
201200010636,0,31,000,00,0,0,01,A01
201200010637,0,30,000,00,2,1,07,B01
201200010637,0,07,000,00,2,1,00,A01
201200010638,0,32,000,00,2,1,01,B01
201200010638,0,07,000,00,2,7,15,A01
201200010639,0,07,000,00,2,4,01,B01
201200010639,0,33,000,00,2,1,01,A01
201200010639,0,33,000,00,2,1,01,C01
201200010640,0,33,000,00,1,1,01,A01
201200010641,0,33,000,00,1,1,01,A01
201200010642,0,07,000,00,1,5,01,A01
201200010643,0,02,000,00,1,1,01,A01
201200010644,0,07,000,00,0,4,01,B01
201200010645,0,32,000,00,1,1,01,A01
201200010646,0,32,000,00,2,1,01,B01
201200010646,0,07,000,00,2,1,01,A01
201200010647,0,10,000,00,1,2,15,A01
201200010648,0,07,000,00,2,1,00,A01
201200010648,0,07,000,00,2,4,01,B01
201200010649,0,07,000,00,2,8,22,A01
201200010649,0,01,000,00,0,1,01,B01
201200010650,0,32,000,00,1,1,01,A01
201200010651,0,07,000,00,2,3,01,A01
201200010651,0,07,000,00,2,3,13,B01
201200010652,0,33,000,00,2,1,01,B01
201200010652,0,32,000,00,2,7,14,A01
201200010653,0,32,000,00,2,7,17,B01
201200010653,0,10,000,00,2,7,15,A01
201200010654,0,07,000,00,0,1,01,A01
201200010655,0,07,000,00,2,7,16,A01
201200010655,0,32,000,00,2,1,01,B01
201200010656,0,07,000,00,2,1,20,A01
201200010656,0,34,000,00,2,1,01,B01
201200010657,0,01,000,00,2,1,05,B01
201200010657,0,07,000,00,2,1,01,A01
201200010658,0,07,000,00,1,1,17,A01
201200010659,0,07,000,00,2,8,15,A01
201200010659,0,32,000,00,2,1,01,B01
201200010660,0,32,000,00,1,1,16,A01
201200010661,0,10,000,00,1,3,15,A01
201200010662,0,32,000,00,2,7,17,A01
201200010662,0,07,000,00,2,8,17,B01
201200010663,0,20,000,00,1,7,01,A01
201200010664,0,07,000,00,1,1,15,A01
201200010665,0,07,000,00,2,8,15,A01
201200010665,0,33,000,00,2,1,01,B01
201200010666,0,30,000,00,2,1,01,B01
201200010666,0,20,000,00,2,4,17,A01
201200010667,0,07,000,00,2,4,15,A01
201200010667,0,32,000,00,2,1,01,B01
201200010668,0,07,000,00,2,2,09,A01
201200010668,0,30,000,00,2,1,01,B01
201200010669,0,07,000,00,2,2,15,A01
201200010669,0,32,000,00,2,1,01,B01
201200010670,0,07,000,00,2,2,15,A01
201200010670,0,31,000,00,2,1,01,B01
201200010671,0,01,000,00,2,1,01,B01
201200010671,0,07,000,00,2,1,01,A01
201200010672,0,07,000,00,2,6,00,B01
201200010672,0,34,000,00,1,1,00,A01
201200010673,0,07,000,00,2,1,00,A01
201200010673,0,07,000,00,2,3,00,B01
201200010674,0,33,000,00,2,1,00,B01
201200010674,0,07,000,00,2,1,00,A01
201200010675,0,33,000,00,1,1,00,A01
201200010676,0,32,000,00,1,0,01,A01
201200010677,0,32,000,00,0,0,01,A01
201200010677,0,20,000,00,2,0,16,B01
201200010678,0,10,000,00,2,3,09,A01
201200010678,0,32,000,00,2,1,01,B01
201200010679,0,07,000,00,1,1,01,A01
201200010680,0,07,000,00,2,4,01,B01
201200010680,0,07,000,00,2,1,01,A01
201200010681,0,02,000,00,2,1,15,A01
201200010681,0,32,000,00,2,1,01,B01
201200010682,1,02,000,00,2,1,01,Z01
201200010682,0,02,000,00,2,1,01,B01
201200010683,0,34,000,00,2,7,17,B01
201200010683,0,07,000,00,2,1,09,A01
201200010684,0,02,000,00,1,1,01,A01
201200010685,0,33,000,00,2,1,01,B01
201200010685,0,07,000,00,2,1,00,A01
201200010686,0,07,000,00,2,1,01,A01
201200010686,0,30,000,00,2,1,18,B01
201200010687,0,07,000,00,2,1,01,A01
201200010688,0,31,000,00,1,1,17,A01
201200010689,0,02,000,00,2,4,15,B01
201200010689,0,33,000,00,2,1,01,A01
201200010690,0,07,000,00,1,1,01,A01
201200010691,0,32,000,00,2,1,17,A01
201200010691,0,13,000,00,2,3,15,B01
201200010692,1,07,000,00,1,1,00,Z01
201200010693,0,07,000,00,2,1,15,A01
201200010693,0,33,000,00,2,1,01,B01
201200010694,0,07,000,00,2,1,01,B01
201200010694,0,07,000,00,2,1,00,A01
201200010695,0,02,000,00,2,1,01,A01
201200010695,0,07,000,00,2,4,00,B01
201200010696,0,07,000,00,2,5,16,A01
201200010696,0,30,000,00,2,1,01,B01
201200010697,0,07,000,00,2,2,15,A01
201200010697,0,33,000,00,2,1,01,B01
201200010698,0,31,000,00,2,1,17,B01
201200010698,0,07,000,00,2,1,00,A01
201200010699,0,07,000,00,2,1,01,A01
201200010699,0,33,000,00,2,1,01,B01
201200010700,0,32,000,00,1,1,01,A01
201200010701,0,07,000,00,1,1,00,A01
201200010702,0,07,000,00,2,5,15,A01
201200010702,0,33,000,00,2,1,01,B01
201200010703,0,07,000,00,2,1,01,A01
201200010704,0,37,000,00,2,1,01,A01
201200010705,0,31,000,00,2,1,01,A01
201200010705,0,07,000,00,2,6,00,B01
201200010706,0,07,000,00,2,1,15,A01
201200010706,0,32,000,00,2,1,01,B01
201200010707,0,07,000,00,2,1,01,A01
201200010708,0,07,000,00,2,1,16,A01
201200010709,0,07,000,00,1,1,01,A01
201200010710,0,07,000,00,1,2,00,A01
201200010711,0,07,000,00,2,1,01,A01
201200010711,0,33,000,00,2,4,23,B01
201200010712,0,07,000,00,2,0,00,A01
201200010712,0,33,000,00,2,0,17,B01
201200010713,0,02,000,00,2,1,01,B01
201200010713,0,07,000,00,2,2,15,A01
201200010714,0,31,000,00,2,1,00,B01
201200010714,0,07,000,00,2,1,00,A01
201200010715,1,32,000,00,1,0,00,A01
201200010716,0,07,000,00,1,2,00,A01
201200010717,0,07,000,00,2,1,01,A01
201200010717,0,07,000,00,2,4,00,B01
201200010718,0,07,000,00,9,8,01,C01
201200010718,0,07,000,00,2,7,01,B01
201200010718,0,07,000,00,2,2,05,A01
201200010719,0,07,000,00,2,1,00,A01
201200010719,0,31,000,00,2,1,00,B01
201200010720,0,07,000,00,2,1,13,A01
201200010720,0,07,000,00,2,1,01,B01
201200010721,0,07,000,00,2,8,01,A01
201200010721,0,02,000,00,2,7,01,B01
201200010722,0,07,000,00,2,1,01,A01
201200010723,0,30,000,00,2,3,05,A01
201200010723,0,07,000,00,2,3,01,B01
201200010724,0,33,000,00,2,4,00,B01
201200010724,0,07,000,00,2,1,01,A01
201200010725,0,31,000,00,2,1,01,B01
201200010725,0,07,000,00,2,1,01,A01
201200010726,0,07,000,00,2,4,01,B01
201200010726,0,37,000,00,2,1,01,A01
201200010727,0,07,000,00,0,0,00,B01
201200010727,0,33,000,00,2,1,00,A01
201200010728,0,02,000,00,2,1,02,A01
201200010728,0,07,000,00,2,6,15,B01
201200010729,0,07,000,00,2,1,15,A01
201200010729,0,30,000,00,2,1,00,B01
201200010730,0,01,000,00,2,1,13,A01
201200010730,0,07,000,00,2,6,01,B01
201200010731,0,32,000,00,1,1,17,A01
201200010732,0,07,000,00,1,1,01,A01
201200010733,0,02,000,00,2,1,01,A01
201200010733,0,07,000,00,2,5,01,B01
201200010734,0,02,000,00,1,8,01,A01
201200010735,0,07,000,00,1,1,01,A01
201200010736,0,02,000,00,1,1,01,A01
201200010737,0,30,000,00,1,1,00,A01
201200010738,0,07,000,00,2,1,00,A01
201200010739,0,31,000,00,2,1,01,B01
201200010739,0,07,000,00,2,5,09,A01
201200010740,0,07,000,00,2,1,15,A01
201200010741,0,32,000,00,2,1,01,A01
201200010742,0,02,000,00,2,1,01,A01
201200010742,0,07,000,00,2,1,01,B01
201200010742,0,10,000,00,2,3,23,C01
201200010743,0,07,000,00,1,1,00,A01
201200010744,0,07,000,00,1,1,01,A01
201200010745,0,30,000,00,2,1,00,B01
201200010745,0,07,000,00,2,1,00,A01
201200010746,0,32,000,00,2,1,01,B01
201200010746,0,07,000,00,2,1,15,A01
201200010747,0,07,000,00,2,1,01,B01
201200010747,0,07,000,00,2,1,15,A01
201200010748,0,32,000,00,2,1,18,B01
201200010748,0,07,000,00,2,7,15,A01
201200010749,0,37,001,00,2,1,01,C01
201200010749,0,07,000,00,2,4,00,A01
201200010749,0,07,000,00,2,2,00,B01
201200010750,0,30,000,00,2,1,00,B01
201200010750,0,07,000,00,2,3,15,A01
201200010751,0,07,000,00,2,1,00,A01
201200010751,0,32,000,00,2,2,01,B01
201200010752,0,07,000,00,2,8,01,B01
201200010752,0,32,000,00,2,1,17,A01
201200010753,0,07,000,00,2,1,01,A01
201200010753,0,32,000,00,2,1,01,B01
201200010754,0,07,000,00,1,1,01,A01
201200010755,0,07,000,00,1,1,00,A01
201200010756,0,07,000,00,9,1,00,A01
201200010756,0,30,000,00,2,1,01,B01
201200010757,0,30,000,00,2,1,01,A01
201200010757,0,07,000,00,2,1,00,B01
201200010758,0,30,000,00,2,1,01,B01
201200010758,0,07,000,00,2,2,01,A01
201200010759,0,07,000,00,0,7,01,A01
201200010759,0,37,001,00,2,3,01,B01
201200010760,0,07,000,00,2,8,09,B01
201200010760,0,07,000,00,2,1,01,A01
201200010761,0,02,000,00,2,1,17,B01
201200010761,0,07,000,00,2,3,15,A01
201200010762,0,07,000,00,1,1,01,A01
201200010763,0,33,000,00,1,1,01,A01
201200010764,0,02,000,00,2,1,00,A01
201200010764,0,07,000,00,2,3,01,B01
201200010765,0,07,000,00,1,1,01,A01
201200010766,1,07,000,00,1,0,01,Z01
201200010767,0,02,000,00,0,0,00,A01
201200010768,0,33,000,00,0,0,00,A01
201200010769,0,07,000,15,0,0,13,A01
201200010770,0,07,000,00,1,5,04,A01
201200010771,0,07,000,00,2,1,01,A01
201200010771,0,07,000,00,0,4,23,B01
201200010772,0,30,000,00,0,0,15,A01
201200010773,0,34,000,00,2,2,17,A01
201200010773,0,07,000,00,2,8,15,B01
201200010774,0,30,000,00,9,7,01,A01
201200010775,0,07,000,00,2,1,02,A01
201200010775,0,07,000,00,0,4,02,C01
201200010775,0,07,000,00,2,4,02,B01
201200010776,0,07,000,00,1,0,01,A01
201200010777,0,07,000,00,2,1,01,B01
201200010777,0,07,000,00,2,1,17,A01
201200010778,0,33,000,15,0,0,00,A01
201200010779,0,07,000,00,1,2,01,A01
201200010780,0,99,000,00,2,1,02,A01
201200010780,0,07,000,00,0,4,02,B01
201200010781,0,07,000,00,2,6,13,A01
201200010781,0,10,000,00,2,3,01,B01
201200010782,0,07,000,00,2,1,13,A01
201200010782,0,07,000,00,2,1,01,B01
201200010783,0,07,000,00,1,3,01,A01
201200010784,0,10,000,00,0,4,02,C01
201200010784,0,07,000,00,2,4,02,B01
201200010784,0,07,000,00,2,1,02,A01
201200010785,0,07,000,00,2,1,13,A01
201200010785,0,07,000,00,2,6,01,C01
201200010785,0,07,000,00,2,3,01,B01
201200010786,0,30,000,00,0,0,00,A01
201200010787,0,30,000,00,0,0,21,A01
201200010788,0,07,000,00,2,1,02,A01
201200010788,0,07,000,00,0,4,02,B01
201200010789,0,33,000,00,0,0,00,A01
201200010790,0,07,000,00,2,8,15,B01
201200010790,0,31,000,00,2,1,17,A01
201200010791,0,07,000,00,2,3,13,A01
201200010791,0,07,000,00,2,3,01,B01
201200010792,0,07,000,00,2,1,01,A01
201200010792,0,07,000,00,2,4,01,B01
201200010793,0,07,000,00,1,2,14,A01
201200010794,0,30,000,00,2,1,13,A01
201200010794,0,07,000,00,2,3,01,B01
201200010795,0,30,000,00,0,0,00,A01
201200010796,1,07,000,00,1,0,00,Z01
201200010797,0,30,000,00,0,0,00,A01
201200010798,0,07,000,00,2,1,13,A01
201200010798,0,07,000,00,2,1,01,B01
201200010799,0,30,000,00,0,0,00,A01
201200010800,0,14,000,00,1,0,00,A01
201200010801,0,07,000,00,0,6,01,B01
201200010801,0,30,000,00,2,1,01,A01
201200010802,0,30,000,00,2,2,17,A01
201200010802,0,07,000,00,2,8,15,B01
201200010803,0,07,000,00,2,1,01,A01
201200010803,0,07,000,00,0,4,23,B01
201200010804,0,31,000,00,2,2,17,A01
201200010804,0,07,000,00,2,8,15,B01
201200010805,0,02,000,00,0,0,00,A01
201200010806,0,07,000,00,0,4,02,D01
201200010806,0,07,000,00,2,4,02,B01
201200010806,0,07,000,00,2,1,02,A01
201200010806,0,07,000,00,2,4,02,C01
201200010807,0,33,000,00,0,0,00,A01
201200010808,0,07,000,10,0,0,00,A01