Num_Acc,senc,catv,occutc,obs,obsm,choc,manv,num_veh
201200013307,0,33,000,13,0,1,01,A01
201200013308,0,07,000,03,2,1,02,A01
201200013308,0,07,000,00,2,8,14,B02
201200013308,0,07,000,00,0,6,24,C03
201200013309,0,07,000,03,0,3,13,A01
201200013310,0,07,000,04,0,1,01,A01
201200013311,0,07,000,13,0,2,01,A01
201200013312,0,33,000,03,0,1,12,A01
201200013313,0,10,000,03,0,2,14,A01
201200013314,0,07,000,07,0,2,01,A01
201200013315,0,33,000,00,2,1,01,B02
201200013315,0,07,000,00,2,3,10,A01
201200013316,0,07,000,00,0,9,16,A01
201200013317,0,07,000,00,2,3,01,A01
201200013317,0,07,000,00,2,6,15,B02
201200013318,0,07,000,00,2,3,01,A01
201200013318,0,10,000,00,0,4,01,B02
201200013319,0,07,000,00,2,8,01,A01
201200013319,1,07,000,00,2,7,14,B02
201200013320,0,07,000,16,0,1,14,A01
201200013321,0,33,000,00,0,8,01,A01
201200013322,0,15,000,00,0,6,02,B02
201200013322,0,33,000,00,2,1,02,A01
201200013323,0,07,000,00,2,2,14,A01
201200013323,0,07,000,00,2,6,01,B02
201200013324,0,10,000,13,0,3,01,A01
201200013325,0,07,000,15,0,7,01,A01
201200013326,0,07,000,00,1,2,01,A01
201200013327,0,99,000,00,1,1,01,A01
201200013328,0,07,000,00,1,2,01,A01
201200013329,0,07,000,13,0,8,14,A01
201200013330,0,33,000,00,2,7,01,A01
201200013330,0,02,000,00,2,1,19,B02
201200013331,0,14,000,02,0,1,00,A01
201200013332,0,34,000,15,0,8,01,A01
201200013333,0,33,000,00,2,8,01,B02
201200013333,0,07,000,00,2,8,15,A01
201200013334,0,07,000,00,2,3,01,B02
201200013334,0,07,000,00,2,3,05,A01
201200013335,0,07,000,06,0,3,02,A01
201200013336,0,07,000,00,2,3,17,B02
201200013336,0,14,000,00,2,8,01,D04
201200013336,0,07,000,00,2,2,00,C03
201200013336,0,07,000,00,2,3,17,A01
201200013337,0,07,000,02,0,1,14,A01
201200013338,0,07,000,03,0,3,01,A01
201200013339,0,07,000,00,0,1,00,A01
201200013340,0,33,000,13,0,7,15,A01
201200013341,0,07,000,08,0,1,01,A01
201200013342,0,01,000,,,,,B02
201200013342,0,07,000,,2,3,09,A01
201200013343,0,07,000,00,9,2,01,A01
201200013343,0,01,000,00,2,7,01,B02
201200013344,0,07,000,00,2,2,17,A01
201200013344,0,33,000,00,2,8,15,B02
201200013345,0,07,000,00,2,1,17,A01
201200013345,0,31,000,00,2,6,15,B02
201200013346,0,07,000,00,1,2,01,A01
201200013347,0,01,000,13,2,4,02,B02
201200013347,0,07,000,13,0,3,17,A01
201200013348,0,07,000,00,2,4,02,A01
201200013348,0,14,000,00,2,1,02,B02
201200013349,0,07,000,04,0,2,01,A01
201200013350,0,07,000,00,0,3,01,A01
201200013351,0,07,000,00,2,4,02,B02
201200013351,0,07,000,00,0,4,02,C03
201200013351,0,07,000,00,2,1,02,A01
201200013352,0,07,000,00,0,0,01,A01
201200013353,0,07,000,04,0,3,01,A01
201200013354,0,07,000,00,2,3,17,A01
201200013354,0,07,000,00,2,3,01,B02
201200013355,0,33,000,00,2,7,01,A01
201200013356,0,07,000,03,0,8,14,A01
201200013357,0,33,000,02,0,0,01,A01
201200013358,0,07,000,06,0,1,00,A01
201200013359,0,10,000,00,2,1,01,B01
201200013359,0,31,000,00,2,1,19,A01
201200013360,0,07,000,02,0,1,13,A01
201200013361,0,07,000,00,1,1,01,A01
201200013362,0,07,000,00,1,4,04,A01
201200013363,0,07,000,00,1,1,01,A01
201200013364,0,30,000,00,2,1,01,B01
201200013364,0,07,000,00,2,2,19,A01
201200013365,0,07,000,00,2,1,02,A01
201200013365,0,07,000,00,2,4,01,B01
201200013366,0,07,000,00,2,1,06,A01
201200013366,0,07,000,00,2,8,01,B01
201200013367,0,07,000,00,2,1,15,A01
201200013367,0,07,000,00,2,8,01,B01
201200013368,0,07,000,06,0,1,01,A01
201200013369,0,07,000,00,2,4,15,B01
201200013369,0,07,000,00,2,1,02,A01
201200013370,0,07,000,00,2,1,02,A01
201200013370,0,07,000,00,2,4,02,B01
201200013371,0,07,000,00,0,1,09,A01
201200013371,0,07,000,00,2,3,01,B01
201200013372,0,07,000,00,2,4,01,B01
201200013372,0,07,000,00,2,1,02,A01
201200013373,0,07,000,00,1,2,01,A01
201200013374,0,07,000,00,2,8,01,A01
201200013374,0,30,000,00,2,1,01,B01
201200013375,1,99,000,00,1,1,00,A01
201200013376,0,02,000,00,2,1,19,A01
201200013376,0,07,000,00,2,8,01,B01
201200013377,1,07,000,00,2,2,16,Z01
201200013377,0,07,000,00,2,3,01,B01
201200013378,0,07,000,00,2,1,15,B01
201200013378,0,32,000,00,2,8,17,A01
201200013379,0,07,000,06,0,7,01,A01
201200013380,0,07,000,00,2,3,15,B01
201200013380,0,07,000,00,2,2,17,A01
201200013381,0,07,000,00,2,4,01,B01
201200013381,0,30,000,00,2,1,02,A01
201200013382,0,01,000,00,2,1,01,B01
201200013382,0,07,000,00,9,3,16,A01
201200013383,0,30,000,00,2,8,15,B01
201200013383,0,07,000,00,2,1,17,A01
201200013384,1,07,000,00,2,1,01,Z01
201200013384,0,33,000,00,2,4,01,B01
201200013385,0,07,000,00,2,1,13,A01
201200013385,0,07,000,00,2,1,01,B01
201200013386,0,07,000,00,1,4,04,A01
201200013387,0,07,000,00,2,7,19,A01
201200013387,0,30,000,00,2,1,19,B01
201200013388,0,07,000,00,2,3,13,A01
201200013388,0,07,000,00,2,3,01,B01
201200013389,0,07,000,08,0,2,14,A01
201200013389,0,07,000,00,0,6,00,B01
201200013390,0,30,000,00,1,3,01,A01
201200013391,0,36,000,00,0,0,01,A01
201200013392,0,07,000,00,2,1,13,A01
201200013392,0,10,000,00,2,1,01,B01
201200013393,0,10,000,00,2,1,01,B01
201200013393,0,07,000,00,2,1,13,A01
201200013394,0,07,000,00,1,3,01,A01
201200013395,0,36,000,00,2,1,02,A01
201200013395,0,07,000,00,2,4,01,B01
201200013396,0,07,000,00,2,1,01,B01
201200013396,0,07,000,00,2,1,01,A01
201200013397,0,07,000,00,1,1,01,A01
201200013398,0,07,000,02,0,1,01,A01
201200013399,0,07,000,00,2,0,01,B01
201200013399,0,07,000,00,2,0,09,A01
201200013399,0,07,000,00,2,0,23,C01
201200013400,0,07,000,00,1,1,01,A01
201200013401,0,07,000,00,9,8,01,B01
201200013401,0,02,000,00,2,1,09,A01
201200013402,0,02,000,00,0,0,01,A01
201200013403,0,07,000,00,1,1,01,A01
201200013404,0,37,001,00,2,4,02,Z01
201200013404,0,07,000,00,2,1,02,A01
201200013405,0,07,000,00,1,1,01,A01
201200013406,0,07,000,00,2,8,09,A01
201200013406,0,30,000,00,2,1,01,B01
201200013407,0,07,000,00,2,1,01,A01
201200013407,0,07,000,00,2,4,02,C01
201200013407,0,07,000,00,2,4,01,B01
201200013408,0,07,000,00,2,1,01,B01
201200013408,0,07,000,00,2,7,01,A01
201200013409,0,07,000,00,2,1,02,A01
201200013409,0,07,000,00,2,4,02,B01
201200013410,0,07,000,04,0,2,01,A01
201200013411,0,02,000,00,0,0,01,A01
201200013412,0,33,000,00,0,0,01,A01
201200013413,0,07,000,00,2,1,02,A01
201200013413,0,07,000,00,2,4,02,B01
201200013414,0,07,000,00,2,3,10,A01
201200013414,0,07,000,00,2,1,02,B01
201200013415,0,07,000,13,0,0,01,A01
201200013416,0,01,000,00,9,0,00,B01
201200013416,0,34,000,00,9,0,00,A01
201200013417,0,07,000,00,1,1,01,A01
201200013418,0,07,000,00,2,4,02,B01
201200013418,0,07,000,00,2,1,02,A01
201200013419,0,07,000,00,2,4,01,B01
201200013419,0,07,000,00,2,1,02,A01
201200013420,0,07,000,00,2,1,01,B01
201200013420,0,07,000,00,2,7,06,A01
201200013421,0,02,000,00,0,0,01,A01
201200013422,0,07,000,02,0,1,01,A01
201200013423,0,07,000,00,2,8,16,A01
201200013423,0,30,000,00,2,8,01,B01
201200013424,0,30,000,00,0,0,01,A01
201200013425,0,07,000,00,2,4,24,Z01
201200013425,2,07,000,01,0,1,24,A01
201200013426,0,30,000,00,0,9,00,A01
201200013427,0,31,000,00,2,4,01,C01
201200013427,0,31,000,00,2,4,01,B01
201200013427,0,10,000,00,2,1,02,A01
201200013428,0,07,000,01,0,1,01,A01
201200013428,0,07,000,00,2,4,24,B01
201200013429,0,02,000,00,0,9,01,A01
201200013430,0,30,000,00,2,1,02,A01
201200013430,0,37,001,00,2,4,01,B01
201200013431,0,07,000,00,0,0,01,Z01
201200013432,0,07,000,00,2,1,15,A01
201200013432,0,07,000,00,2,8,01,B01
201200013433,0,07,000,00,1,2,19,A01
201200013434,0,07,000,00,2,1,15,B01
201200013434,0,07,000,00,2,3,19,A01
201200013435,0,30,000,00,0,8,15,A01
201200013436,0,07,000,00,2,3,01,B01
201200013436,0,07,000,00,2,1,12,A01
201200013437,0,02,000,00,0,9,00,A01
201200013438,0,30,000,00,2,8,19,B01
201200013438,0,07,000,00,2,1,01,A01
201200013439,0,07,000,00,0,0,09,A01
201200013439,0,07,000,00,2,4,01,C01
201200013439,0,07,000,00,2,1,21,B01
201200013440,0,07,000,02,0,1,00,A01
201200013441,0,30,000,00,2,3,01,B01
201200013441,0,07,000,00,2,1,09,A01
201200013442,0,07,000,00,2,8,15,A01
201200013442,0,32,000,00,2,1,01,B01
201200013443,0,07,000,00,1,2,01,A01
201200013444,0,07,000,00,2,2,01,B01
201200013444,0,07,000,00,2,1,09,A01
201200013445,0,07,000,00,2,8,01,B01
201200013445,0,07,000,00,2,1,19,A01
201200013446,0,07,000,00,1,0,01,Z01
201200013447,0,07,000,00,2,4,01,B01
201200013447,1,07,000,00,2,1,02,Z01
201200013448,0,07,000,00,2,9,19,A01
201200013448,0,07,000,00,2,7,01,B01
201200013449,0,31,000,00,0,0,09,A01
201200013450,0,07,000,15,0,1,01,A01
201200013451,1,07,000,00,2,2,02,Z01
201200013451,0,07,000,00,2,4,02,B01
201200013452,0,07,000,00,2,4,02,B01
201200013452,0,07,000,00,2,1,02,A01
201200013453,0,01,000,00,2,1,02,A01
201200013453,0,07,000,00,2,4,02,B01
201200013454,0,33,000,00,0,9,01,A01
201200013455,0,07,000,00,2,1,02,A01
201200013455,0,07,000,00,2,4,01,B01
201200013456,0,32,000,00,2,7,21,B01
201200013456,0,07,000,00,2,8,00,A01
201200013457,0,07,000,00,2,3,01,A01
201200013457,0,33,000,00,2,7,03,B01
201200013458,0,07,000,00,2,4,02,B01
201200013458,2,07,000,00,2,1,01,A01
201200013459,0,01,000,00,0,0,01,A01
201200013460,0,33,000,00,2,1,17,A01
201200013460,0,07,000,00,2,8,15,B01
201200013461,0,07,000,00,2,1,02,A01
201200013461,0,07,000,00,2,1,02,B01
201200013462,0,07,000,07,0,1,01,A01
201200013463,0,33,000,00,0,0,01,A01
201200013464,0,07,000,07,0,1,01,A01
201200013465,0,01,000,00,0,9,00,A01
201200013466,0,07,000,00,2,1,02,A01
201200013466,0,07,000,00,2,4,01,B01
201200013467,0,30,000,00,0,0,01,A01
201200013468,0,07,000,00,1,7,01,B01
201200013469,0,07,000,00,2,4,02,B01
201200013469,0,07,000,00,2,1,02,A01
201200013470,0,07,000,00,1,2,01,B01
201200013471,0,30,000,00,0,0,01,A01
201200013472,0,07,000,00,1,1,01,A01
201200013473,0,07,000,00,2,4,01,B01
201200013473,0,07,000,00,2,1,02,A01
201200013474,0,32,000,00,2,1,17,B01
201200013474,0,07,000,00,2,8,15,A01
201200013475,0,07,000,00,1,4,04,A01
201200013476,0,32,000,00,0,0,01,A01
201200013477,0,07,000,00,2,1,02,A01
201200013477,0,07,000,00,2,4,02,C01
201200013477,0,07,000,00,2,4,02,B01
201200013477,0,07,000,00,2,4,02,D01
201200013478,0,07,000,01,1,1,01,A01
201200013479,0,02,000,00,0,0,01,A01
201200013480,0,07,000,00,2,2,01,B01
201200013480,0,07,000,00,2,3,09,A01
201200013481,0,07,000,00,2,3,01,A01
201200013481,0,07,000,00,2,2,09,B01
201200013481,0,07,000,00,0,5,24,C01
201200013482,0,07,000,00,2,5,11,B01
201200013482,0,07,000,00,2,2,02,A01
201200013483,0,07,000,00,1,1,00,A01
201200013484,0,07,000,00,1,4,04,A01
201200013485,0,07,000,00,9,1,06,A01
201200013485,0,30,000,00,2,0,06,B01
201200013486,0,07,000,00,2,7,02,A01
201200013486,0,01,000,00,2,8,02,B01
201200013487,0,07,000,06,0,7,01,A01
201200013488,0,07,000,00,0,7,01,A01
201200013489,0,07,000,00,9,4,20,A01
201200013490,0,07,000,00,0,9,01,A01
201200013491,0,07,000,07,0,1,00,A01
201200013492,0,02,000,00,2,2,00,B01
201200013492,0,07,000,00,2,3,00,A01
201200013493,0,30,000,00,2,2,00,A01
201200013493,0,03,000,00,2,3,11,B01
201200013494,0,07,000,00,2,3,11,A01
201200013494,0,33,000,00,2,7,02,B01
201200013495,0,07,000,00,2,3,01,A01
201200013495,0,07,000,00,2,2,01,B01
201200013496,0,07,000,00,2,4,02,C01
201200013496,0,07,000,00,2,1,02,A01
201200013496,0,07,000,00,2,4,02,B01
201200013497,1,99,000,00,0,0,00,A01
201200013497,0,07,000,00,2,7,01,B01
201200013498,0,07,000,00,2,1,02,A01
201200013498,0,07,000,00,0,4,02,B01
201200013499,0,07,000,00,2,1,02,A01
201200013499,0,07,000,00,2,4,02,B01
201200013500,0,07,000,00,2,8,01,A01
201200013500,0,07,000,00,2,7,01,B01
201200013501,1,32,000,00,2,3,01,A01
201200013501,0,07,000,00,2,8,01,B01
201200013502,0,32,000,00,2,0,00,A01
201200013503,1,07,000,00,1,0,00,A01
201200013504,0,07,000,00,1,0,00,A01
201200013505,0,10,000,01,1,1,00,A01
201200013506,0,07,000,00,2,4,01,B01
201200013506,0,07,000,00,2,4,01,A01
201200013506,0,07,000,00,2,0,01,C01
201200013507,0,10,000,00,2,3,21,B01
201200013507,0,10,000,00,2,3,13,A01
201200013508,0,07,000,00,2,3,13,A01
201200013508,0,07,000,00,2,3,01,B01
201200013509,0,07,000,02,0,3,01,A01
201200013510,0,07,000,00,1,2,01,A01
201200013511,0,07,000,00,9,6,24,A01
201200013511,0,01,000,01,0,6,00,B01
201200013512,0,07,000,00,2,1,01,C01
201200013512,0,07,000,00,2,2,01,B01
201200013512,0,07,000,00,2,1,13,A01
201200013513,0,17,000,00,2,1,02,G07
201200013513,0,07,000,00,2,7,01,D04
201200013513,0,14,000,00,2,6,02,F06
201200013513,0,07,000,00,2,2,01,E05
201200013513,0,07,000,00,2,2,01,C03
201200013513,0,07,000,00,2,4,02,A01
201200013513,0,07,000,00,2,4,02,B02
201200013514,0,07,000,00,2,8,00,B02
201200013514,0,07,000,00,2,7,01,C03
201200013514,0,07,000,00,2,7,00,E05
201200013514,0,33,000,03,2,3,00,A01
201200013514,0,10,000,00,2,1,00,D04
201200013515,0,07,000,00,0,2,01,B02
201200013515,0,07,000,00,0,3,01,A01
201200013516,0,07,000,07,0,6,01,A01
201200013516,0,07,000,00,2,2,02,B02
201200013517,0,07,000,03,0,3,00,A01
201200013518,0,07,000,03,0,1,01,A01
201200013519,0,07,000,09,0,9,14,A01
201200013520,0,07,000,07,0,7,14,A01
201200013521,0,07,000,00,2,2,14,A01
201200013521,0,17,000,00,0,0,01,B02
201200013522,0,17,000,01,0,3,03,A01
201200013523,0,14,000,00,2,1,05,A01
201200013523,0,10,000,00,2,3,00,B02
201200013524,0,07,000,00,2,2,01,A01
201200013524,0,07,000,00,0,0,01,B01
201200013525,0,07,000,13,0,1,14,A01
201200013526,0,07,000,00,0,9,01,A01
201200013527,0,07,000,00,2,1,02,A01
201200013527,0,07,000,00,0,4,02,B02
201200013528,0,07,000,00,1,3,01,A01
201200013529,0,02,000,00,2,1,01,B01
201200013529,0,07,000,00,2,2,16,A01
201200013530,0,07,000,00,1,0,01,A01
201200013531,0,07,000,00,2,3,01,B01
201200013531,0,07,000,00,2,1,01,C01
201200013531,0,07,000,00,2,4,04,A01
201200013532,0,07,000,00,1,1,00,A01
201200013533,0,07,000,00,2,3,20,A01
201200013533,0,30,000,00,2,7,01,B01
201200013534,0,30,000,00,0,0,21,A01
201200013535,0,15,000,00,2,0,01,A01
201200013535,0,07,000,00,2,1,01,C01
201200013535,0,07,000,00,2,1,01,B01
201200013536,0,07,000,08,0,1,13,A01
201200013537,0,07,000,00,1,1,16,A01
201200013538,0,14,000,00,2,3,15,B01
201200013538,0,30,000,00,2,1,01,A01
201200013539,0,07,000,00,2,2,15,A01
201200013539,0,01,000,00,2,1,01,B01
201200013540,0,30,000,00,0,0,01,A01
201200013541,0,07,000,00,2,1,01,A01
201200013541,0,07,000,00,2,4,01,C01
201200013541,0,07,000,00,2,4,01,B01
201200013542,0,07,000,06,0,1,00,A01
201200013543,1,07,000,00,2,0,00,A01
201200013543,0,01,000,01,2,8,01,B01
201200013544,0,37,012,00,2,2,01,A01
201200013544,0,07,000,00,2,3,01,B01
201200013545,0,07,000,00,1,0,01,A01
201200013546,0,07,000,00,2,1,15,B01
201200013546,0,31,000,00,2,1,01,A01
201200013547,0,10,000,00,2,3,01,B01
201200013547,0,30,000,00,2,1,13,A01
201200013548,0,07,000,00,1,1,01,A01
201200013549,0,07,000,00,0,4,02,B01
201200013549,0,07,000,00,2,1,02,A01
201200013550,1,07,000,00,0,0,17,B01
201200013550,0,33,000,00,2,2,13,A01
201200013551,0,07,000,06,0,1,00,A01
201200013552,0,07,000,00,0,0,01,B01
201200013552,0,30,000,01,0,1,01,A01
201200013553,0,07,000,00,2,1,01,A01
201200013553,0,07,000,00,2,2,01,B01
201200013554,0,02,000,00,2,2,01,B01
201200013554,0,07,000,00,2,8,09,A01
201200013555,0,07,000,00,2,2,01,A01
201200013555,0,01,000,00,2,1,19,B01
201200013556,0,10,000,00,2,6,00,B01
201200013556,0,30,000,00,2,1,01,A01
201200013557,0,07,000,00,1,5,02,A01
201200013557,0,07,000,00,2,3,02,B01
201200013558,0,07,000,00,2,1,01,A01
201200013558,0,07,000,00,2,4,00,B01
201200013559,0,02,000,00,2,1,01,B01
201200013559,0,07,000,00,2,6,15,A01
201200013560,0,07,000,02,0,1,00,A01
201200013561,0,07,000,00,2,1,01,A01
201200013561,0,30,000,00,2,4,01,B01
201200013562,0,07,000,00,2,1,01,A01
201200013562,0,07,000,00,2,0,01,B01
201200013563,0,07,000,00,2,2,01,A01
201200013563,0,33,000,00,2,1,01,B01
201200013564,0,07,000,06,0,1,01,A01
201200013565,0,07,000,00,1,1,01,A01
201200013566,0,07,000,00,1,2,01,A01
201200013567,0,07,000,00,1,1,01,A01
201200013568,0,07,000,06,0,1,01,A01
201200013569,0,07,000,00,1,3,01,A01
201200013570,0,07,000,00,2,1,02,C01
201200013570,0,07,000,00,2,4,01,B01
201200013570,0,07,000,00,2,1,01,A01
201200013571,0,07,000,00,1,5,01,A01
201200013572,0,07,000,14,0,1,01,A01
201200013572,0,32,000,00,0,4,23,B01
201200013573,0,07,000,00,0,0,00,A01
201200013574,0,32,000,00,0,0,01,A01
201200013575,0,07,000,00,1,1,01,A01
201200013576,0,07,000,00,2,8,01,B01
201200013576,0,10,000,00,2,1,00,A01
201200013577,0,10,000,00,1,4,04,A01
201200013578,0,32,000,00,0,0,00,A01
201200013579,0,07,000,14,0,4,23,B01
201200013579,0,07,000,00,0,4,23,C01
201200013579,0,07,000,14,0,1,01,A01
201200013580,0,07,000,00,2,2,17,B01
201200013580,0,07,000,00,2,1,15,A01
201200013581,0,07,000,00,1,3,01,A01
201200013582,0,07,000,00,1,0,09,A01
201200013583,0,07,000,00,1,1,01,A01
201200013584,0,07,000,01,1,4,04,A01
201200013585,0,07,000,01,0,1,01,A01
201200013586,0,07,000,00,2,2,01,A01
201200013586,0,02,000,00,2,1,01,B01
201200013587,0,10,000,00,2,1,01,A01
201200013587,0,07,000,00,2,4,23,B01
201200013588,0,07,000,00,2,3,11,A01
201200013588,0,31,000,00,2,7,01,B01
201200013589,0,07,000,00,2,2,01,C01
201200013589,0,07,000,00,2,6,01,B01
201200013589,0,07,000,00,2,1,06,A01
201200013590,0,33,000,00,2,2,17,A01
201200013590,0,10,000,00,2,3,01,B01
201200013591,0,07,000,00,2,1,01,A01
201200013591,0,07,000,00,0,4,21,B01
201200013592,0,01,000,00,2,1,01,B01
201200013592,0,07,000,00,2,4,01,A01
201200013593,0,07,000,00,2,4,02,B01
201200013593,0,07,000,00,2,1,01,A01
201200013593,0,07,000,00,2,4,02,C01
201200013594,1,07,000,00,0,0,00,A01
201200013594,0,33,000,00,0,0,21,B01
201200013595,0,01,000,00,2,0,01,B01
201200013595,0,07,000,00,2,0,09,A01
201200013596,0,07,000,00,2,7,15,A01
201200013596,0,33,000,00,2,1,01,B01
201200013597,0,07,000,00,2,1,02,A01
201200013597,0,07,000,00,2,4,01,B01
201200013598,0,07,000,00,1,4,04,A01
201200013599,0,07,000,00,2,1,01,B01
201200013599,0,01,000,00,0,0,01,A01
201200013600,0,30,000,00,2,0,01,A01
201200013601,0,30,000,00,2,1,01,B01
201200013601,0,07,000,00,2,5,01,A01
201200013602,0,31,000,00,0,0,00,A01
201200013603,0,07,000,00,1,4,04,A01
201200013604,0,07,000,00,2,0,15,A01
201200013604,0,07,000,00,2,1,01,B01
201200013605,0,01,000,00,2,0,01,B01
201200013605,0,07,000,00,2,2,01,A01
201200013606,0,07,000,00,2,0,00,B01
201200013606,0,07,000,00,2,0,00,A01
201200013607,0,07,000,00,2,1,01,A01
201200013607,0,07,000,00,0,4,01,B01
201200013608,0,07,000,00,0,4,23,D01
201200013608,0,07,000,14,2,4,23,B01
201200013608,1,07,000,14,0,1,01,A01
201200013608,0,07,000,14,0,4,23,C01
201200013609,0,33,000,00,2,1,01,B01
201200013609,0,07,000,00,2,2,15,A01
201200013610,0,07,000,00,2,2,14,A01
201200013610,0,30,000,00,2,3,01,B01
201200013611,0,01,000,00,2,2,01,B01
201200013611,0,07,000,00,2,8,01,A01
201200013612,0,07,000,00,1,3,15,A01
201200013613,0,03,000,00,2,4,23,B01
201200013613,0,07,000,00,0,4,23,C01
201200013613,0,07,000,00,2,1,01,A01
201200013614,0,07,000,00,2,8,00,B01
201200013614,0,01,000,00,2,1,01,A01
201200013615,0,30,000,00,2,1,01,A01
201200013615,0,07,000,00,2,2,01,B01
201200013616,0,02,000,00,0,7,21,A01
201200013617,0,07,000,00,2,5,17,B02
201200013617,0,02,000,00,2,8,15,A01
201200013618,0,01,000,03,0,7,01,A01
201200013619,0,07,000,00,1,2,01,A01
201200013620,0,01,000,00,2,1,01,B01
201200013620,0,07,000,00,2,3,01,A01
201200013621,0,01,000,00,2,0,01,B01
201200013621,0,07,000,00,2,0,01,A01
201200013622,0,07,000,00,2,1,01,A01
201200013622,0,07,000,00,2,3,01,B01
201200013623,0,07,000,00,2,4,01,B01
201200013623,0,07,000,00,2,1,01,A01
201200013624,0,07,000,00,0,4,01,B01
201200013624,0,07,000,14,0,1,01,A01
201200013625,0,30,000,14,0,0,00,A01
201200013626,0,07,000,00,2,3,11,A01
201200013626,0,01,000,00,2,1,01,B01
201200013627,0,30,000,00,9,0,01,A01
201200013628,0,07,000,00,2,5,02,A01
201200013628,0,20,000,00,2,5,02,B01
201200013629,0,07,000,00,2,4,02,B01
201200013629,0,07,000,00,2,1,02,A01
201200013630,0,32,000,00,2,3,01,B01
201200013630,0,07,000,00,2,2,09,A01
201200013631,0,07,000,00,2,4,00,B01
201200013631,0,07,000,00,2,1,01,A01
201200013632,0,07,000,00,2,3,01,B01
201200013632,0,32,000,00,2,1,01,A01
201200013633,0,07,000,00,2,1,01,C01
201200013633,0,07,000,00,2,0,01,B01
201200013633,0,02,000,00,2,0,01,A01
201200013634,0,33,000,07,0,1,01,A01
201200013635,0,33,000,00,0,1,00,A01
201200013636,0,07,000,00,2,3,01,C01
201200013636,0,07,000,00,2,1,01,B01
201200013636,0,07,000,00,2,2,17,A01
201200013637,0,33,000,00,2,7,01,B01
201200013637,0,07,000,00,2,1,00,A01
201200013638,0,07,000,00,2,0,01,A01
201200013638,0,31,000,00,0,0,01,B01
201200013639,0,07,000,00,2,2,01,B01
201200013639,0,30,000,00,2,1,01,A01
201200013640,0,07,000,00,2,6,01,B01
201200013640,0,01,000,00,2,1,00,A01
201200013641,0,33,000,00,2,7,01,B01
201200013641,0,07,000,00,2,6,10,A01
201200013642,0,07,000,00,2,4,00,B01
201200013642,0,07,000,00,2,1,00,A01
201200013643,0,30,000,00,2,7,01,B01
201200013643,1,07,000,00,2,6,18,A01
201200013644,0,07,000,06,0,1,01,A01
201200013645,0,07,000,00,1,0,01,A01
201200013646,0,30,000,00,2,1,01,A01
201200013646,0,07,000,00,2,2,01,B01
201200013647,0,07,000,00,2,3,20,A01
201200013647,0,31,000,00,2,7,01,B01
201200013648,0,07,000,00,2,1,01,A01
201200013648,0,07,000,00,2,4,01,B01
201200013649,0,01,000,00,2,1,19,A01
201200013649,0,07,000,00,2,2,01,B01
201200013650,1,07,000,00,0,0,00,A01
201200013651,0,07,000,00,2,1,01,A01
201200013651,0,31,000,00,2,1,01,B01
201200013652,0,07,000,00,2,3,01,B01
201200013652,0,31,000,00,2,2,00,A01
201200013653,0,32,000,00,0,0,01,A01
201200013654,0,07,000,00,0,4,23,B01
201200013654,0,07,000,14,0,1,21,A01
201200013655,0,02,000,00,0,0,16,A01
201200013656,0,01,000,00,2,1,01,A01
201200013656,0,01,000,00,0,4,01,B01
201200013657,0,14,000,00,0,0,00,A01
201200013658,0,07,000,00,1,1,01,A01
201200013659,0,07,000,00,2,4,01,B01
201200013659,0,07,000,00,2,1,01,A01
201200013660,0,07,000,00,2,4,01,C01
201200013660,0,07,000,00,2,4,01,B01
201200013660,0,07,000,00,2,1,01,A01
201200013661,0,30,000,00,0,0,01,A01
201200013662,0,07,000,00,1,0,02,A01
201200013663,0,07,000,00,2,1,01,A01
201200013663,0,07,000,00,2,1,23,C01
201200013663,0,07,000,00,2,3,01,B01
201200013664,0,33,000,01,2,1,14,B01
201200013664,0,07,000,00,2,7,20,A01
201200013665,0,33,000,00,0,0,01,A01
201200013666,0,33,000,00,2,8,01,B01
201200013666,0,07,000,00,2,7,01,A01
201200013667,0,07,000,00,2,4,01,B01
201200013667,0,07,000,00,2,1,01,A01
201200013668,0,07,000,00,0,0,00,A01
201200013669,0,33,000,00,2,7,01,B01
201200013669,0,07,000,00,0,0,01,C01
201200013669,0,07,000,00,2,1,01,A01
201200013670,0,01,000,00,2,0,19,B01
201200013670,0,07,000,00,2,0,16,A01
201200013671,0,07,000,00,1,0,00,A01
201200013672,0,07,000,00,1,0,01,A01
201200013673,0,30,000,00,2,3,01,B01
201200013673,0,32,000,00,2,1,13,A01
201200013674,0,07,000,00,1,0,01,A01
201200013675,0,37,001,00,2,2,01,B01
201200013675,0,07,000,00,2,3,16,A01
201200013676,0,30,000,00,2,1,01,A01
201200013676,0,07,000,00,2,4,01,B01
201200013677,0,07,000,00,2,2,00,B01
201200013677,0,07,000,00,2,5,00,A01
201200013677,0,07,000,00,2,8,00,C01
201200013678,0,07,000,00,2,3,01,B01
201200013678,0,07,000,00,2,3,00,A01
201200013679,0,31,000,00,2,1,17,B01
201200013679,0,07,000,00,2,8,15,A01
201200013680,0,01,000,00,1,0,01,A01
201200013681,0,07,000,00,2,3,01,B01
201200013681,0,07,000,00,2,1,01,A01
201200013682,0,38,030,00,0,0,21,A01
201200013683,0,07,000,00,0,0,00,A01
201200013683,0,07,000,00,0,0,01,B01
201200013684,0,31,000,00,2,0,01,B01
201200013684,0,37,001,00,2,0,01,A01
201200013685,0,07,000,00,2,3,11,A01
201200013685,0,30,000,00,2,1,01,B01