Num_Acc,senc,catv,occutc,obs,obsm,choc,manv,num_veh
201200014442,0,07,000,00,2,3,15,B01
201200014443,0,07,000,00,1,2,01,A01
201200014444,0,07,000,00,2,4,23,B01
201200014444,0,07,000,00,2,1,01,A01
201200014445,0,30,000,00,2,1,05,A01
201200014445,0,07,000,00,2,2,21,B01
201200014446,1,34,000,00,1,1,00,Z01
201200014447,0,07,000,00,2,8,15,B01
201200014447,0,30,000,00,2,7,17,A01
201200014448,0,10,000,01,2,1,01,A01
201200014448,0,07,000,00,2,3,15,B01
201200014449,0,32,000,00,0,1,02,A01
201200014449,0,07,000,00,0,3,11,B01
201200014450,0,07,000,00,0,3,00,A01
201200014451,0,07,000,00,2,2,15,A01
201200014451,0,33,000,00,2,1,00,B01
201200014452,1,14,000,00,0,0,12,Z01
201200014452,0,03,000,04,0,7,21,B01
201200014453,0,31,000,00,2,1,02,A01
201200014453,0,07,000,00,2,4,02,B01
201200014454,0,07,000,00,2,3,09,B01
201200014454,0,33,000,00,2,1,09,A01
201200014455,0,30,000,00,2,1,02,A01
201200014455,0,07,000,00,2,6,02,B01
201200014456,0,33,000,01,0,0,01,A01
201200014457,0,30,000,00,2,4,10,A01
201200014457,0,30,000,00,2,1,14,B01
201200014458,0,07,000,00,2,8,23,B01
201200014458,1,07,000,00,2,7,01,Z01
201200014459,0,07,000,06,0,7,01,A01
201200014460,0,31,000,00,0,0,21,A01
201200014460,1,07,000,00,0,0,00,Z01
201200014461,0,07,000,15,0,1,01,A01
201200014462,0,32,000,00,0,8,01,A01
201200014463,0,37,001,00,1,7,01,A01
201200014464,0,07,000,00,2,6,04,A01
201200014464,0,07,000,00,2,5,01,B01
201200014465,0,14,000,03,0,3,16,A01
201200014466,1,07,000,00,2,1,01,Z01
201200014466,0,07,000,01,2,8,01,B01
201200014467,0,32,000,00,2,8,01,B01
201200014467,0,07,000,00,2,0,19,A01
201200014468,1,07,000,00,1,1,01,A01
201200014469,0,34,000,00,2,8,01,A01
201200014469,0,07,000,00,2,1,01,B01
201200014470,0,07,000,00,1,3,02,A01
201200014471,0,07,000,00,2,3,01,B01
201200014471,0,07,000,00,2,3,13,A01
201200014472,0,30,000,00,9,0,01,B01
201200014473,0,02,000,00,1,1,00,A01
201200014474,0,07,000,04,0,1,01,A01
201200014475,0,07,000,00,2,7,17,A01
201200014475,0,07,000,01,0,8,01,B01
201200014476,0,07,000,00,2,1,01,B01
201200014476,1,13,000,00,2,0,10,Z01
201200014477,0,07,000,00,2,8,01,B01
201200014477,0,30,000,00,2,8,06,A01
201200014478,0,07,000,00,1,3,01,A01
201200014479,0,33,000,00,0,1,02,A01
201200014479,0,07,000,00,1,4,02,B01
201200014480,0,33,000,00,2,7,03,A01
201200014480,0,07,000,00,2,5,01,B01
201200014480,0,07,000,00,2,6,00,C01
201200014481,0,07,000,00,2,1,02,A01
201200014481,0,07,000,00,2,4,02,B01
201200014482,0,07,000,00,2,1,01,B01
201200014482,0,07,000,00,2,5,01,A01
201200014483,0,07,000,08,0,2,01,A01
201200014484,0,07,000,08,2,3,15,A01
201200014484,0,33,000,00,2,2,17,B01
201200014485,0,07,000,00,2,3,20,A01
201200014485,0,34,000,00,2,2,13,B01
201200014486,0,07,000,00,2,4,23,B01
201200014486,1,07,000,00,2,1,02,Z01
201200014487,0,07,000,00,2,2,15,A01
201200014487,0,33,000,00,2,1,01,B01
201200014488,1,07,000,00,2,8,15,Z01
201200014488,0,02,000,00,2,3,17,B01
201200014489,1,07,000,00,1,4,04,Z01
201200014490,0,07,000,00,2,1,00,A01
201200014490,0,07,000,00,0,4,00,B01
201200014491,1,07,000,00,1,1,01,Z01
201200014492,0,07,000,00,2,1,02,A01
201200014492,0,07,000,00,2,4,02,B01
201200014492,0,07,000,00,2,4,02,C01
201200014493,0,07,000,00,2,7,00,A01
201200014493,0,07,000,00,2,1,01,B01
201200014494,0,33,000,00,2,1,17,A01
201200014494,0,07,000,00,2,3,15,B01
201200014495,0,37,001,00,0,2,02,A01
201200014495,0,07,000,00,0,4,02,B01
201200014496,0,33,000,00,2,1,02,A01
201200014496,0,30,000,00,2,4,01,B01
201200014497,0,07,000,00,2,8,01,B01
201200014497,0,33,000,08,2,7,05,A01
201200014498,1,07,000,00,2,1,02,Z01
201200014498,0,07,000,00,2,4,23,B01
201200014499,0,07,000,00,2,4,02,F02
201200014499,0,07,000,00,2,4,02,E01
201200014499,0,07,000,00,2,4,01,B01
201200014499,0,07,000,00,2,4,02,C01
201200014499,0,07,000,00,2,4,02,D01
201200014499,0,07,000,00,2,1,02,A01
201200014500,0,33,000,00,2,1,03,B01
201200014500,0,07,000,00,2,2,12,A01
201200014501,0,13,000,00,2,2,01,A01
201200014501,0,01,000,00,2,3,01,B01
201200014502,0,30,000,00,0,1,08,A01
201200014502,0,07,000,00,0,7,15,B01
201200014503,0,10,000,00,2,5,20,A01
201200014503,0,32,000,00,2,5,02,B01
201200014504,0,07,000,00,2,3,01,B01
201200014504,0,07,000,00,2,2,01,A01
201200014505,0,40,000,00,9,3,08,B01
201200014505,0,01,000,00,4,3,08,A01
201200014506,0,07,000,00,0,0,13,B01
201200014506,0,31,000,00,0,0,01,A01
201200014507,0,07,000,00,1,0,04,A01
201200014508,0,07,000,00,2,3,01,A01
201200014508,0,07,000,00,2,3,01,B01
201200014509,1,99,000,00,2,0,00,Z01
201200014510,0,33,000,00,2,1,02,A01
201200014510,0,07,000,00,2,4,02,B01
201200014511,0,07,000,00,2,7,15,A01
201200014511,0,33,000,00,4,1,01,B01
201200014512,0,07,000,00,2,3,13,A01
201200014512,0,38,025,00,2,1,01,B01
201200014513,0,32,000,00,2,1,05,A01
201200014513,0,10,000,00,2,1,15,B01
201200014514,0,07,000,01,0,2,01,A01
201200014515,0,40,000,00,1,1,01,A01
201200014516,0,07,000,00,2,1,13,A01
201200014516,0,14,000,12,2,3,01,B01
201200014517,0,07,000,00,1,2,00,A01
201200014518,1,07,000,00,2,7,12,Z01
201200014518,0,07,000,00,2,8,01,B01
201200014519,0,07,000,00,2,2,15,A01
201200014519,0,07,000,00,2,3,01,B01
201200014520,0,30,000,00,2,0,01,B01
201200014520,1,07,000,00,2,0,00,Z01
201200014521,1,30,000,00,1,0,00,Z01
201200014522,0,33,000,00,2,1,01,B01
201200014522,0,07,000,00,2,3,01,A01
201200014523,0,07,000,00,2,1,12,A01
201200014523,0,07,000,12,2,1,01,B01
201200014523,0,07,000,00,2,4,00,C01
201200014523,0,07,000,00,2,0,00,D01
201200014524,1,07,000,00,1,0,01,Z01
201200014525,0,07,000,00,2,1,15,A01
201200014525,0,32,000,00,2,1,17,B01
201200014526,0,07,000,00,1,2,09,A01
201200014527,0,31,000,00,2,7,01,B01
201200014527,0,10,000,00,2,2,09,A01
201200014528,0,32,000,00,2,3,01,B01
201200014528,1,30,000,00,2,1,01,Z01
201200014529,0,34,000,00,0,8,15,A01
201200014530,0,07,000,00,1,1,01,B01
201200014531,0,34,000,00,2,1,01,B01
201200014531,0,07,000,00,2,8,02,A01
201200014532,0,31,000,00,0,8,00,A01
201200014533,0,07,000,00,1,1,01,A01
201200014534,0,33,000,00,2,1,17,A01
201200014534,0,07,000,00,2,8,15,B01
201200014535,1,07,000,00,1,0,01,A01
201200014536,0,07,000,00,2,6,01,B01
201200014536,0,07,000,00,2,3,09,A01
201200014537,0,07,000,00,2,8,01,A01
201200014537,0,07,000,00,2,2,01,B01
201200014538,1,07,000,00,0,2,15,Z01
201200014538,0,33,000,00,0,1,01,B01
201200014539,0,33,000,00,2,1,01,B01
201200014539,0,07,000,00,2,3,09,A01
201200014540,0,32,000,00,0,0,01,A01
201200014541,0,10,000,00,1,1,10,A01
201200014542,0,07,000,00,0,0,01,A01
201200014543,0,07,000,00,2,6,01,B01
201200014543,0,07,000,00,2,1,14,A01
201200014544,0,07,000,01,2,1,01,A01
201200014544,0,07,000,00,0,3,00,B01
201200014545,0,07,000,01,2,2,15,B01
201200014545,0,33,000,00,2,1,01,A01
201200014546,0,07,000,00,0,0,00,B01
201200014546,0,07,000,00,0,3,01,A01
201200014547,0,07,000,00,1,4,04,A01
201200014548,0,07,000,00,2,8,15,A01
201200014548,0,31,000,00,2,1,01,B01
201200014549,0,01,000,00,2,1,00,B01
201200014549,0,07,000,00,9,1,01,A01
201200014550,0,07,000,00,2,3,13,A01
201200014550,0,30,000,00,2,7,17,B01
201200014551,0,07,000,00,2,2,01,A01
201200014551,0,07,000,00,2,3,15,B01
201200014552,0,10,000,00,1,1,01,A01
201200014553,0,07,000,00,2,8,01,B01
201200014553,0,07,000,00,2,3,01,C01
201200014553,0,07,000,00,2,3,13,A01
201200014554,0,07,000,00,1,1,01,A01
201200014555,0,07,000,00,2,8,01,B01
201200014555,0,07,000,00,2,2,15,A01
201200014556,0,07,000,00,9,3,15,B01
201200014556,0,01,000,00,2,1,17,A01
201200014557,0,07,000,00,2,3,02,A01
201200014557,0,33,000,00,2,1,02,B01
201200014558,0,10,000,00,1,3,02,A01
201200014559,0,33,000,00,0,0,00,A01
201200014560,0,07,000,00,1,0,00,A01
201200014561,0,07,000,15,1,1,00,A01
201200014562,0,07,000,06,0,1,00,A01
201200014563,0,33,000,00,2,1,01,B01
201200014563,0,07,000,00,0,5,09,A01
201200014564,0,30,000,00,2,5,17,B01
201200014564,0,07,000,00,2,3,09,A01
201200014565,0,07,000,00,2,3,01,B01
201200014565,0,07,000,00,2,2,01,A01
201200014566,0,30,000,00,1,0,21,A01
201200014566,0,32,000,14,2,1,21,B01
201200014567,0,07,000,00,2,3,01,B01
201200014567,0,07,000,00,2,8,15,A01
201200014568,0,07,000,00,2,3,15,A01
201200014568,0,32,000,00,2,9,01,B01
201200014568,0,07,000,00,2,8,23,C01
201200014569,0,07,000,00,0,1,00,B01
201200014569,0,07,000,00,2,3,00,A01
201200014570,1,07,000,00,2,1,01,Z01
201200014570,0,07,000,00,2,0,00,B01
201200014571,0,07,000,00,1,7,01,A01
201200014572,0,07,000,00,1,3,00,A01
201200014573,0,02,000,08,0,8,00,A01
201200014574,0,07,000,00,2,2,10,A01
201200014574,0,32,000,01,2,1,02,B01
201200014575,0,30,000,00,0,0,01,B01
201200014575,1,07,000,00,9,0,11,Z01
201200014576,1,07,000,00,2,1,01,Z01
201200014576,0,07,000,00,2,4,00,B01
201200014577,1,07,000,00,2,1,01,Z01
201200014577,0,02,000,00,2,7,01,B01
201200014578,0,07,000,00,2,8,01,B01
201200014578,1,07,000,00,2,2,02,Z01
201200014579,0,33,000,00,0,0,16,A01
201200014580,0,07,000,09,0,1,02,A01
201200014581,0,07,000,00,0,4,23,B01
201200014581,0,07,000,00,0,1,02,A01
201200014582,0,33,000,00,2,8,24,A01
201200014583,0,07,000,00,2,1,01,A01
201200014583,0,37,001,00,2,8,01,B01
201200014584,0,37,000,00,1,2,01,A01
201200014585,0,02,000,00,0,1,01,A01
201200014585,0,07,000,00,0,0,01,B01
201200014586,0,32,000,00,2,1,17,A01
201200014586,0,07,000,00,2,6,15,B01
201200014587,0,30,000,00,0,3,15,A01
201200014587,0,07,000,00,2,2,01,B01
201200014588,0,07,000,00,1,1,01,A01
201200014589,0,10,000,00,2,4,23,B01
201200014589,0,07,000,00,2,1,01,A01
201200014589,0,10,000,00,2,4,23,C01
201200014590,0,02,000,00,2,1,02,B01
201200014590,0,07,000,00,0,3,01,A01
201200014591,0,07,000,00,2,4,02,C01
201200014591,0,07,000,00,2,4,02,B01
201200014591,0,07,000,00,2,2,02,A01
201200014592,0,07,000,00,0,8,11,A01
201200014592,0,02,000,00,2,1,01,B01
201200014593,0,07,000,00,2,4,01,C01
201200014593,0,07,000,00,2,3,01,B01
201200014593,0,07,000,00,2,1,01,A01
201200014594,0,30,000,00,1,1,01,A01
201200014595,0,33,000,00,2,0,21,A01
201200014595,0,07,000,00,0,0,01,B01
201200014596,0,07,000,00,2,1,02,A01
201200014596,0,07,000,00,2,4,02,B01
201200014597,0,30,000,00,2,8,00,B01
201200014597,0,34,000,00,2,1,01,A01
201200014598,0,07,000,08,0,1,00,A01
201200014599,0,02,000,08,0,1,01,A01
201200014600,1,07,000,00,2,3,00,Z01
201200014600,0,32,000,00,2,1,00,B01
201200014601,0,10,000,00,1,4,04,A01
201200014602,0,07,000,00,1,1,01,A01
201200014603,0,07,000,00,1,1,15,A01
201200014604,0,07,000,00,2,6,15,B01
201200014604,0,07,000,00,2,3,01,A01
201200014605,0,10,000,00,2,8,01,B01
201200014605,0,31,000,00,2,7,17,A01
201200014606,0,07,000,00,1,1,01,A01
201200014607,0,07,000,01,0,1,00,A01
201200014608,0,07,000,00,2,0,01,B01
201200014608,1,07,000,00,2,0,01,Z01
201200014609,0,07,000,06,0,1,00,A01
201200014610,0,32,000,00,0,0,01,A01
201200014611,0,30,000,00,2,7,01,A01
201200014611,0,07,000,00,2,1,01,B01
201200014612,0,07,000,11,0,1,02,A01
201200014613,0,99,000,12,0,0,16,A01
201200014614,1,07,000,00,1,1,01,Z01
201200014615,0,33,000,00,2,1,01,B01
201200014615,0,07,000,00,2,5,15,A01
201200014616,0,07,000,01,0,4,00,A01
201200014617,0,07,000,00,0,2,02,A01
201200014617,0,32,000,00,2,2,03,B01
201200014618,0,31,000,00,2,3,02,A01
201200014618,0,07,000,00,2,5,23,B01
201200014619,0,07,000,00,0,1,02,A01
201200014619,0,33,000,00,0,4,02,B01
201200014620,0,07,000,00,2,1,09,A01
201200014620,0,32,000,00,2,7,01,B01
201200014621,0,10,000,00,2,1,01,A01
201200014621,0,02,000,00,2,1,02,B01
201200014622,0,07,000,00,2,1,02,A01
201200014622,0,07,000,00,2,4,02,B01
201200014622,0,07,000,00,2,4,02,C01
201200014623,0,30,000,00,0,0,16,A01
201200014624,0,07,000,00,1,3,02,A01
201200014625,0,32,000,00,2,1,21,B01
201200014625,0,10,000,00,2,3,09,A01
201200014626,0,34,000,01,2,5,21,A01
201200014626,0,07,000,00,0,0,01,B01
201200014627,0,32,000,00,0,1,01,A01
201200014627,0,10,000,00,0,7,09,B01
201200014628,0,07,000,00,2,3,19,A01
201200014628,0,07,000,00,2,1,01,B01
201200014629,0,07,000,00,0,7,12,A01
201200014629,0,32,000,00,0,8,03,B01
201200014630,0,33,000,01,0,3,01,B01
201200014630,0,07,000,00,2,2,14,A01
201200014631,0,07,000,00,2,2,02,A01
201200014631,0,33,000,00,2,4,02,B01
201200014632,0,33,000,00,0,7,02,B01
201200014632,0,07,000,00,0,8,13,A01
201200014633,0,34,000,00,0,0,01,A01
201200014634,0,07,000,00,2,1,02,A01
201200014634,0,07,000,00,2,4,02,B01
201200014635,1,07,000,00,1,1,01,Z01
201200014636,0,07,000,00,1,2,01,A01
201200014637,1,10,000,00,1,1,00,Z01
201200014638,0,07,000,01,2,2,01,B01
201200014638,1,07,000,00,2,3,01,Z01
201200014639,1,07,000,00,2,0,01,Z01
201200014639,0,02,000,00,2,0,01,B01
201200014640,0,33,000,00,2,8,00,B01
201200014640,0,07,000,00,2,5,02,A01
201200014641,0,10,000,00,2,2,01,B01
201200014641,0,07,000,00,2,8,15,A01
201200014642,0,07,000,00,2,5,15,B01
201200014642,0,07,000,00,2,3,15,A01
201200014643,0,07,000,00,0,0,00,A01
201200014643,0,33,000,00,2,0,02,B01
201200014644,0,07,000,00,2,3,01,B01
201200014644,0,07,000,11,2,3,01,A01
201200014645,0,02,000,00,2,1,00,A01
201200014645,0,07,000,00,9,3,01,B01
201200014646,0,07,000,00,2,3,15,A01
201200014646,0,33,000,00,2,2,01,B01
201200014647,0,07,000,00,2,7,19,A01
201200014647,0,07,000,00,2,1,01,B01
201200014648,1,30,000,00,1,0,00,Z01
201200014649,1,07,000,00,0,0,00,Z01
201200014649,0,07,000,00,2,4,23,B01
201200014650,0,30,000,00,2,7,01,B01
201200014650,0,07,000,00,2,0,00,A01
201200014651,0,07,000,00,2,4,02,A01
201200014651,0,37,001,00,2,1,02,B01
201200014651,0,07,000,00,0,4,02,C01
201200014652,0,07,000,00,2,8,15,A01
201200014652,0,33,000,01,2,2,21,B01
201200014653,0,07,000,01,2,1,01,B01
201200014653,0,07,000,01,2,2,15,A01
201200014654,0,07,000,00,1,1,01,A01
201200014655,0,07,000,00,0,4,02,B01
201200014655,1,07,000,00,2,1,02,A01
201200014656,0,14,000,00,2,2,12,A01
201200014656,0,07,000,00,2,8,01,B01
201200014657,0,32,000,00,2,1,02,A01
201200014657,0,07,000,00,2,4,02,B01
201200014658,0,32,000,00,2,0,00,A01
201200014658,0,07,000,00,2,3,01,B01
201200014659,0,07,000,00,2,9,02,B01
201200014659,0,07,000,00,2,1,02,A01
201200014660,0,32,000,00,2,1,02,B01
201200014660,0,07,000,01,0,3,02,A01
201200014661,0,32,000,00,2,8,02,B01
201200014661,0,10,000,00,2,4,23,A01
201200014662,0,33,000,01,0,1,00,A01
201200014663,0,07,000,00,1,2,02,A01
201200014664,0,07,000,00,2,2,02,B01
201200014664,0,02,000,00,2,1,02,A01
201200014665,0,07,000,00,2,1,00,A01
201200014665,0,07,000,00,2,1,00,B01
201200014666,0,07,000,00,0,4,23,B01
201200014666,0,07,000,00,2,1,02,A01
201200014667,0,07,000,00,2,1,02,A01
201200014667,0,07,000,00,2,4,23,B01
201200014667,0,07,000,00,2,4,23,C01
201200014667,0,07,000,00,2,4,23,D01
201200014668,0,07,000,01,2,4,02,C01
201200014668,0,07,000,00,2,1,02,A01
201200014668,0,07,000,00,2,4,02,B01
201200014668,0,07,000,00,2,4,02,D01
201200014669,0,38,000,00,0,7,00,A01
201200014670,0,07,000,00,1,1,01,A01
201200014671,0,34,000,00,2,1,01,B01
201200014671,0,07,000,00,2,2,15,A01
201200014672,0,07,000,00,1,3,01,A01
201200014673,0,07,000,00,0,4,01,B01
201200014673,0,07,000,00,2,1,02,A01
201200014674,0,07,000,13,0,2,01,A01
201200014675,0,07,000,00,2,1,23,B01
201200014675,0,07,000,00,2,1,01,A01
201200014676,0,31,000,00,1,2,17,A01
201200014677,0,33,000,00,2,2,17,B01
201200014677,0,07,000,00,2,8,10,A01
201200014678,0,07,000,00,0,7,01,A01
201200014678,1,07,000,00,2,1,10,Z01
201200014679,0,07,000,00,2,4,00,B01
201200014679,1,07,000,00,2,1,02,Z01
201200014680,0,07,000,00,2,4,02,B01
201200014680,1,07,000,00,0,1,02,Z01
201200014681,1,07,000,00,2,1,02,Z01
201200014681,0,07,000,00,2,4,23,B01
201200014682,1,07,000,00,2,1,01,Z01
201200014682,0,07,000,00,2,4,01,B01
201200014683,0,07,000,00,2,2,10,A01
201200014683,0,32,000,00,2,3,01,B01
201200014684,1,07,000,00,2,1,02,Z01
201200014684,0,07,000,00,2,4,23,B01
201200014685,0,07,000,00,0,5,12,A01
201200014685,0,33,000,00,0,3,02,B01
201200014686,0,15,000,00,0,0,00,A01
201200014687,0,10,000,00,2,2,01,B01
201200014687,0,07,000,00,2,2,13,A01
201200014688,0,07,000,08,0,1,01,A01
201200014689,0,10,000,00,1,3,17,A01
201200014690,0,32,000,00,1,1,01,A01
201200014691,0,07,000,00,2,4,01,B01
201200014691,0,07,000,00,2,1,01,A01
201200014692,0,32,000,00,2,7,15,A01
201200014692,1,07,000,00,2,0,13,Z01
201200014693,0,33,000,01,2,1,00,B01
201200014693,2,07,000,00,2,3,00,A01
201200014694,0,07,000,00,1,3,00,A01
201200014695,0,07,000,00,2,3,02,B01
201200014695,0,30,000,00,2,1,21,A01
201200014696,0,07,000,00,2,3,01,A01
201200014696,0,07,000,00,2,2,01,B01
201200014697,0,33,000,00,2,1,01,B01
201200014697,2,07,000,00,2,2,15,A01
201200014698,0,33,000,00,1,1,02,A01
201200014699,0,07,000,00,0,5,00,B01
201200014699,0,01,000,00,2,5,00,A01
201200014700,0,07,000,00,2,1,02,A01
201200014700,0,07,000,00,0,4,09,B01
201200014701,0,32,000,00,2,7,02,B01
201200014701,0,07,000,00,2,3,02,A01
201200014702,0,37,001,00,2,2,02,A01
201200014703,0,07,000,00,2,0,09,A01
201200014703,0,32,000,00,2,6,18,B01
201200014704,0,15,000,00,2,1,02,A01
201200014704,0,07,000,00,0,4,02,B01
201200014704,0,07,000,00,0,4,02,C01
201200014705,0,10,000,00,0,5,15,B01
201200014705,0,30,000,00,2,1,01,A01
201200014706,0,07,000,00,2,4,02,B01
201200014706,1,07,000,00,2,1,02,Z01
201200014707,0,07,000,00,2,8,00,A01
201200014707,0,30,000,00,2,1,00,B01
201200014708,0,30,000,00,1,1,03,A01
201200014709,0,07,000,00,2,1,05,A01
201200014709,0,07,000,00,2,1,00,B01
201200014710,0,07,000,00,1,2,01,A01
201200014711,0,33,000,00,2,7,02,A01
201200014711,0,07,000,00,2,8,15,B01
201200014712,0,07,000,00,2,4,01,B01
201200014712,0,07,000,00,2,1,02,A01
201200014713,0,32,000,00,2,2,01,A01
201200014713,0,07,000,00,2,6,09,B01
201200014714,0,07,000,00,2,4,23,B01
201200014714,1,07,000,00,2,1,00,Z01
201200014715,0,07,000,00,2,2,15,A01
201200014715,0,02,000,00,2,1,01,B01
201200014716,0,10,000,00,1,1,15,A01
201200014717,0,32,000,00,2,7,17,B01
201200014717,0,07,000,00,2,8,00,A01
201200014718,0,07,000,00,2,3,01,B01
201200014718,0,07,000,00,2,5,01,A01
201200014719,0,07,000,00,0,0,02,A01
201200014720,0,07,000,00,1,1,01,A01
201200014721,0,10,000,00,2,3,15,A01
201200014721,0,32,000,00,2,7,17,B01
201200014722,0,07,000,00,2,1,16,A01
201200014722,0,02,000,00,2,7,05,B01
201200014723,0,07,000,00,0,4,02,A01
201200014723,0,07,000,00,2,1,02,B01
201200014724,0,33,000,00,0,1,01,A01
201200014725,0,07,000,00,2,3,09,C01
201200014725,0,07,000,00,2,2,02,A01
201200014725,0,07,000,00,2,6,02,B01
201200014726,0,07,000,00,2,3,13,A01
201200014726,0,33,000,00,2,1,01,B01
201200014727,0,34,000,00,0,0,02,A01
201200014727,0,34,000,00,0,0,02,B01
201200014728,0,07,000,00,2,8,15,A01
201200014728,0,02,000,00,2,0,17,B01
201200014729,0,07,000,00,0,0,15,A01
201200014729,0,31,000,00,0,0,17,B01
201200014730,0,07,000,00,1,1,01,A01
201200014731,0,07,000,00,2,3,10,A01
201200014731,0,30,000,00,2,1,17,B01
201200014732,0,07,000,00,2,4,00,B01
201200014732,0,32,000,00,2,1,02,A01
201200014733,0,07,000,00,0,4,23,A01
201200014733,0,07,000,00,2,1,02,B01
201200014734,0,07,000,00,0,3,00,A01
201200014734,1,33,000,00,0,0,00,Z01
201200014735,0,30,000,00,2,7,01,B01
201200014735,1,07,000,00,2,8,13,Z01
201200014736,0,07,000,00,1,4,04,A01
201200014737,0,32,000,00,2,1,02,A01
201200014737,0,07,000,00,2,1,02,B01
201200014738,1,30,000,08,2,7,05,Z01
201200014739,0,07,000,00,2,1,00,A01
201200014739,0,02,000,00,2,1,00,B01
201200014740,0,07,000,00,2,4,02,B01
201200014740,0,07,000,00,2,3,02,C01
201200014740,0,30,000,00,2,1,02,A01
201200014741,1,07,000,00,2,1,01,Z01
201200014741,0,07,000,00,2,4,23,B01
201200014742,1,07,000,00,2,1,00,Z01
201200014742,0,07,000,00,0,5,02,A01
201200014743,0,10,000,00,2,3,09,A01
201200014743,0,32,000,00,2,2,01,B01
201200014744,1,07,000,00,1,1,17,Z01
201200014745,0,30,000,00,2,2,01,A01
201200014745,1,07,000,00,0,0,00,Z01
201200014746,0,30,000,00,1,1,01,A01
201200014747,0,07,000,00,2,6,02,B01
201200014747,0,33,000,00,2,1,02,A01
201200014748,0,02,000,00,2,1,01,A01
201200014748,0,07,000,00,2,7,01,B01
201200014749,1,07,000,00,0,3,15,Z01
201200014749,0,02,000,00,2,1,17,B01
201200014750,1,07,000,00,2,9,01,Z01
201200014750,0,07,000,00,2,8,01,B01
201200014750,0,07,000,00,2,8,01,C01
201200014751,0,07,000,00,2,3,23,A01
201200014751,1,07,000,00,2,2,01,Z01
201200014752,0,30,000,00,2,1,00,A01
201200014752,1,07,000,00,2,0,00,Z01
201200014753,0,02,000,00,2,2,15,A01
201200014753,0,02,000,00,2,3,01,B01
201200014754,0,10,000,00,2,1,02,A01
201200014754,0,07,000,00,0,4,02,B01
201200014755,0,37,001,00,2,3,01,B01
201200014755,0,07,000,00,2,7,17,A01
201200014756,0,37,001,00,2,7,21,B01
201200014756,0,10,000,00,2,6,09,A01
201200014757,0,07,000,00,1,3,01,A01
201200014758,1,07,000,00,2,1,01,Z01
201200014758,0,07,000,00,2,4,01,A01
201200014759,0,07,000,00,9,6,15,A01
201200014759,0,33,000,00,2,1,01,B01
201200014760,0,33,000,00,2,1,01,B01
201200014760,0,10,000,00,2,8,15,A01
201200014761,0,07,000,00,1,1,00,A01
201200014762,0,07,000,00,2,2,15,A01
201200014762,0,07,000,00,2,3,01,B01
201200014763,0,34,000,00,2,7,01,B01
201200014763,0,02,000,00,2,1,01,A01
201200014764,0,33,000,00,0,7,01,A01
201200014765,0,02,000,00,0,1,07,B01
201200014765,0,07,000,00,0,5,16,A01
201200014766,0,07,000,00,2,4,02,B01
201200014766,0,07,000,00,2,4,02,C01
201200014766,0,07,000,00,2,1,02,A01
201200014767,0,07,000,00,2,2,15,A01
201200014767,0,30,000,00,2,1,01,B01
201200014768,0,07,000,00,2,3,10,A01
201200014768,0,02,000,00,2,1,01,B01
201200014769,0,32,000,00,0,0,01,A01
201200014770,0,33,000,00,1,1,01,A01
201200014771,1,99,000,00,1,0,00,Z01
201200014772,0,07,000,00,2,1,01,A01
201200014772,0,07,000,00,2,8,01,B01
201200014773,0,33,000,00,0,1,01,A01
201200014773,0,34,000,00,0,4,12,B01
201200014774,0,34,000,00,2,1,01,B01
201200014774,0,07,000,00,2,1,10,A01
201200014775,0,07,000,11,2,2,00,A01
201200014775,0,32,000,00,2,1,16,B01
201200014776,0,02,000,00,2,2,17,A01
201200014776,0,07,000,00,9,3,13,B01
201200014777,2,07,000,00,4,7,02,A01
201200014777,0,40,000,00,2,1,00,B01
201200014778,0,33,000,00,2,1,00,B01
201200014778,0,07,000,00,2,2,00,A01
201200014779,0,07,000,00,0,7,15,A01
201200014779,0,33,000,00,0,1,09,B01
201200014780,0,07,000,00,0,3,10,A01
201200014780,0,30,000,00,2,1,01,B01
201200014781,0,07,000,00,2,3,11,B01
201200014781,0,33,000,00,2,1,01,A01
201200014782,0,30,000,00,2,1,02,B01
201200014782,0,07,000,00,0,5,01,A01
201200014783,0,07,000,00,1,7,16,A01
201200014784,0,07,000,00,0,4,02,C01
201200014784,0,07,000,00,2,4,02,A01
201200014784,0,07,000,00,2,4,02,B01
201200014785,0,32,000,00,4,7,16,A01
201200014785,0,40,000,00,2,3,01,B01
201200014786,0,33,000,00,2,3,00,B01
201200014786,0,07,000,00,0,0,00,A01
201200014787,0,07,000,00,2,2,02,B01
201200014787,0,30,000,00,2,1,02,A01
201200014788,0,07,000,00,2,3,00,A01
201200014788,0,10,000,00,2,3,03,B01
201200014789,0,07,000,00,1,1,01,A01
201200014790,0,30,000,00,2,1,02,A01
201200014790,0,07,000,00,2,6,02,B01
201200014791,0,07,000,01,2,1,02,A01
201200014791,0,07,000,00,2,2,02,B01
201200014792,0,07,000,00,1,1,15,A01
201200014793,0,30,000,00,0,0,01,A01
201200014794,0,07,000,00,1,8,01,A01
201200014795,0,07,000,00,2,5,20,A01
201200014795,0,32,000,00,2,1,21,B01
201200014796,0,07,000,15,0,2,21,A01
201200014796,0,07,000,00,0,0,16,B01
201200014797,0,07,000,00,2,6,10,B01
201200014797,0,32,000,00,2,7,17,A01
201200014798,0,03,000,00,0,1,02,A01
201200014798,0,07,000,00,0,4,00,B01
201200014799,1,07,000,00,1,0,01,Z01
201200014800,1,07,000,00,1,1,16,Z01
201200014801,0,33,000,00,2,4,00,A01