Num_Acc,senc,catv,occutc,obs,obsm,choc,manv,num_veh
201200015505,0,07,000,00,2,1,01,B01
201200015506,0,30,000,00,0,0,00,A01
201200015507,1,37,000,00,1,1,01,Z01
201200015508,0,07,000,00,2,1,01,A01
201200015508,0,07,000,00,2,2,01,B01
201200015509,0,07,000,00,2,6,17,A01
201200015509,0,32,000,00,2,1,17,B01
201200015510,0,32,000,00,2,1,17,A01
201200015510,0,07,000,00,2,1,09,B01
201200015511,1,07,000,00,1,1,00,Z01
201200015512,0,33,000,00,2,1,07,A01
201200015512,0,07,000,00,2,5,20,B01
201200015513,0,07,000,00,0,5,11,A01
201200015513,0,33,000,00,2,1,01,B01
201200015514,0,07,000,00,2,5,00,A01
201200015514,0,33,000,00,2,1,00,B01
201200015515,0,07,000,00,1,3,15,A01
201200015516,0,07,000,00,2,2,15,A01
201200015516,0,33,000,00,2,1,01,B01
201200015517,0,07,000,00,2,1,09,A01
201200015517,0,07,000,00,2,9,02,B01
201200015518,0,07,000,00,1,2,02,A01
201200015519,0,34,000,00,0,7,00,A01
201200015520,0,07,000,14,0,4,23,A01
201200015520,1,07,000,14,0,1,01,Z01
201200015520,0,07,000,00,0,4,23,B01
201200015521,0,07,000,06,2,1,13,A01
201200015521,0,07,000,00,2,2,01,B01
201200015522,0,30,000,00,0,0,01,A01
201200015523,0,37,010,00,2,1,00,A01
201200015523,1,07,000,00,2,4,04,Z01
201200015524,0,07,000,00,1,1,15,A01
201200015525,0,07,000,00,1,6,04,A01
201200015526,0,07,000,00,2,3,15,A01
201200015526,0,31,000,00,2,1,01,B01
201200015527,0,07,000,00,2,6,15,A01
201200015527,0,33,000,00,2,1,01,B01
201200015528,0,07,000,00,2,3,15,A01
201200015528,0,32,000,00,2,3,15,B01
201200015529,0,32,000,00,2,8,05,A01
201200015529,0,07,000,00,2,1,15,B01
201200015530,0,07,000,00,2,4,01,B01
201200015530,0,07,000,00,2,2,01,A01
201200015531,0,07,000,00,2,2,00,A01
201200015531,0,07,000,00,2,3,00,B01
201200015532,0,07,000,01,1,1,00,A01
201200015533,0,10,000,01,0,6,00,B01
201200015533,0,02,000,00,2,1,13,A01
201200015534,0,33,000,00,2,1,01,A01
201200015534,0,07,000,00,2,5,01,B01
201200015535,0,07,000,00,2,4,21,B01
201200015535,1,07,000,00,2,1,00,Z01
201200015535,0,07,000,00,2,1,21,A01
201200015536,0,07,000,00,2,3,15,B01
201200015536,0,32,000,00,2,2,17,A01
201200015537,0,07,000,00,2,8,13,B01
201200015537,0,33,000,00,2,7,17,A01
201200015538,0,07,000,00,2,4,23,B01
201200015538,0,07,000,00,2,1,02,A01
201200015539,0,07,000,00,2,0,02,B01
201200015539,0,30,000,00,2,1,02,A01
201200015540,0,07,000,00,2,3,09,A01
201200015540,0,33,000,00,2,7,01,B01
201200015541,0,33,000,00,2,1,01,B01
201200015541,0,07,000,00,2,5,15,A01
201200015542,0,02,000,00,2,1,01,A01
201200015542,0,07,000,00,2,4,15,B01
201200015543,0,02,000,00,0,8,01,A01
201200015544,1,99,000,00,2,2,14,Z01
201200015544,0,33,000,01,2,1,01,B01
201200015545,0,33,000,00,2,7,01,A01
201200015545,0,07,000,00,2,6,15,B01
201200015546,0,07,000,00,2,8,15,A01
201200015546,0,30,000,00,2,7,17,B01
201200015547,0,07,000,00,1,2,01,A01
201200015548,0,07,000,00,2,3,00,B01
201200015548,0,33,000,00,2,1,01,A01
201200015549,0,07,000,00,2,8,01,A01
201200015549,0,07,000,00,0,7,15,B01
201200015550,0,31,000,00,2,7,16,B01
201200015550,0,02,000,00,2,0,21,A01
201200015551,0,07,000,00,2,3,02,B01
201200015551,0,32,000,00,2,2,02,A01
201200015552,0,07,000,00,2,1,02,A01
201200015552,0,34,000,00,2,4,02,B01
201200015553,0,07,000,00,1,1,05,A01
201200015554,0,33,000,00,0,0,01,A01
201200015555,0,07,000,00,2,1,00,A01
201200015556,0,07,000,00,0,4,15,A01
201200015556,0,33,000,00,2,1,01,B01
201200015557,0,07,000,01,0,1,16,A01
201200015558,0,07,000,00,1,1,01,A01
201200015559,0,07,000,01,0,1,14,A01
201200015559,0,07,000,00,2,4,24,B01
201200015560,0,07,000,00,2,1,01,B01
201200015560,0,33,000,01,0,1,01,A01
201200015561,0,07,000,00,0,1,01,A01
201200015561,0,07,000,00,0,4,01,B01
201200015562,0,07,000,00,1,3,02,A01
201200015563,0,37,030,01,0,6,15,A01
201200015564,0,07,000,00,2,1,01,B01
201200015564,0,03,000,00,2,2,15,A01
201200015565,0,07,000,00,1,3,01,A01
201200015566,0,10,000,00,2,7,16,A01
201200015566,0,10,000,00,2,1,01,B01
201200015567,1,07,000,00,0,0,10,A01
201200015567,0,07,000,00,2,3,02,B01
201200015568,0,07,000,00,2,4,23,B01
201200015568,0,07,000,00,2,4,01,C01
201200015568,0,07,000,00,2,1,01,A01
201200015569,0,02,000,00,2,1,15,A01
201200015569,0,07,000,00,2,1,01,B01
201200015570,0,32,000,00,2,1,01,A01
201200015570,0,15,000,00,2,1,01,C01
201200015570,0,07,000,00,2,3,19,B01
201200015571,0,02,000,00,0,1,01,B01
201200015571,0,07,000,00,0,8,15,A01
201200015572,0,07,000,00,2,4,23,C01
201200015572,2,07,000,00,0,1,01,Z01
201200015572,0,30,000,00,2,4,23,B01
201200015573,0,02,000,00,2,1,13,A01
201200015573,1,10,000,00,0,3,01,Z01
201200015574,0,07,000,08,2,6,00,A01
201200015574,1,07,000,00,2,3,13,Z01
201200015575,0,30,000,00,2,1,02,B01
201200015575,0,07,000,00,2,8,02,A01
201200015576,0,33,000,00,1,1,21,A01
201200015577,0,07,000,00,2,6,15,A01
201200015577,0,33,000,00,2,2,17,B01
201200015578,0,33,000,00,1,0,01,A01
201200015579,0,30,000,00,2,1,05,A01
201200015579,0,07,000,00,2,2,01,B01
201200015580,0,07,000,00,2,2,17,A01
201200015580,0,30,000,00,0,4,15,B01
201200015581,0,32,000,14,0,3,01,B01
201200015581,0,07,000,00,2,2,22,A01
201200015582,0,07,000,01,2,9,01,B01
201200015582,0,10,000,00,2,1,01,A01
201200015583,0,07,000,00,2,1,01,A01
201200015583,0,02,000,00,2,8,01,B01
201200015584,0,07,000,00,2,1,02,A01
201200015584,0,07,000,00,0,4,02,B01
201200015585,0,37,001,00,1,7,02,A01
201200015586,0,07,000,00,2,3,09,B01
201200015586,0,33,000,00,2,7,02,A01
201200015587,0,02,000,00,1,1,01,A01
201200015588,0,34,000,01,0,1,00,A01
201200015589,1,03,000,00,1,0,00,A01
201200015590,0,07,000,15,0,2,01,A01
201200015591,0,07,000,00,0,4,00,B01
201200015591,0,34,000,00,2,1,02,A01
201200015592,0,10,000,00,2,3,15,B01
201200015592,0,30,000,08,2,1,17,A01
201200015593,0,07,000,00,2,8,24,B01
201200015593,1,07,000,01,0,7,00,Z01
201200015594,0,30,000,00,2,1,17,A01
201200015594,0,07,000,00,2,3,15,B01
201200015595,0,14,000,00,2,2,01,A01
201200015595,0,07,000,00,2,6,16,B01
201200015596,0,10,000,00,2,1,01,B01
201200015596,0,07,000,00,2,3,02,A01
201200015597,0,07,000,00,2,5,01,A01
201200015597,0,33,000,00,2,8,01,B01
201200015598,1,02,000,00,0,0,00,Z01
201200015598,0,07,000,00,2,3,24,B01
201200015599,0,07,000,00,2,2,02,A01
201200015599,0,33,000,00,0,4,02,B01
201200015600,0,07,000,00,2,6,15,A01
201200015600,0,30,000,00,2,2,17,B01
201200015601,1,07,000,00,2,0,01,Z01
201200015601,0,02,000,00,2,1,01,A01
201200015602,0,32,000,00,2,0,01,A01
201200015602,1,07,000,00,2,0,17,Z01
201200015603,0,07,000,01,1,0,24,C01
201200015603,0,07,000,01,0,2,14,A01
201200015604,0,07,000,00,0,8,13,A01
201200015604,0,33,000,00,2,1,02,B01
201200015605,0,33,000,08,0,1,00,A01
201200015606,0,33,000,00,0,7,01,A01
201200015607,0,07,000,00,1,3,01,B01
201200015608,0,10,000,00,2,8,13,A01
201200015608,0,33,000,00,2,9,01,B01
201200015609,0,33,000,01,0,1,01,A01
201200015610,1,32,000,00,1,1,01,A01
201200015611,0,34,000,00,0,8,05,A01
201200015611,0,07,000,00,0,0,15,B01
201200015612,0,33,000,00,0,0,01,A01
201200015612,0,33,000,00,0,0,01,B01
201200015613,0,07,000,00,1,3,01,A01
201200015614,0,07,000,15,0,2,01,A01
201200015615,0,02,000,00,2,1,02,B01
201200015615,0,07,000,00,0,3,15,A01
201200015616,0,34,000,00,2,1,01,B01
201200015616,0,07,000,00,2,2,00,A01
201200015617,0,07,000,00,2,7,10,A01
201200015617,0,33,000,00,2,1,02,B01
201200015618,0,33,000,00,2,2,01,B01
201200015618,0,07,000,00,2,1,15,A01
201200015619,0,34,000,00,2,1,17,A01
201200015619,0,07,000,00,2,6,15,B01
201200015620,0,02,000,00,2,1,01,B01
201200015620,0,07,000,00,2,2,15,A01
201200015621,0,07,000,00,2,2,15,A01
201200015621,0,33,000,00,2,1,01,B01
201200015622,0,07,000,00,2,1,09,A01
201200015622,0,34,000,00,2,8,03,B01
201200015623,0,33,000,00,2,3,21,A01
201200015623,0,07,000,00,2,5,23,B01
201200015624,0,07,000,00,2,1,09,A01
201200015624,0,32,000,00,2,5,01,B01
201200015625,0,07,000,00,2,2,02,A01
201200015625,0,07,000,00,2,6,02,B01
201200015626,0,07,000,00,0,3,01,A01
201200015626,0,33,000,00,0,7,01,B01
201200015627,0,07,000,00,1,0,01,A01
201200015628,0,07,000,00,2,1,01,B01
201200015628,0,07,000,01,2,2,15,A01
201200015629,0,30,000,00,2,1,01,B01
201200015629,0,07,000,00,2,7,15,A01
201200015630,0,07,000,00,2,5,04,A01
201200015630,0,07,000,00,2,6,23,B01
201200015631,0,07,000,00,0,3,11,A01
201200015631,0,30,000,00,2,7,02,B01
201200015632,0,07,000,00,2,5,10,A01
201200015632,0,31,000,00,2,1,01,B01
201200015633,0,07,000,00,2,3,01,B01
201200015633,0,07,000,00,2,1,02,C01
201200015633,2,07,000,00,2,2,01,A01
201200015634,0,33,000,00,2,1,01,B01
201200015634,1,02,000,00,2,0,06,Z01
201200015635,1,32,000,00,1,1,02,Z01
201200015636,1,10,000,00,0,1,00,Z01
201200015636,0,07,000,12,2,5,01,B01
201200015637,0,30,000,00,0,0,01,A01
201200015638,0,07,000,00,2,1,01,B01
201200015638,0,07,000,00,2,3,09,A01
201200015639,0,10,000,00,2,2,16,B01
201200015639,0,30,000,00,2,3,18,A01
201200015640,0,30,000,12,0,3,00,A01
201200015641,0,07,000,00,2,8,15,B01
201200015641,0,33,000,00,2,1,17,A01
201200015642,2,07,000,00,2,9,17,A01
201200015642,0,07,000,00,2,9,01,D01
201200015642,0,07,000,00,2,9,01,B01
201200015642,0,10,000,00,2,3,01,C01
201200015643,0,14,000,00,2,6,00,A01
201200015643,1,07,000,00,9,3,00,Z01
201200015644,0,07,000,00,2,5,12,A01
201200015644,0,07,000,00,2,3,16,B01
201200015645,0,07,000,00,2,4,01,A01
201200015645,0,33,000,00,2,9,01,B01
201200015646,0,33,000,00,2,1,01,A01
201200015646,0,07,000,00,0,3,15,B01
201200015647,1,10,000,00,1,0,00,Z01
201200015648,0,02,000,00,1,1,05,A01
201200015649,0,30,000,00,2,1,00,B01
201200015649,0,33,000,00,2,1,00,A01
201200015650,0,30,000,06,0,2,01,A01
201200015651,0,07,000,00,2,1,11,A01
201200015651,0,07,000,00,2,3,00,B01
201200015652,0,02,000,00,2,1,17,A01
201200015652,0,07,000,00,2,3,15,B01
201200015653,0,32,000,00,2,1,01,A01
201200015653,1,07,000,00,2,0,09,Z01
201200015654,0,07,000,00,2,4,02,C01
201200015654,0,07,000,00,2,1,02,A01
201200015654,0,07,000,00,2,4,02,B01
201200015655,0,07,000,00,2,3,13,B01
201200015655,0,07,000,00,2,3,01,C01
201200015655,0,30,000,00,2,3,17,A01
201200015656,0,07,000,00,9,1,15,A01
201200015656,0,01,000,00,2,1,01,B01
201200015657,0,32,000,00,2,1,15,A01
201200015657,0,32,000,00,2,1,01,B01
201200015658,0,07,000,01,0,7,01,A01
201200015659,0,30,000,00,2,2,21,A01
201200015659,0,07,000,00,2,8,00,B01
201200015660,0,30,000,00,2,1,02,A01
201200015660,0,07,000,00,2,4,23,B01
201200015661,0,33,000,00,2,8,20,B01
201200015661,0,07,000,00,2,7,09,A01
201200015662,0,33,000,00,0,7,01,B01
201200015663,0,34,000,00,0,4,01,B01
201200015663,0,07,000,00,2,1,01,A01
201200015664,0,07,000,08,0,4,14,A01
201200015665,0,32,000,00,2,2,01,B01
201200015665,0,32,000,00,2,3,01,A01
201200015666,0,31,000,00,1,1,01,A01
201200015667,0,32,000,00,0,0,01,A01
201200015668,0,07,000,00,2,2,01,A01
201200015668,0,07,000,00,2,3,01,B01
201200015669,0,07,000,00,2,1,02,A01
201200015669,0,07,000,00,0,4,02,B01
201200015670,0,07,000,00,0,1,15,A01
201200015671,0,07,000,00,0,4,02,B01
201200015671,0,14,000,00,2,2,02,A01
201200015672,0,07,000,00,2,7,02,A01
201200015672,0,32,000,00,2,9,03,B01
201200015673,0,07,000,00,2,3,15,A01
201200015673,0,34,000,00,2,3,01,B01
201200015674,0,07,000,00,2,4,01,B01
201200015674,0,07,000,00,2,1,01,A01
201200015675,0,07,000,00,2,1,01,A01
201200015675,0,07,000,00,2,4,00,B01
201200015676,0,07,000,00,2,4,02,B01
201200015676,0,07,000,00,2,4,20,C01
201200015676,0,13,000,00,2,1,02,A01
201200015677,0,33,000,00,2,0,01,A01
201200015677,0,07,000,00,2,0,00,B01
201200015678,0,07,000,00,2,3,02,B01
201200015678,0,07,000,00,2,4,09,A01
201200015679,0,34,000,00,0,8,00,A01
201200015680,0,33,000,00,2,1,02,A01
201200015680,0,07,000,00,0,4,02,B01
201200015681,0,02,000,00,0,1,02,A01
201200015682,0,30,000,00,2,6,17,A01
201200015682,0,07,000,00,2,6,15,B01
201200015683,0,10,000,00,2,0,01,A01
201200015683,0,30,000,00,2,4,01,B01
201200015684,0,34,000,00,2,1,01,A01
201200015684,0,07,000,00,2,1,09,B01
201200015685,0,30,000,00,2,8,07,B01
201200015685,0,07,000,00,2,2,14,A01
201200015686,0,30,000,00,0,0,01,A01
201200015687,0,07,000,00,9,3,12,B01
201200015687,0,01,000,00,2,8,09,A01
201200015688,1,07,000,00,0,0,00,Z01
201200015688,0,30,000,00,0,8,00,A01
201200015689,0,07,000,06,0,2,01,A01
201200015690,0,07,000,00,0,4,23,C01
201200015690,0,07,000,00,2,1,02,A01
201200015690,0,10,000,00,2,4,23,B01
201200015691,0,10,000,00,2,7,15,A01
201200015691,0,33,000,00,2,7,17,B01
201200015692,0,07,000,01,0,1,14,A01
201200015693,0,07,000,00,2,4,23,C01
201200015693,0,07,000,00,2,1,01,A01
201200015693,0,32,000,00,2,9,23,B01
201200015694,0,07,000,00,2,4,02,C01
201200015694,0,07,000,00,2,4,02,D01
201200015694,0,07,000,12,0,2,21,E01
201200015694,0,07,000,00,2,4,02,B01
201200015694,0,07,000,00,2,1,02,A01
201200015695,0,33,000,00,2,3,00,B01
201200015695,0,07,000,00,2,2,02,A01
201200015696,0,07,000,00,1,2,15,A01
201200015697,0,31,000,00,1,1,01,A01
201200015698,0,07,000,01,2,3,15,A01
201200015698,0,07,000,00,2,1,02,C01
201200015699,0,33,000,08,0,1,01,A01
201200015700,0,32,000,00,0,0,00,A01
201200015701,1,07,000,00,2,3,00,Z01
201200015701,0,32,000,00,2,0,01,A01
201200015702,0,07,000,01,0,1,01,A01
201200015703,0,01,000,00,2,1,01,B01
201200015703,0,07,000,00,2,1,04,A01
201200015704,0,07,000,14,2,3,01,A01
201200015705,0,07,000,00,0,1,02,A01
201200015705,0,07,000,00,2,4,01,B01
201200015706,0,01,000,00,1,0,21,A01
201200015707,1,07,000,00,2,1,05,Z01
201200015707,0,07,000,00,2,1,02,A01
201200015708,0,07,000,00,2,1,02,A01
201200015708,0,07,000,00,2,4,02,B01
201200015708,0,07,000,00,0,4,02,C01
201200015709,0,07,000,00,1,3,01,A01
201200015710,0,07,000,00,2,2,09,B01
201200015710,0,30,000,00,2,1,01,A01
201200015711,0,32,000,00,0,0,00,A01
201200015712,0,32,000,00,2,6,19,A01
201200015712,0,33,000,00,2,1,06,B01
201200015713,0,07,000,00,2,1,01,A01
201200015713,0,07,000,00,2,2,01,B01
201200015714,0,37,010,00,2,6,00,B01
201200015714,0,02,000,00,2,1,02,A01
201200015715,0,02,000,00,0,0,00,A01
201200015716,0,37,001,00,1,2,01,A01
201200015717,0,07,000,00,1,8,01,A01
201200015718,0,02,000,00,1,1,01,A01
201200015719,0,07,000,00,2,1,00,A01
201200015720,0,07,000,00,1,2,01,A01
201200015721,1,99,000,00,0,0,00,Z01
201200015722,0,07,000,00,2,0,00,A01
201200015722,0,32,000,00,2,1,00,B01
201200015723,0,30,000,00,2,1,00,A01
201200015723,0,07,000,00,2,3,01,B01
201200015724,0,07,000,03,0,2,01,A01
201200015725,0,07,000,00,1,3,01,A01
201200015726,0,07,000,00,2,7,02,A01
201200015726,0,07,000,00,2,1,21,B01
201200015727,0,07,000,00,2,2,15,A01
201200015727,0,30,000,00,2,1,01,B01
201200015728,0,07,000,00,0,4,23,A01
201200015728,1,07,000,00,2,1,02,Z01
201200015729,0,31,000,00,1,1,01,A01
201200015730,0,07,000,00,1,7,01,A01
201200015731,0,07,000,08,0,2,01,A01
201200015732,0,07,000,00,2,1,02,A01
201200015732,0,07,000,00,2,4,02,B01
201200015733,0,07,000,00,2,4,02,B01
201200015733,0,32,000,00,2,1,02,A01
201200015734,0,07,000,00,2,4,00,B01
201200015734,0,07,000,00,2,1,01,A01
201200015735,0,32,000,00,2,1,01,B01
201200015735,0,10,000,00,2,8,20,A01
201200015736,0,07,000,08,0,1,01,A01
201200015737,0,07,000,00,4,0,00,A01
201200015737,1,07,000,00,2,0,00,Z01
201200015738,0,07,000,00,1,1,01,A01
201200015739,0,07,000,01,0,3,17,A01
201200015739,0,30,000,00,2,1,01,B01
201200015740,0,07,000,00,2,2,00,B01
201200015740,0,07,000,00,2,3,00,A01
201200015741,0,30,000,00,1,1,01,A01
201200015742,0,33,000,00,2,2,17,A01
201200015742,0,07,000,00,2,1,15,B01
201200015743,0,07,000,00,0,4,17,B01
201200015743,0,32,000,00,2,1,02,A01
201200015744,0,07,000,00,0,1,02,A01
201200015744,0,07,000,00,0,4,02,B01
201200015745,0,07,000,00,2,3,01,B01
201200015745,0,33,000,00,2,1,01,A01
201200015746,0,07,000,00,2,8,10,A01
201200015746,0,33,000,00,2,1,03,B01
201200015747,0,07,000,00,2,3,15,B01
201200015747,0,01,000,00,2,1,00,A01
201200015748,0,30,000,00,2,1,05,A01
201200015748,0,07,000,00,2,1,01,B01
201200015749,0,07,000,00,2,1,15,B01
201200015749,0,30,000,00,2,1,01,A01
201200015750,0,33,000,00,1,0,02,A01
201200015751,0,07,000,00,2,1,01,B01
201200015751,0,07,000,00,2,1,05,A01
201200015752,0,02,000,00,9,1,00,A01
201200015752,1,07,000,00,1,1,00,Z01
201200015753,0,07,000,00,2,4,01,B01
201200015753,0,07,000,00,2,1,01,A01
201200015754,0,07,000,00,2,1,01,A01
201200015754,0,30,000,00,2,2,01,B01
201200015755,0,34,000,00,2,1,13,A01
201200015755,0,07,000,00,2,8,15,B01
201200015756,0,33,000,00,2,1,00,A01
201200015756,0,07,000,00,2,1,00,B01
201200015757,0,07,000,00,2,1,01,B01
201200015757,0,07,000,00,2,3,15,A01
201200015758,0,07,000,00,1,1,02,A01
201200015759,1,30,000,00,2,0,12,Z01
201200015759,0,32,000,00,2,8,01,B01
201200015760,0,32,000,00,2,7,17,A01
201200015760,0,07,000,00,2,3,15,B01
201200015761,1,07,000,00,1,0,00,Z01
201200015762,0,02,000,00,0,1,01,A01
201200015762,0,07,000,00,0,3,15,B01
201200015763,0,31,000,00,0,6,01,B01
201200015763,0,07,000,00,2,1,01,A01
201200015764,0,07,000,00,2,4,02,C01
201200015764,0,07,000,00,2,1,02,A01
201200015764,0,07,000,00,2,4,02,B01
201200015765,0,07,000,00,1,1,01,A01
201200015766,0,14,000,00,2,2,00,B01
201200015766,0,07,000,12,2,9,01,A01
201200015767,0,30,000,00,0,0,21,A01
201200015767,0,07,000,00,0,0,23,B01
201200015768,0,33,000,00,2,1,17,A01
201200015768,0,07,000,00,2,3,15,B01
201200015769,0,07,000,00,0,4,23,B01
201200015769,0,07,000,00,2,1,01,A01
201200015770,0,30,000,00,2,2,00,B01
201200015770,0,07,000,00,0,1,00,A01
201200015771,0,30,000,00,2,1,01,B01
201200015771,0,07,000,00,2,6,10,A01
201200015772,0,07,000,00,6,3,01,A01
201200015773,0,40,000,00,1,2,01,A01
201200015774,0,10,000,00,1,2,01,A01
201200015775,0,30,000,00,2,5,02,B01
201200015775,0,10,000,00,2,3,02,A01
201200015776,0,07,000,00,2,7,01,A01
201200015776,0,07,000,00,2,1,01,B01
201200015777,0,40,000,00,2,3,01,A01
201200015777,0,07,000,00,4,2,01,B01
201200015778,0,07,000,00,2,6,02,B01
201200015778,0,10,000,00,2,2,09,A01
201200015779,0,07,000,00,0,6,02,B01
201200015779,0,30,000,00,2,1,02,A01
201200015780,0,34,000,00,2,1,02,A01
201200015780,0,07,000,00,2,6,13,B01
201200015781,0,07,000,00,1,3,00,A01
201200015782,0,34,000,01,0,1,01,A01
201200015782,0,07,000,00,2,1,01,C01
201200015783,0,07,000,00,2,1,15,A01
201200015783,0,07,000,00,2,1,01,B01
201200015784,0,07,000,00,2,8,01,B01
201200015784,0,07,000,00,2,8,13,A01
201200015785,0,07,000,04,0,0,01,A01
201200015786,0,07,000,00,2,3,15,A01
201200015786,0,33,000,00,2,1,01,B01
201200015787,0,07,000,00,2,6,00,A01
201200015788,0,07,000,00,2,4,02,B01
201200015788,0,07,000,00,2,4,02,E01
201200015788,0,07,000,00,2,1,02,A01
201200015788,0,07,000,00,2,4,02,D01
201200015788,0,07,000,00,0,4,02,C01
201200015789,0,32,000,00,0,0,02,A01
201200015790,0,07,000,00,2,1,01,B01
201200015790,0,07,000,00,2,4,12,A01
201200015791,0,10,000,00,1,1,01,A01
201200015792,0,07,000,04,2,2,01,C01
201200015792,0,15,000,00,2,2,02,A01
201200015792,0,07,000,00,2,3,18,B01
201200015793,0,32,000,00,1,1,02,A01
201200015794,0,07,000,00,2,1,01,A01
201200015795,0,07,000,00,0,1,02,A01
201200015795,0,07,000,00,0,4,02,B01
201200015796,0,34,000,04,0,0,00,A01
201200015797,0,33,000,00,2,1,13,A01
201200015798,0,07,000,00,2,1,01,B01
201200015798,0,07,000,00,2,7,15,A01
201200015799,0,07,000,00,0,4,00,B01
201200015799,1,07,000,00,0,0,02,Z01
201200015800,0,30,000,00,2,7,09,A01
201200015800,0,02,000,00,2,1,02,B01
201200015800,0,07,000,00,9,1,23,C01
201200015801,0,07,000,00,2,0,00,A01
201200015801,0,07,000,00,2,0,00,B01
201200015802,0,33,000,00,2,1,17,A01
201200015802,0,07,000,00,2,1,01,B01
201200015802,0,07,000,00,2,1,01,C01
201200015803,0,03,000,00,1,1,01,A01
201200015804,0,07,000,09,0,9,01,A01
201200015805,0,07,000,00,2,1,01,A01
201200015805,0,30,000,00,2,4,01,B01
201200015806,0,07,000,00,1,1,01,A01
201200015807,0,32,000,11,0,1,01,A01
201200015808,0,07,000,00,0,0,00,A01
201200015808,0,07,000,00,0,0,00,B01
201200015809,0,30,000,00,2,2,01,A01
201200015809,1,07,000,00,0,0,00,Z01
201200015810,0,07,000,00,0,2,13,B01
201200015810,0,30,000,00,2,2,17,A01
201200015811,0,07,000,00,2,8,01,B01
201200015811,0,07,000,00,2,2,00,A01
201200015812,0,07,000,00,1,2,01,A01
201200015813,0,07,000,00,2,8,13,A01
201200015813,0,34,000,00,2,2,01,B01
201200015814,0,07,000,00,2,3,19,A01
201200015814,0,07,000,00,2,8,01,B01
201200015814,0,10,000,00,2,2,01,C01
201200015815,0,07,000,00,2,2,01,B01
201200015815,0,02,000,00,2,1,09,A01
201200015816,2,07,000,00,2,8,15,A01
201200015816,1,33,000,00,2,0,00,B01
201200015817,0,33,000,00,0,1,01,B01
201200015817,0,07,000,00,2,1,01,A01
201200015818,0,33,000,00,2,1,17,B01
201200015818,0,07,000,00,2,8,15,A01
201200015819,0,14,000,00,2,1,01,A01
201200015819,0,30,000,00,2,1,01,B01
201200015820,0,07,000,00,2,4,20,B01
201200015820,0,32,000,00,2,1,02,A01
201200015821,0,33,000,08,0,1,00,A01
201200015822,0,07,000,00,2,4,01,B01
201200015822,0,07,000,00,2,1,01,A01
201200015822,0,07,000,00,2,5,01,C01
201200015823,0,07,000,00,0,3,01,B01
201200015823,0,07,000,00,0,3,13,A01
201200015824,0,07,000,00,0,5,01,B01
201200015824,0,07,000,00,2,1,00,A01
201200015825,0,33,000,00,2,1,02,B01
201200015825,0,34,000,00,2,8,24,C01
201200015825,0,07,000,00,2,1,01,A01
201200015826,0,07,000,11,0,3,01,A01
201200015827,0,07,000,00,2,2,01,A01
201200015827,0,33,000,00,2,3,02,B01
201200015828,0,07,000,00,0,3,09,A01
201200015828,0,07,000,00,0,7,00,B01
201200015828,0,07,000,00,0,1,00,C01
201200015829,0,30,000,00,0,1,00,A01
201200015829,0,07,000,00,0,8,00,B01
201200015830,0,07,000,00,0,0,15,A01
201200015831,0,03,000,00,2,1,00,A01
201200015831,0,07,000,00,2,5,00,B01
201200015832,0,07,000,00,0,2,01,B01
201200015832,0,07,000,00,0,1,01,A01
201200015833,0,07,000,00,2,6,01,A01
201200015833,0,34,000,00,2,1,01,B01
201200015834,0,07,000,00,0,3,00,A01
201200015834,0,01,000,00,2,1,00,B01
201200015835,0,07,000,00,9,1,15,B01
201200015835,0,34,000,01,0,1,01,A01
201200015836,0,07,000,08,0,1,00,A01
201200015837,0,07,000,00,2,1,01,B01
201200015837,0,30,000,00,2,1,05,A01
201200015838,0,32,000,00,2,1,02,A01
201200015838,0,07,000,00,0,4,02,B01
201200015839,0,07,000,00,2,2,01,B01
201200015839,0,07,000,00,2,1,15,A01
201200015840,0,07,000,00,0,4,04,A01
201200015841,1,07,000,00,0,0,00,Z01
201200015841,0,07,000,00,0,3,00,A01
201200015841,0,30,000,00,0,0,00,C01
201200015842,0,33,000,00,2,8,17,A01
201200015842,0,10,000,00,0,8,00,B01
201200015843,0,01,000,00,0,0,01,A01
201200015844,0,07,000,00,0,5,15,A01
201200015844,0,33,000,00,2,1,00,B01
201200015845,0,07,000,00,1,2,01,A01
201200015846,0,07,000,00,2,4,23,B01
201200015846,1,07,000,00,2,1,01,Z01
201200015847,0,32,000,00,4,0,00,B01
201200015847,1,07,000,00,2,0,00,Z01
201200015848,0,30,000,12,0,7,00,A01
201200015849,0,07,000,00,2,4,01,B01
201200015849,0,33,000,00,2,1,00,A01
201200015850,0,34,000,00,2,1,01,A01
201200015850,0,07,000,00,2,0,01,B01
201200015851,0,07,000,01,0,1,01,A01
201200015852,0,07,000,08,0,1,00,A01
201200015853,0,07,000,00,2,3,01,A01
201200015853,0,07,000,00,2,3,01,B01
201200015854,0,07,000,00,1,1,02,A01
201200015855,0,33,000,00,2,1,21,B01
201200015855,0,07,000,00,2,2,15,A01
201200015856,0,01,000,00,2,2,12,A01
201200015856,0,07,000,00,2,3,01,B01
201200015857,0,33,000,00,2,1,00,B01
201200015857,1,07,000,00,2,1,11,A01
201200015858,0,32,000,00,2,1,17,A01
201200015858,0,07,000,00,2,8,15,B01
201200015859,0,33,000,00,0,0,00,A01
201200015859,0,07,000,00,0,0,00,B01
201200015860,1,07,000,00,1,1,15,Z01
201200015861,0,07,000,00,2,1,01,A01
201200015861,0,07,000,00,2,4,01,B01
201200015862,0,10,000,00,2,1,12,A01