Num_Acc,senc,catv,occutc,obs,obsm,choc,manv,num_veh
201200018471,0,02,000,02,0,1,01,A01
201200018472,0,02,000,00,2,1,02,B02
201200018472,0,07,000,00,0,4,02,A01
201200018473,0,07,000,00,0,9,01,A01
201200018474,0,33,000,00,2,1,01,B02
201200018474,0,07,000,00,0,5,10,A01
201200018475,0,20,000,00,2,3,15,B02
201200018475,0,33,000,00,2,1,13,A01
201200018476,0,07,000,00,2,2,01,B02
201200018476,0,07,000,00,2,3,19,A01
201200018477,0,07,000,00,2,1,01,B02
201200018477,0,33,000,00,2,1,13,A01
201200018478,0,36,000,13,0,1,01,A01
201200018479,0,14,000,00,2,7,15,A01
201200018479,0,33,000,00,2,2,01,B02
201200018480,0,07,000,00,2,1,01,A01
201200018480,0,38,001,00,2,3,01,B02
201200018481,0,07,000,00,1,3,01,A01
201200018482,0,07,000,01,1,3,13,A01
201200018483,0,33,000,00,2,1,02,B02
201200018483,0,07,000,00,2,3,01,A01
201200018484,0,30,000,00,2,8,02,B02
201200018484,0,07,000,00,2,7,15,A01
201200018485,0,07,000,00,2,3,00,B02
201200018485,0,07,000,00,2,3,13,A01
201200018486,0,10,000,00,2,1,01,B02
201200018486,0,07,000,00,0,3,09,A01
201200018487,0,07,000,00,2,2,20,B02
201200018487,0,33,000,00,2,1,17,A01
201200018488,0,07,000,00,2,1,01,B02
201200018488,0,07,000,00,2,1,13,A01
201200018488,0,07,000,00,0,6,00,C03
201200018489,0,33,000,00,0,8,01,A01
201200018490,0,07,000,02,0,1,13,A01
201200018491,0,07,000,00,1,1,01,A01
201200018492,0,07,000,13,0,5,01,A01
201200018493,0,07,000,00,2,3,01,A01
201200018493,0,07,000,00,2,2,15,B02
201200018494,0,02,000,00,0,8,15,A01
201200018495,0,07,000,06,0,1,01,A01
201200018496,0,07,000,00,2,2,21,A01
201200018496,0,33,000,00,2,1,00,B02
201200018497,0,07,000,00,2,1,15,A01
201200018498,0,07,000,00,0,1,01,A01
201200018499,0,07,000,00,2,1,13,A01
201200018499,0,07,000,00,0,0,02,B02
201200018499,0,07,000,00,2,1,01,D04
201200018500,0,17,000,00,2,1,01,B02
201200018500,0,07,000,00,2,3,19,A01
201200018501,0,07,000,00,2,6,23,B02
201200018501,0,15,000,00,2,2,02,A01
201200018502,0,36,000,14,1,3,00,A01
201200018503,0,01,000,00,2,1,01,B02
201200018503,0,21,000,00,2,3,15,A01
201200018504,0,07,000,00,2,2,02,A01
201200018504,0,07,000,00,2,8,15,B02
201200018505,0,07,000,02,0,2,13,A01
201200018506,0,10,000,00,2,8,15,B02
201200018506,0,33,000,00,2,2,01,A01
201200018507,0,33,000,00,2,1,01,A01
201200018507,0,10,000,00,0,6,09,B02
201200018508,0,07,000,00,2,1,01,A01
201200018508,0,07,000,00,2,1,01,B02
201200018509,0,33,000,00,2,1,01,C03
201200018509,0,07,000,00,0,0,21,A01
201200018509,0,07,000,00,2,4,01,B02
201200018510,0,07,000,00,9,3,15,A01
201200018510,0,01,000,00,2,1,21,B02
201200018511,0,07,000,06,0,3,01,A01
201200018512,1,07,000,00,1,1,01,Z01
201200018513,0,07,000,00,2,6,09,A01
201200018513,0,01,000,00,2,1,01,B01
201200018514,0,07,000,00,2,1,01,B01
201200018514,0,07,000,13,2,7,09,A01
201200018515,0,07,000,00,1,3,00,A01
201200018516,2,07,000,15,0,3,13,A01
201200018517,0,07,000,00,2,7,15,A01
201200018517,0,33,000,00,2,1,01,B01
201200018518,0,07,000,00,1,3,01,A01
201200018519,0,07,000,00,0,1,13,A01
201200018520,0,07,000,02,0,2,01,A01
201200018521,0,37,003,00,2,7,16,A01
201200018521,0,30,000,00,2,8,18,B01
201200018522,0,07,000,02,0,1,01,A01
201200018523,0,02,000,06,0,8,15,A01
201200018524,0,07,000,00,2,7,01,A01
201200018524,0,07,000,00,2,1,01,B01
201200018525,0,07,000,00,1,4,04,A01
201200018526,0,07,000,00,1,1,01,A01
201200018527,0,07,000,00,1,3,15,A01
201200018528,0,07,000,00,1,1,01,A01
201200018529,0,07,000,00,2,7,15,A01
201200018529,0,33,000,00,2,3,01,B01
201200018530,0,30,000,00,1,1,01,A01
201200018531,0,07,000,00,2,3,09,A01
201200018531,0,30,000,00,2,7,01,B01
201200018532,0,30,000,02,0,1,01,A01
201200018533,0,07,000,12,0,6,01,A01
201200018534,0,07,000,00,2,8,09,A01
201200018534,0,07,000,00,2,1,01,B01
201200018535,0,07,000,00,1,1,09,A01
201200018536,0,07,000,00,1,1,01,A01
201200018537,0,07,000,00,2,1,01,A01
201200018537,0,07,000,00,2,1,01,B01
201200018538,0,07,000,00,2,1,01,A01
201200018538,0,07,000,00,2,4,01,B01
201200018539,0,07,000,00,2,2,01,A01
201200018539,0,30,000,00,2,1,09,B01
201200018540,0,07,000,00,2,3,01,A01
201200018540,0,30,000,00,2,1,01,B01
201200018541,0,07,000,13,0,1,01,A01
201200018542,0,30,000,00,0,8,01,A01
201200018543,0,07,000,00,2,3,01,A01
201200018543,0,01,000,00,2,2,01,B01
201200018544,0,07,000,00,1,1,01,A01
201200018545,0,30,000,00,0,7,00,A01
201200018546,0,32,000,00,0,0,01,A01
201200018547,0,31,000,12,0,0,01,A01
201200018548,0,07,000,00,2,3,01,B01
201200018548,0,30,000,00,2,1,19,A01
201200018549,0,07,000,09,0,1,01,A01
201200018550,0,02,000,00,0,0,01,A01
201200018551,0,07,000,00,1,1,00,A01
201200018552,0,07,000,00,2,2,00,A01
201200018552,0,07,000,00,2,3,00,B01
201200018553,0,07,000,00,2,1,00,A01
201200018553,0,07,000,00,2,1,00,B01
201200018554,0,07,000,00,1,1,00,A01
201200018555,0,07,000,00,2,4,01,B01
201200018555,0,30,000,00,2,1,01,A01
201200018556,0,33,000,00,2,0,00,B02
201200018556,0,07,000,00,0,6,10,A01
201200018557,0,07,000,00,0,0,00,B02
201200018557,0,07,000,00,0,1,00,A01
201200018558,0,33,000,16,0,9,17,A01
201200018558,0,10,000,00,9,1,01,B02
201200018559,0,31,000,14,0,8,01,A01
201200018560,0,33,000,14,0,7,01,A01
201200018561,0,02,000,13,0,0,01,A01
201200018562,0,33,000,13,2,1,01,A01
201200018562,0,21,000,00,0,8,15,B02
201200018563,0,07,000,00,2,1,01,B02
201200018563,0,07,000,00,2,1,13,A01
201200018564,0,07,000,07,0,4,13,A01
201200018565,0,07,000,00,1,3,15,A01
201200018566,0,07,000,00,1,8,01,A01
201200018567,0,07,000,02,0,2,14,A01
201200018568,0,33,000,00,2,8,01,A01
201200018568,0,07,000,00,9,5,19,B02
201200018569,0,07,000,00,2,3,01,C03
201200018569,0,07,000,00,2,6,23,A01
201200018569,0,07,000,00,2,3,01,B02
201200018570,0,33,000,00,2,1,01,A01
201200018570,0,07,000,00,2,1,01,B02
201200018571,0,07,000,00,2,3,01,B02
201200018571,0,07,000,00,2,1,01,C03
201200018571,0,07,000,00,2,3,13,A01
201200018572,0,10,000,00,2,2,17,A01
201200018572,0,15,000,00,0,6,02,B02
201200018573,0,07,000,06,0,3,01,A01
201200018574,0,07,000,00,2,2,15,A01
201200018574,0,01,000,00,2,1,01,B02
201200018575,0,33,000,00,2,1,19,B02
201200018575,0,33,000,00,2,8,01,A01
201200018576,0,33,000,00,2,8,01,A01
201200018576,0,10,000,00,2,8,01,B02
201200018577,0,07,000,02,0,1,01,A01
201200018578,0,07,000,00,2,3,13,A01
201200018578,0,15,000,00,2,3,01,B02
201200018579,0,31,000,00,2,5,15,A01
201200018579,0,33,000,00,2,2,01,B02
201200018580,0,07,000,00,0,1,01,A01
201200018581,0,07,000,00,2,3,15,A01
201200018581,0,33,000,00,2,1,01,B02
201200018582,0,07,000,00,2,1,01,B02
201200018582,0,07,000,00,2,1,15,A01
201200018583,0,07,000,00,2,2,05,A01
201200018583,0,07,000,00,2,2,01,B02
201200018584,0,07,000,00,2,7,01,A01
201200018584,0,07,000,00,2,3,01,B02
201200018585,0,31,000,13,0,8,01,A01
201200018586,0,07,000,08,0,1,01,A01
201200018587,0,07,000,06,0,2,01,A01
201200018588,0,07,000,13,0,9,01,A01
201200018589,0,36,000,02,0,0,01,A01
201200018590,0,07,000,08,0,1,01,A01
201200018591,0,33,000,00,2,1,17,A01
201200018591,0,21,000,00,0,8,15,B02
201200018592,0,07,000,00,0,1,01,A01
201200018593,0,07,000,16,0,9,01,A01
201200018594,0,07,000,00,0,1,02,A01
201200018595,0,07,000,00,2,1,01,A01
201200018595,0,30,000,00,0,4,01,B02
201200018596,0,10,000,00,0,0,00,A01
201200018597,0,07,000,00,0,0,00,A01
201200018598,0,07,000,00,2,1,13,A01
201200018598,0,07,000,00,2,1,01,B02
201200018599,0,07,000,06,0,2,14,A01
201200018600,0,07,000,08,0,2,01,A01
201200018601,0,07,000,00,1,1,11,A01
201200018602,0,07,000,02,0,8,01,A01
201200018603,0,07,000,02,0,1,01,A01
201200018604,0,33,000,00,2,9,21,A01
201200018604,0,07,000,00,2,8,01,B02
201200018605,0,30,000,00,0,0,01,A01
201200018606,0,07,000,00,2,1,01,B02
201200018606,0,07,000,00,2,2,15,A01
201200018607,0,38,000,00,1,7,07,A01
201200018608,0,07,000,00,2,1,01,B02
201200018608,0,07,000,00,2,3,13,A01
201200018609,0,07,000,00,2,0,16,B02
201200018609,0,07,000,06,0,8,21,A01
201200018610,0,01,000,00,0,4,02,B02
201200018610,0,07,000,00,0,2,02,A01
201200018611,0,14,000,06,0,2,01,A01
201200018612,0,07,000,16,0,9,01,A01
201200018613,0,01,000,00,0,4,01,B02
201200018613,0,07,000,00,2,2,01,A01
201200018614,0,35,000,00,2,1,15,A01
201200018614,0,10,000,00,2,2,01,B02
201200018615,0,07,000,06,0,3,00,A01
201200018616,0,07,000,00,2,7,01,B02
201200018616,0,01,000,00,2,8,15,A01
201200018617,0,07,000,06,0,1,13,A01
201200018618,0,07,000,06,0,1,13,A01
201200018619,0,01,000,00,2,7,01,A01
201200018619,0,07,000,00,2,1,19,B02
201200018620,0,10,000,00,2,2,13,A01
201200018620,0,10,000,00,2,3,01,B02
201200018621,0,02,000,00,1,1,01,A01
201200018622,0,07,000,00,2,1,09,A01
201200018622,0,31,000,00,2,7,01,B02
201200018623,0,07,000,00,1,1,01,A01
201200018624,0,33,000,00,2,1,01,B02
201200018624,0,07,000,00,2,2,11,A01
201200018625,0,33,000,00,2,7,13,A01
201200018625,0,07,000,00,2,3,15,B02
201200018626,0,33,000,13,0,1,01,A01
201200018627,0,02,000,00,2,1,13,A01
201200018627,0,10,000,00,2,6,02,B02
201200018628,0,07,000,13,0,3,13,A01
201200018629,0,33,000,00,2,1,18,A01
201200018629,0,07,000,00,2,7,16,B02
201200018630,0,33,000,00,2,1,01,C03
201200018630,0,07,000,00,2,5,19,A01
201200018630,0,07,000,00,2,2,01,B02
201200018631,0,07,000,02,0,8,01,A01
201200018632,0,07,000,00,0,2,19,A01
201200018632,0,31,000,00,0,1,01,B02
201200018633,0,07,000,00,2,3,13,A01
201200018633,0,07,000,00,2,3,01,B02
201200018634,0,07,000,00,2,8,01,B02
201200018634,0,10,000,16,2,1,21,A01
201200018634,0,07,000,00,2,1,01,C03
201200018635,0,07,000,02,0,2,14,A01
201200018636,0,07,000,00,2,2,01,A01
201200018636,0,30,000,00,2,1,01,B02
201200018637,0,07,000,00,2,2,01,A01
201200018637,0,01,000,00,2,8,19,B02
201200018638,0,33,000,00,0,7,01,A01
201200018639,0,01,000,00,2,1,19,A01
201200018639,0,07,000,00,2,1,01,B02
201200018640,0,07,000,00,2,1,01,B02
201200018640,0,07,000,00,2,3,19,A01
201200018641,0,07,000,00,2,3,23,B02
201200018641,0,02,000,00,2,1,13,A01
201200018642,0,07,000,00,2,1,13,A01
201200018642,0,07,000,00,2,1,01,B02
201200018643,0,07,000,13,0,9,14,A01
201200018644,0,02,000,00,2,1,01,B02
201200018644,0,07,000,00,2,3,13,A01
201200018645,0,07,000,00,2,3,01,B02
201200018645,0,07,000,00,2,3,13,A01
201200018646,0,30,000,00,2,2,19,A01
201200018646,0,31,000,00,2,2,01,B02
201200018647,0,10,000,00,1,4,04,A01
201200018648,0,07,000,08,0,1,01,A01
201200018649,0,07,000,00,1,3,01,A01
201200018650,0,07,000,00,1,1,13,A01
201200018651,0,07,000,03,0,3,01,B02
201200018651,0,07,000,00,2,8,01,A01
201200018652,0,07,000,00,1,3,15,A01
201200018653,0,07,000,13,0,0,14,A01
201200018654,2,07,000,00,1,7,14,A01
201200018655,0,07,000,00,0,6,02,B02
201200018655,0,33,000,00,2,1,11,A01
201200018656,0,07,000,00,2,2,11,A01
201200018656,0,07,000,00,2,6,02,B02
201200018657,0,15,000,00,0,3,24,B02
201200018657,0,17,000,01,0,2,03,A01
201200018658,0,10,000,00,0,1,19,A01
201200018658,0,07,000,00,0,8,01,B01
201200018659,0,14,000,13,0,2,14,A01
201200018660,0,07,000,08,0,7,14,A01
201200018661,0,30,000,00,2,3,01,A01
201200018661,1,07,000,00,0,0,13,B02
201200018662,0,07,000,00,2,3,05,A01
201200018663,0,07,000,00,2,1,15,A01
201200018663,0,07,000,00,2,1,01,B02
201200018664,0,07,000,06,0,2,01,A01
201200018665,0,07,000,00,2,2,17,B02
201200018665,0,21,000,00,2,6,15,A01
201200018666,0,07,000,00,2,3,09,A01
201200018666,0,07,000,00,2,2,01,B02
201200018667,0,07,000,00,2,2,01,A01
201200018667,0,07,000,00,2,3,23,B02
201200018668,0,07,000,00,2,1,13,A01
201200018668,0,07,000,00,2,1,01,B02
201200018669,0,07,000,00,2,1,19,A01
201200018669,0,31,000,00,2,7,01,B02
201200018670,0,07,000,00,0,1,01,A01
201200018670,0,07,000,00,0,1,01,B01
201200018671,0,07,000,06,0,1,13,A01
201200018672,0,07,000,02,0,1,14,A01
201200018673,0,07,000,02,0,1,13,A01
201200018674,0,14,000,00,0,1,01,A01
201200018674,0,07,000,00,0,8,01,B02
201200018675,0,07,000,02,0,9,00,A01
201200018676,0,07,000,00,0,8,01,A01
201200018676,0,01,000,00,2,1,01,B02
201200018677,0,07,000,00,1,2,01,A01
201200018678,0,07,000,02,0,8,01,A01
201200018679,0,31,000,06,0,7,01,A01
201200018680,0,07,000,08,0,2,01,A01
201200018681,0,07,000,00,0,3,15,A01
201200018681,0,33,000,00,2,1,01,B02
201200018682,0,01,000,00,2,4,02,C03
201200018682,0,07,000,00,2,2,02,A01
201200018682,0,01,000,00,2,4,02,B02
201200018683,0,07,000,00,2,1,13,A01
201200018683,0,10,000,00,2,1,01,B02
201200018684,0,07,000,08,0,2,14,A01
201200018685,0,07,000,01,1,1,01,A01
201200018685,0,07,000,00,2,4,23,B02
201200018686,0,03,000,00,1,1,00,A01
201200018687,0,07,000,00,1,7,01,A01
201200018688,0,07,000,02,0,1,01,A01
201200018689,0,07,000,00,1,2,21,A01
201200018690,0,31,000,00,2,0,21,A01
201200018691,0,07,000,07,0,3,01,C03
201200018691,0,07,000,00,2,1,15,A01
201200018691,0,07,000,00,2,2,01,B02
201200018692,0,01,000,00,2,1,01,B01
201200018692,0,07,000,00,2,1,15,A01
201200018693,0,30,000,00,2,1,01,B02
201200018693,0,07,000,00,2,1,15,A01
201200018694,0,33,000,00,2,1,01,A01
201200018694,0,07,000,00,0,5,15,B02
201200018695,0,07,000,02,0,1,14,A01
201200018696,0,07,000,00,2,1,13,A01
201200018696,0,07,000,00,2,1,21,B02
201200018697,0,33,000,16,0,8,14,A01
201200018698,0,07,000,00,2,3,19,A01
201200018698,0,02,000,00,2,6,01,B02
201200018699,0,01,000,00,2,1,01,A01
201200018699,0,07,000,00,2,4,23,B01
201200018700,0,10,000,00,2,2,01,B01
201200018700,0,02,000,00,2,8,19,A01
201200018701,0,31,000,00,0,1,01,B01
201200018701,0,07,000,00,0,1,17,A01
201200018702,0,07,000,02,0,1,13,A01
201200018703,0,07,000,00,2,1,01,A01
201200018703,0,07,000,00,2,4,01,B02
201200018704,0,07,000,08,0,1,01,A01
201200018705,0,07,000,00,2,1,13,A01
201200018705,0,10,000,00,2,1,01,B02
201200018705,0,07,000,14,0,0,02,C03
201200018706,0,32,000,00,0,1,01,A01
201200018706,0,07,000,00,0,1,01,B01
201200018706,0,13,000,00,0,4,23,D01
201200018706,0,07,000,00,0,1,01,C01
201200018707,0,07,000,00,2,2,15,A01
201200018707,0,07,000,00,2,3,01,B02
201200018708,0,07,000,02,0,8,01,A01
201200018709,0,07,000,00,2,3,01,B02
201200018709,0,33,000,00,2,0,01,A01
201200018710,0,07,000,13,0,1,01,A01
201200018711,0,07,000,00,1,1,01,A01
201200018712,0,07,000,00,2,3,19,A01
201200018712,0,07,000,00,2,1,01,B02
201200018713,0,21,000,00,1,2,01,A01
201200018714,0,33,000,06,0,9,01,A01
201200018715,0,33,000,16,0,9,00,A01
201200018716,0,07,000,03,0,3,01,A01
201200018717,0,07,000,02,0,3,01,A01
201200018718,0,21,000,00,2,3,05,B02
201200018718,0,33,000,00,2,1,05,A01
201200018719,0,33,000,00,0,9,01,A01
201200018720,0,07,000,00,0,9,19,A01
201200018721,0,07,000,08,0,1,21,A01
201200018722,0,33,000,00,2,1,01,A01
201200018722,0,07,000,00,2,3,01,C03
201200018722,0,07,000,00,2,7,15,B02
201200018723,0,34,000,00,1,1,17,A01
201200018724,0,03,000,00,2,1,13,A01
201200018724,0,07,000,00,2,3,01,B02
201200018725,0,33,000,00,2,3,02,A01
201200018725,0,07,000,00,2,3,15,B02
201200018726,0,31,000,00,2,1,13,A01
201200018726,0,07,000,00,2,1,01,B02
201200018727,0,07,000,00,2,8,15,A01
201200018727,0,15,000,00,2,1,01,B02
201200018728,0,30,000,00,1,1,00,A01
201200018729,0,30,000,00,0,8,01,A01
201200018730,0,07,000,00,2,3,13,A01
201200018730,0,33,000,00,2,3,01,B02
201200018731,0,07,000,00,1,3,01,A01
201200018732,0,07,000,00,1,3,13,A01
201200018733,0,07,000,00,2,0,02,A01
201200018733,0,01,000,00,0,4,02,B02
201200018734,0,07,000,02,0,1,01,A01
201200018735,0,07,000,00,2,3,13,A01
201200018735,0,07,000,00,2,3,01,B02
201200018736,0,07,000,00,2,2,13,A01
201200018736,0,07,000,00,2,3,01,B02
201200018737,0,07,000,00,2,1,01,B02
201200018737,0,07,000,00,2,3,00,A01
201200018738,0,07,000,00,2,8,19,A01
201200018738,0,07,000,00,2,1,01,B02
201200018739,0,07,000,00,2,1,00,A01
201200018739,0,07,000,00,2,1,00,B02
201200018740,0,07,000,00,2,3,00,A01
201200018740,0,07,000,00,2,3,00,B02
201200018741,0,07,000,00,2,8,10,A01
201200018741,0,02,000,00,2,1,02,B02
201200018742,0,07,000,04,0,3,13,A01
201200018743,0,03,000,00,2,2,01,B02
201200018743,0,01,000,00,2,1,01,A01
201200018744,0,07,000,00,0,0,04,A01
201200018745,0,07,000,00,1,2,16,A01
201200018746,0,33,000,00,2,1,02,A01
201200018746,0,33,000,00,0,4,02,B02
201200018747,0,01,000,00,2,7,01,B02
201200018747,0,07,000,00,2,7,19,A01
201200018748,0,31,000,00,2,1,17,A01
201200018748,0,07,000,00,2,2,15,B02
201200018749,0,07,000,00,2,1,01,A01
201200018749,0,07,000,00,0,8,00,B02
201200018750,0,07,000,00,1,4,20,A01
201200018751,0,07,000,00,2,2,15,A01
201200018751,0,02,000,00,2,7,01,B02
201200018752,0,07,000,13,0,2,14,A01
201200018753,0,07,000,13,0,3,01,A01
201200018754,0,33,000,00,0,7,01,A01
201200018755,0,15,000,03,0,9,01,A01
201200018756,0,10,000,00,1,1,11,A01
201200018757,0,01,000,00,2,1,13,A01
201200018757,0,07,000,00,2,3,01,B02
201200018758,0,07,000,08,0,9,01,A01
201200018759,0,07,000,10,0,2,01,A01
201200018760,0,02,000,00,2,1,21,A01
201200018760,0,07,000,00,2,3,01,B02
201200018761,0,14,000,00,1,1,00,A01
201200018762,0,07,000,00,0,0,01,A01
201200018763,0,30,000,00,0,8,01,A01
201200018764,0,07,000,02,0,8,01,A01
201200018765,0,31,000,00,2,2,17,A01
201200018765,0,15,000,00,0,8,15,B02
201200018766,0,07,000,16,0,9,01,A01
201200018767,0,30,000,00,0,1,01,A01
201200018768,0,33,000,14,0,1,01,A01
201200018769,0,33,000,00,2,7,17,A01
201200018769,0,07,000,00,2,3,15,B02
201200018770,0,10,000,00,0,0,00,B02
201200018770,0,07,000,00,2,3,13,A01
201200018771,0,07,000,00,2,1,01,B02
201200018771,0,07,000,00,2,1,05,A01
201200018772,0,02,000,00,0,8,01,B02
201200018772,0,07,000,00,2,1,15,A01
201200018773,0,07,000,00,1,2,01,A01
201200018774,0,36,000,06,0,1,01,A01
201200018775,0,07,000,00,0,3,09,A01
201200018775,0,30,000,00,2,1,01,B02
201200018776,0,07,000,00,2,3,01,B02
201200018776,0,07,000,00,2,3,10,A01
201200018777,0,07,000,00,2,3,16,A01
201200018777,0,07,000,00,2,7,01,B02
201200018778,0,07,000,00,1,1,16,A01
201200018779,0,07,000,00,1,1,01,A01
201200018780,0,07,000,00,2,3,01,B02
201200018780,0,33,000,00,2,1,13,A01
201200018781,0,07,000,00,2,1,01,B02
201200018781,0,10,000,00,2,1,13,A01
201200018782,0,15,000,00,2,2,01,B02
201200018782,0,07,000,00,2,2,15,A01
201200018783,0,33,000,00,2,3,01,B02
201200018783,0,14,000,00,2,2,15,A01
201200018784,0,31,000,00,2,1,01,A01
201200018784,0,21,000,00,2,4,02,B02
201200018785,0,07,000,06,0,8,14,A01
201200018786,0,33,000,00,2,7,01,A01
201200018786,0,07,000,00,2,2,15,B02
201200018787,0,30,000,00,0,2,01,A01
201200018788,0,07,000,00,1,3,01,A01
201200018789,0,33,000,00,0,5,09,A01
201200018790,0,07,000,13,0,0,13,A01
201200018791,0,07,000,00,2,2,21,B02
201200018791,0,07,000,00,2,3,01,A01
201200018792,0,07,000,00,2,3,01,B02
201200018792,0,07,000,00,2,2,13,A01
201200018793,0,07,000,00,2,0,01,B02
201200018793,0,07,000,00,0,1,01,A01
201200018794,0,21,000,00,2,8,15,B02
201200018794,0,02,000,00,2,1,17,A01
201200018795,0,07,000,00,2,2,01,B01
201200018795,2,07,000,00,2,3,15,A02
201200018796,0,30,000,00,2,1,17,A01
201200018796,0,07,000,00,2,1,01,B02
201200018797,0,33,000,00,0,0,01,A01
201200018798,0,07,000,13,0,9,14,A01
201200018799,0,07,000,00,2,3,01,B02
201200018799,0,02,000,00,2,1,13,A01
201200018800,0,07,000,00,2,8,01,B02
201200018800,0,31,000,00,2,8,13,A01
201200018801,0,33,000,00,2,8,13,A01
201200018801,0,07,000,00,2,8,01,B02
201200018802,0,07,000,08,0,1,01,A01
201200018803,0,07,000,00,0,1,01,B02
201200018803,0,33,000,00,0,8,15,A01
201200018804,0,36,000,15,0,1,13,A01
201200018805,0,07,000,03,0,2,13,A01
201200018806,0,07,000,00,2,1,17,A01
201200018806,0,07,000,00,2,1,01,B02
201200018807,0,15,000,13,0,7,14,A01
201200018808,0,02,000,00,2,1,01,B02
201200018808,0,07,000,00,2,3,11,A01
201200018809,0,07,000,00,1,2,01,A01
201200018810,0,07,000,00,2,5,10,A01
201200018810,0,14,000,00,2,0,01,B02
201200018811,0,15,000,00,2,0,01,C03
201200018811,0,07,000,00,2,0,13,A01
201200018811,0,07,000,00,2,0,01,B02
201200018812,0,07,000,00,0,8,21,B02
201200018812,0,33,000,00,0,8,13,A01
201200018813,0,07,000,16,0,9,14,A01
201200018814,0,07,000,00,2,1,13,A01
201200018814,0,07,000,00,2,1,01,B02
201200018814,0,07,000,00,2,3,01,C03
201200018815,0,07,000,00,2,8,01,B02
201200018815,0,07,000,04,2,7,17,A01
201200018816,0,07,000,00,0,9,01,A01
201200018817,0,07,000,00,1,1,01,A01
201200018818,0,07,000,00,0,9,14,A01
201200018819,0,07,000,00,6,1,13,A01
201200018819,0,15,000,00,2,1,01,B02
201200018820,0,07,000,02,0,5,17,A01
201200018821,0,02,000,00,0,1,18,B02
201200018821,0,10,000,00,0,7,16,A01
201200018822,0,01,000,00,2,1,09,A02
201200018822,0,07,000,00,9,3,01,B01
201200018823,0,07,000,00,2,3,16,A01
201200018823,0,07,000,00,2,2,01,B02
201200018824,0,02,000,00,2,1,09,A02
201200018824,0,07,000,00,0,2,16,B01
201200018825,0,07,000,00,2,3,15,A01
201200018825,0,02,000,00,2,1,01,B02
201200018826,0,07,000,08,0,9,14,A01
201200018827,0,10,000,08,0,1,13,A01
201200018828,0,07,000,06,0,1,13,A01
201200018829,0,30,000,00,2,1,01,B02
201200018829,0,07,000,00,2,3,13,A01
201200018830,0,10,000,13,9,9,13,A01
201200018831,0,10,000,00,2,1,01,B02
201200018831,0,17,000,00,2,8,19,A01
201200018832,0,07,000,00,2,1,01,A01
201200018832,0,07,000,00,2,8,15,B02
201200018833,0,31,000,00,2,1,01,A01
201200018833,0,07,000,00,2,3,19,B02
201200018834,0,07,000,00,2,3,15,A01
201200018834,0,07,000,00,2,3,01,B02
201200018835,0,31,000,00,2,8,01,B02
201200018835,0,07,000,00,2,3,15,A01
201200018836,0,33,000,04,0,1,01,A01
201200018837,0,07,000,00,1,2,01,A01
201200018838,0,07,000,00,0,1,01,A01
201200018838,0,07,000,00,5,1,21,B02
201200018839,0,07,000,00,2,1,01,B02
201200018839,0,07,000,00,2,1,13,A01
201200018840,0,01,000,06,0,3,16,A01
201200018841,0,10,000,00,2,4,02,A01
201200018841,0,01,000,00,2,1,02,B02
201200018842,0,21,000,00,2,1,09,A01
201200018842,0,01,000,00,2,1,01,B02
201200018843,0,07,000,00,2,3,15,B02
201200018843,0,34,000,00,2,1,17,A01
201200018844,0,07,000,00,1,3,01,A01
201200018845,0,30,000,00,0,1,13,A01
201200018845,0,07,000,00,0,3,01,B02
201200018846,0,33,000,00,1,1,01,A01
201200018847,0,02,000,00,2,6,15,A01
201200018847,0,07,000,00,2,3,01,B02
201200018848,0,30,000,00,0,0,00,A01
201200018849,0,07,000,16,2,1,15,A01
201200018849,0,07,000,16,2,1,21,B02
201200018850,0,14,000,00,2,5,02,A01
201200018850,0,01,000,00,2,8,01,B02
201200018851,0,10,000,00,2,1,19,B02
201200018851,0,10,000,00,2,8,01,A01
201200018852,0,10,000,00,2,1,01,C03
201200018852,0,07,000,00,2,1,02,B02
201200018852,0,10,000,00,2,4,01,A01
201200018853,0,15,000,00,2,3,01,B02
201200018853,0,07,000,00,2,1,13,A01
201200018854,0,07,000,00,2,4,04,B02
201200018854,0,02,000,00,2,1,01,A01
201200018855,0,07,000,00,0,8,01,B02
201200018855,0,07,000,00,2,6,01,C03
201200018855,0,02,000,00,0,7,17,A01
201200018856,0,07,000,02,0,2,01,A01
201200018857,0,33,000,00,2,1,01,B02
201200018857,0,07,000,00,0,2,19,A01
201200018858,0,14,000,00,0,0,01,A01
201200018859,0,10,000,00,2,8,19,B02
201200018859,0,33,000,00,2,1,01,A01
201200018860,0,07,000,00,2,1,01,A01
201200018860,0,07,000,00,2,8,01,B02
201200018861,0,07,000,00,1,8,01,A01
201200018862,0,07,000,00,2,3,01,A01
201200018862,0,30,000,00,2,1,01,B02
201200018863,0,07,000,00,9,3,13,A01
201200018864,0,01,000,00,2,1,12,B02
201200018864,0,10,000,00,9,3,01,A01
201200018865,0,07,000,00,1,4,04,A01
201200018866,0,01,000,00,2,8,01,B02
201200018866,0,07,000,00,2,1,19,A01
201200018867,0,07,000,00,2,1,01,A01
201200018867,0,01,000,00,2,0,19,B02
201200018868,0,07,000,00,0,5,15,B02
201200018868,0,07,000,00,0,3,01,A01
201200018869,0,01,000,00,2,7,01,A01
201200018869,0,07,000,00,9,1,16,B02
201200018870,0,07,000,00,0,1,01,A01
201200018870,0,07,000,00,0,0,01,B02
201200018871,0,07,000,00,2,3,01,B02