Num_Acc,senc,catv,occutc,obs,obsm,choc,manv,num_veh
201200021166,0,14,000,00,9,3,01,A01
201200021166,1,10,000,00,9,3,01,B02
201200021167,0,07,000,00,2,4,23,C03
201200021167,0,07,000,00,2,9,23,B02
201200021167,0,07,000,00,2,1,01,A01
201200021168,0,07,000,00,2,8,13,A01
201200021168,0,17,000,00,2,1,01,B02
201200021169,0,07,000,00,2,3,01,B02
201200021169,0,07,000,00,2,5,17,A01
201200021170,0,01,000,00,2,3,13,A01
201200021170,0,07,000,00,9,3,01,B02
201200021171,0,07,000,00,2,1,01,B02
201200021171,0,07,000,00,2,1,13,A01
201200021172,0,07,000,00,2,3,02,A01
201200021172,0,02,000,00,0,4,15,B02
201200021173,0,33,000,00,2,1,01,B02
201200021173,0,07,000,00,2,3,13,A01
201200021174,0,07,000,03,0,2,01,A01
201200021175,0,07,000,13,0,3,13,A01
201200021176,0,33,000,00,2,1,01,B01
201200021176,0,07,000,00,2,3,15,A01
201200021177,0,07,000,00,2,3,13,A01
201200021177,0,07,000,00,2,3,01,B02
201200021178,0,07,000,00,0,1,18,A01
201200021178,0,16,000,00,0,3,15,B01
201200021179,0,07,000,00,0,8,01,A01
201200021179,0,07,000,00,2,1,01,B02
201200021180,0,33,000,03,0,1,01,A01
201200021181,0,07,000,13,0,1,01,A01
201200021182,0,07,000,06,0,1,16,A01
201200021183,0,99,000,00,9,3,01,B02
201200021183,0,07,000,00,9,3,01,A01
201200021184,0,10,000,00,0,3,00,A01
201200021185,0,07,000,00,2,2,01,B02
201200021185,0,33,000,00,2,3,01,A01
201200021186,0,33,000,00,0,8,16,A01
201200021187,0,07,000,08,0,1,20,A01
201200021188,0,07,000,00,1,1,01,A01
201200021189,0,33,000,00,2,1,01,A01
201200021189,0,07,000,00,2,3,16,B01
201200021190,0,07,000,00,2,1,13,A01
201200021190,0,07,000,00,2,1,01,B01
201200021191,0,07,000,00,1,2,01,A01
201200021192,0,07,000,08,0,1,14,A01
201200021193,0,07,000,00,1,2,01,A01
201200021194,0,07,000,00,1,1,01,A01
201200021195,0,07,000,00,2,4,02,C01
201200021195,0,07,000,00,2,4,02,B01
201200021195,0,07,000,00,0,4,02,D01
201200021195,0,07,000,00,2,1,01,A01
201200021196,0,33,000,00,0,8,15,A01
201200021197,0,07,000,00,1,3,16,B01
201200021198,1,07,000,00,2,3,13,A01
201200021198,0,07,000,00,2,3,01,B01
201200021199,0,07,000,00,2,8,15,A01
201200021199,0,07,000,00,2,8,01,B01
201200021200,0,33,000,00,0,2,14,A01
201200021201,0,02,000,00,2,1,13,A01
201200021201,0,10,000,00,2,1,01,B01
201200021202,0,07,000,00,2,7,01,B01
201200021202,0,30,000,00,2,8,09,A01
201200021203,0,30,000,00,0,0,01,A01
201200021204,0,07,000,00,2,3,09,A01
201200021204,0,07,000,00,2,2,01,B01
201200021205,0,07,000,12,0,2,01,A01
201200021206,0,07,000,03,0,3,01,A01
201200021207,0,17,000,10,1,6,20,A01
201200021208,0,30,000,00,1,1,01,A01
201200021209,0,01,000,00,2,1,01,B01
201200021209,0,07,000,00,9,7,16,A01
201200021210,0,07,000,00,2,2,01,B01
201200021210,0,07,000,00,2,3,19,A01
201200021211,0,33,000,00,2,1,02,B01
201200021211,0,07,000,00,2,8,09,A01
201200021212,0,07,000,00,2,2,15,A01
201200021212,0,30,000,00,2,1,01,B01
201200021213,0,33,000,00,0,0,00,A01
201200021214,0,07,000,00,2,3,01,C01
201200021214,0,10,000,00,2,1,02,A01
201200021214,0,07,000,00,2,4,16,B01
201200021215,0,07,000,07,0,1,01,A01
201200021216,0,07,000,00,2,3,01,B01
201200021216,0,07,000,00,2,3,16,A01
201200021217,0,10,000,00,2,3,01,C01
201200021217,0,10,000,00,2,3,17,A01
201200021217,0,17,000,00,2,6,01,B01
201200021218,0,07,000,00,2,4,01,B01
201200021218,0,07,000,00,2,1,02,A01
201200021219,0,07,000,00,2,3,15,B01
201200021219,0,30,000,00,2,7,17,A01
201200021220,0,33,000,00,0,7,01,A01
201200021221,0,07,000,00,1,2,16,A01
201200021222,0,07,000,00,1,1,01,A01
201200021223,0,07,000,00,2,1,13,A01
201200021223,0,14,000,00,2,1,01,B01
201200021224,0,07,000,00,0,6,23,B01
201200021224,0,07,000,00,2,2,02,A01
201200021225,0,33,000,01,0,1,18,A01
201200021226,0,31,000,11,0,1,21,A01
201200021227,0,07,000,00,1,1,01,A01
201200021228,0,07,000,00,2,1,19,A01
201200021228,0,07,000,00,2,3,01,B01
201200021229,0,07,000,00,2,1,01,A01
201200021229,0,07,000,00,0,4,23,B01
201200021230,0,07,000,00,1,1,01,A01
201200021231,0,07,000,00,2,3,01,B01
201200021231,0,07,000,00,2,1,15,A01
201200021232,0,10,000,00,2,3,02,A01
201200021232,0,07,000,00,2,4,01,C01
201200021232,0,07,000,00,2,5,02,B01
201200021233,0,07,000,00,2,5,09,C01
201200021233,0,03,000,00,2,5,02,A01
201200021233,0,07,000,00,2,2,02,B01
201200021234,0,36,000,00,2,1,01,B01
201200021234,0,07,000,00,2,1,15,A01
201200021235,0,33,000,00,2,3,01,B01
201200021235,0,07,000,00,2,2,15,A01
201200021236,0,07,000,00,2,5,01,B01
201200021236,0,07,000,00,2,1,01,A01
201200021237,0,07,000,00,2,7,01,A01
201200021237,0,07,000,00,2,1,01,B01
201200021238,0,07,000,00,2,1,01,B01
201200021238,0,01,000,00,2,2,19,A01
201200021239,0,33,000,00,0,8,09,A01
201200021240,0,07,000,00,1,4,04,A01
201200021241,0,02,000,00,2,1,01,B01
201200021241,0,07,000,00,2,3,16,A01
201200021242,0,07,000,03,0,3,01,A01
201200021243,0,07,000,00,2,8,09,B01
201200021243,0,33,000,00,2,1,01,A01
201200021244,0,07,000,00,2,4,02,B01
201200021244,0,07,000,00,2,1,01,A01
201200021245,0,07,000,00,2,3,09,B01
201200021245,0,02,000,00,2,2,09,A01
201200021246,0,07,000,00,2,2,03,A01
201200021246,0,07,000,00,2,6,01,B01
201200021247,0,33,000,00,0,2,01,A01
201200021248,0,07,000,00,2,3,01,B01
201200021248,0,30,000,00,2,1,21,A01
201200021249,0,10,000,00,2,3,15,A01
201200021249,0,33,000,00,2,3,01,B01
201200021250,0,02,000,09,0,1,01,A01
201200021251,0,07,000,08,0,1,01,A01
201200021252,0,07,000,00,1,3,01,A01
201200021253,0,07,000,00,2,1,01,A01
201200021253,0,07,000,00,0,4,01,B01
201200021254,0,07,000,00,2,3,15,A01
201200021254,0,33,000,00,2,1,01,B01
201200021255,0,07,000,00,2,3,02,A01
201200021255,0,07,000,00,2,5,23,B01
201200021256,0,07,000,00,2,6,15,B01
201200021256,0,32,000,00,2,1,02,A01
201200021257,0,30,000,00,0,0,17,A01
201200021257,0,07,000,00,2,3,15,B01
201200021258,0,02,000,11,0,1,06,A01
201200021259,0,31,000,00,2,1,01,B01
201200021259,0,07,000,00,2,7,15,A01
201200021260,0,37,060,00,2,2,04,A01
201200021260,0,37,006,00,2,8,01,B01
201200021261,0,07,000,02,0,1,01,A01
201200021262,0,02,000,08,0,1,01,A01
201200021263,0,33,000,00,2,7,01,B01
201200021263,0,07,000,00,2,6,11,A01
201200021264,0,07,000,01,0,2,01,A01
201200021265,0,07,000,13,0,1,01,A01
201200021266,0,07,000,00,2,3,17,A01
201200021266,0,07,000,12,2,3,01,B01
201200021267,0,01,000,00,2,1,01,B01
201200021267,0,07,000,00,9,3,15,A01
201200021268,0,07,000,00,1,1,01,A01
201200021269,1,07,000,00,1,1,16,A01
201200021270,0,14,000,00,2,6,16,B01
201200021270,0,07,000,00,2,2,01,A01
201200021271,0,33,000,00,2,8,01,B01
201200021271,0,07,000,00,2,7,14,A01
201200021272,0,07,000,00,2,1,01,B01
201200021272,0,07,000,04,2,1,01,A01
201200021273,0,07,000,00,2,1,15,A01
201200021273,0,33,000,00,2,1,01,B01
201200021274,0,10,000,08,2,1,01,B01
201200021274,0,07,000,00,2,2,01,A01
201200021275,0,02,000,00,2,1,19,A01
201200021275,0,07,000,00,2,1,15,B01
201200021276,0,02,000,15,0,1,01,A01
201200021277,0,07,000,08,0,2,15,A01
201200021278,0,07,000,00,2,7,16,A01
201200021278,0,02,000,00,2,1,01,B01
201200021279,0,07,000,00,2,1,11,B01
201200021279,0,17,000,00,0,0,16,C01
201200021279,0,33,000,00,0,8,15,A01
201200021280,0,30,000,00,2,3,05,A01
201200021280,0,07,000,00,2,3,16,B01
201200021281,0,07,000,00,2,1,01,B01
201200021281,1,07,000,00,2,8,01,A01
201200021282,0,07,000,00,2,7,01,B01
201200021282,0,07,000,00,2,3,16,A01
201200021283,0,07,000,00,2,1,01,A01
201200021283,0,07,000,00,2,2,15,B01
201200021284,0,07,000,02,0,1,01,A01
201200021285,0,10,000,00,2,1,09,A01
201200021285,0,07,000,00,2,7,15,B01
201200021286,0,07,000,00,2,2,19,A01
201200021286,0,07,000,00,2,1,01,B01
201200021287,0,07,000,00,2,1,16,A01
201200021287,0,07,000,00,2,1,01,B01
201200021288,0,07,000,00,0,6,01,B01
201200021288,0,07,000,00,2,3,01,A01
201200021289,0,30,000,00,2,1,01,A01
201200021289,0,07,000,00,2,4,23,B01
201200021290,0,07,000,00,2,2,15,A01
201200021290,0,07,000,00,2,3,01,B01
201200021291,0,07,000,01,0,1,01,A01
201200021291,0,07,000,00,0,4,23,B01
201200021292,0,02,000,00,2,1,01,A01
201200021292,0,07,000,00,0,5,02,B01
201200021293,0,02,000,00,0,8,01,B01
201200021293,1,10,000,00,0,0,00,C01
201200021294,0,07,000,08,0,2,01,A01
201200021295,0,13,000,00,2,2,01,B01
201200021295,0,07,000,00,2,6,09,A01
201200021296,0,07,000,00,2,3,10,A01
201200021296,0,30,000,00,2,1,01,B01
201200021297,0,33,000,13,0,1,01,A01
201200021298,0,07,000,00,2,8,01,C01
201200021298,0,07,000,00,2,3,13,A01
201200021298,0,10,000,00,2,8,01,D01
201200021298,0,07,000,00,2,3,01,B01
201200021299,1,30,000,00,1,1,01,Z01
201200021300,0,07,000,00,2,1,02,A01
201200021300,0,10,000,00,0,4,01,C01
201200021300,0,07,000,00,0,4,01,B01
201200021301,0,01,000,01,0,1,01,B01
201200021301,0,07,000,00,9,7,24,A01
201200021302,0,33,000,00,2,6,01,B01
201200021302,0,07,000,00,2,3,16,A01
201200021303,0,07,000,00,1,2,01,A01
201200021304,0,07,000,00,2,3,13,A01
201200021304,0,07,000,00,2,3,01,B01
201200021305,0,07,000,00,2,1,02,B01
201200021305,0,07,000,00,2,4,23,A01
201200021306,0,07,000,00,1,2,01,A01
201200021307,0,07,000,00,2,1,01,B01
201200021307,0,07,000,00,2,8,15,A01
201200021308,0,07,000,00,2,6,01,B01
201200021308,0,02,000,00,2,1,17,A01
201200021309,0,03,000,00,2,7,17,A01
201200021309,0,07,000,00,2,8,01,B01
201200021310,0,07,000,15,0,1,14,A01
201200021311,0,30,000,00,2,1,09,A01
201200021311,0,07,000,00,9,2,01,B01
201200021311,0,07,000,00,9,3,01,C01
201200021312,0,33,000,00,2,1,05,B01
201200021312,0,07,000,00,2,3,15,A01
201200021313,0,07,000,00,2,3,01,B01
201200021313,0,07,000,00,2,3,13,A01
201200021314,0,30,000,00,2,1,02,A01
201200021314,0,07,000,00,0,4,23,B01
201200021315,0,07,000,08,2,5,01,A01
201200021315,0,07,000,00,2,2,01,B01
201200021316,0,07,000,00,2,3,09,A01
201200021316,0,07,000,00,2,1,01,B01
201200021317,0,07,000,01,0,2,01,A01
201200021318,0,07,000,00,0,4,01,C01
201200021318,0,07,000,00,2,1,01,A01
201200021318,0,07,000,00,0,4,01,B01
201200021319,0,02,000,00,2,1,13,A01
201200021319,0,07,000,00,2,2,01,B01
201200021320,0,07,000,00,2,4,01,B01
201200021320,0,07,000,00,2,1,01,A01
201200021321,0,07,000,00,2,2,01,A01
201200021321,0,01,000,00,2,5,01,B01
201200021322,0,07,000,00,2,1,01,C01
201200021322,0,07,000,00,2,5,21,B01
201200021322,0,07,000,00,2,2,13,A01
201200021323,0,07,000,00,2,7,15,A01
201200021323,0,32,000,00,2,1,01,B01
201200021324,0,07,000,00,1,4,04,A01
201200021325,0,07,000,00,2,1,01,B01
201200021325,0,02,000,00,2,8,01,A01
201200021326,0,07,000,00,2,5,05,A01
201200021326,0,07,000,00,2,1,16,B01
201200021327,0,07,000,14,1,4,04,A01
201200021328,0,07,000,13,0,8,14,A01
201200021329,0,31,000,00,2,2,01,B01
201200021329,0,07,000,00,2,1,09,A01
201200021330,0,07,000,06,0,3,15,A01
201200021331,0,07,000,00,2,8,01,B01
201200021331,0,07,000,00,2,1,01,A01
201200021332,0,07,000,00,2,7,01,B01
201200021332,0,01,000,00,2,1,16,A01
201200021333,0,07,000,00,2,2,02,B01
201200021333,0,07,000,00,2,6,02,A01
201200021334,0,07,000,00,2,1,02,B01
201200021334,0,07,000,00,0,4,01,A01
201200021334,0,07,000,14,2,4,02,C01
201200021334,0,07,000,14,2,1,02,D01
201200021335,0,07,000,00,0,9,01,A01
201200021336,0,07,000,00,2,1,02,C01
201200021336,0,07,000,00,0,1,02,A01
201200021336,0,07,000,00,0,4,01,B01
201200021337,0,07,000,14,0,1,01,A01
201200021338,0,07,000,00,2,2,01,B01
201200021338,0,07,000,00,2,1,16,A01
201200021339,0,07,000,00,2,1,02,A01
201200021339,0,07,000,00,2,4,02,B01
201200021339,0,07,000,00,0,4,02,C01
201200021340,0,07,000,00,1,2,01,A01
201200021341,0,10,000,00,0,3,15,B01
201200021341,0,33,000,00,2,1,01,A01
201200021342,0,07,000,00,2,4,01,B01
201200021342,0,07,000,00,2,1,02,A01
201200021343,1,07,000,00,1,0,01,Z01
201200021344,0,07,000,00,2,1,17,A01
201200021344,0,33,000,00,2,1,01,B01
201200021345,0,07,000,13,0,9,01,A01
201200021346,0,07,000,13,2,2,17,A01
201200021346,0,07,000,00,2,3,02,B01
201200021347,0,07,000,00,2,1,01,A01
201200021347,0,07,000,00,2,2,15,B01
201200021348,0,07,000,00,2,2,01,B01
201200021348,0,07,000,00,2,3,09,A01
201200021349,0,30,000,00,2,2,14,A01
201200021349,0,07,000,00,9,3,01,B01
201200021350,0,07,000,00,2,8,15,A01
201200021350,0,07,000,00,2,1,01,B01
201200021351,0,07,000,00,2,6,10,A01
201200021351,0,30,000,00,2,1,01,B01
201200021352,0,07,000,00,2,4,00,C01
201200021352,0,10,000,00,2,1,01,A01
201200021352,0,07,000,00,2,4,01,B01
201200021353,0,07,000,00,1,1,00,A01
201200021354,0,03,000,08,0,1,01,A01
201200021355,0,07,000,00,1,1,01,A01
201200021356,0,03,000,00,2,1,01,B01
201200021356,0,07,000,00,2,3,15,A01
201200021357,0,07,000,15,1,1,01,A01
201200021357,0,07,000,03,0,3,01,B01
201200021358,0,10,000,00,2,1,01,A01
201200021358,0,10,000,00,0,4,01,B01
201200021359,0,07,000,00,1,2,01,A01
201200021360,0,07,000,00,2,1,02,A01
201200021360,0,07,000,00,0,4,01,C01
201200021360,0,07,000,00,2,9,01,B01
201200021361,0,07,000,01,0,2,01,A01
201200021361,0,07,000,00,0,6,23,B01
201200021362,0,07,000,00,2,3,09,A01
201200021362,0,02,000,00,2,2,01,B01
201200021363,0,07,000,00,0,0,05,A01
201200021363,0,02,000,16,0,7,21,B01
201200021364,0,07,000,01,0,5,14,A01
201200021365,0,02,000,00,2,1,01,B01
201200021365,0,07,000,00,2,3,15,A01
201200021366,0,14,000,00,2,1,15,A01
201200021366,0,07,000,00,2,3,01,B01
201200021367,0,01,000,00,2,1,09,A01
201200021367,0,07,000,00,2,8,01,B01
201200021368,0,03,000,00,2,4,23,B01
201200021368,0,07,000,00,2,1,01,A01
201200021369,0,02,000,00,2,1,01,B01
201200021369,0,07,000,00,2,1,15,A01
201200021370,0,07,000,15,0,1,01,A01
201200021371,0,07,000,00,2,7,15,A01
201200021371,0,07,000,00,2,1,01,B01
201200021372,0,37,001,00,1,4,09,A01
201200021373,0,07,000,00,0,1,01,A01
201200021374,0,33,000,14,0,7,01,A01
201200021375,0,30,000,00,2,1,01,A01
201200021375,0,10,000,00,2,3,15,B01
201200021376,0,02,000,00,2,2,01,B01
201200021376,0,07,000,00,2,2,01,A01
201200021377,0,07,000,15,0,2,01,A01
201200021378,0,07,000,00,2,1,01,A01
201200021378,0,30,000,00,2,8,09,B02
201200021379,0,10,000,00,2,3,13,A01
201200021379,0,33,000,00,2,7,17,B02
201200021380,0,33,000,00,2,8,13,B02
201200021380,0,07,000,00,2,8,01,A01
201200021381,0,10,000,00,0,1,09,B02
201200021381,0,31,000,00,0,1,01,A01
201200021382,0,15,000,00,2,3,01,B02
201200021382,0,10,000,00,2,3,13,A01
201200021383,0,07,000,08,0,1,01,A01
201200021384,0,07,000,00,2,5,15,B02
201200021384,0,34,000,00,2,1,14,A01
201200021385,0,10,000,02,0,3,13,A01
201200021386,0,10,000,00,2,2,01,A01
201200021387,0,07,000,00,2,7,06,B02
201200021387,0,07,000,00,2,2,01,A01
201200021388,0,07,000,00,2,1,13,A01
201200021388,0,07,000,00,2,1,00,B02
201200021389,0,33,000,07,0,1,21,A01
201200021390,0,33,000,00,0,1,01,A01
201200021391,0,07,000,00,2,6,01,B02
201200021391,0,07,000,00,2,8,15,A01
201200021392,0,21,000,00,9,0,01,A01
201200021393,0,17,000,00,2,1,01,B02
201200021393,0,07,000,00,2,1,13,A01
201200021394,0,07,000,00,2,1,02,A01
201200021394,0,21,000,00,0,4,01,B02
201200021395,0,10,000,00,0,6,02,A01
201200021395,0,07,000,00,2,2,02,B02
201200021396,0,07,000,03,0,1,01,A01
201200021397,0,07,000,00,0,0,13,A01
201200021397,0,07,000,03,0,9,21,B02
201200021398,0,07,000,00,0,1,16,A01
201200021399,0,07,000,00,2,3,02,B02
201200021399,0,07,000,00,0,0,00,C03
201200021399,0,10,000,00,0,4,09,A01
201200021400,0,07,000,00,2,6,02,B02
201200021400,0,07,000,00,2,2,02,A01
201200021401,0,10,000,00,0,4,02,B02
201200021401,0,33,000,00,2,1,02,A01
201200021402,0,33,000,03,0,1,01,A01
201200021403,0,10,000,01,0,1,01,A01
201200021404,0,07,000,03,0,2,01,A01
201200021405,0,07,000,13,0,1,01,A01
201200021406,0,07,000,00,2,7,19,A01
201200021406,0,07,000,00,2,2,21,B02
201200021407,0,15,000,03,0,2,01,A01
201200021408,0,07,000,03,1,1,01,A01
201200021409,0,33,000,00,0,3,00,A01
201200021410,0,07,000,00,2,2,11,A01
201200021410,0,15,000,00,2,6,02,B02
201200021411,0,07,000,04,0,3,17,A01
201200021412,0,15,000,00,2,7,01,B02
201200021412,0,07,000,05,2,8,09,A01
201200021413,0,07,000,06,0,4,17,A01
201200021414,0,07,000,00,0,9,01,A01
201200021415,0,07,000,04,0,1,17,A01
201200021416,0,33,000,03,0,0,00,A01
201200021417,0,07,000,04,0,3,01,A01
201200021418,0,07,000,03,2,3,13,A01
201200021418,1,99,000,00,0,0,00,D04
201200021419,0,07,000,09,0,1,01,A01
201200021420,0,07,000,03,0,1,01,A01
201200021421,0,07,000,00,0,9,21,H08
201200021421,0,07,000,00,2,6,20,F06
201200021421,0,07,000,00,2,1,21,G07
201200021421,0,07,000,03,2,2,21,I09
201200021421,0,07,000,00,2,8,21,D04
201200021421,0,07,000,00,2,8,21,B02
201200021421,0,07,000,00,2,2,05,A01
201200021421,0,07,000,03,0,2,21,C03
201200021421,0,07,000,00,2,3,21,E05
201200021422,0,07,000,13,0,1,17,A01
201200021423,0,07,000,06,0,9,14,A01
201200021424,0,17,000,03,2,7,06,A01
201200021424,0,07,000,03,0,4,01,B02
201200021425,0,07,000,00,2,0,23,A01
201200021425,0,33,000,00,2,1,02,B02
201200021426,0,07,000,00,0,6,02,B02
201200021426,0,07,000,00,2,5,02,A01
201200021427,0,07,000,04,0,3,01,A01
201200021428,0,07,000,03,0,2,14,A01
201200021429,0,07,000,13,0,3,17,A01
201200021430,0,07,000,00,2,1,02,A01
201200021430,0,33,000,00,0,4,02,B02
201200021431,0,07,000,16,0,9,14,A01
201200021432,0,07,000,04,0,3,13,A01
201200021433,0,07,000,01,1,7,20,A01
201200021433,0,07,000,00,2,8,23,B02
201200021433,0,07,000,00,2,7,00,C03
201200021434,0,07,000,04,0,3,01,A01
201200021435,0,07,000,03,0,2,14,A01
201200021436,0,07,000,00,1,3,01,A01
201200021437,0,07,000,00,2,1,05,A01
201200021437,0,07,000,00,2,1,01,B02
201200021438,0,07,000,04,0,1,01,A01
201200021439,0,07,000,07,0,1,14,A01
201200021440,0,07,000,00,2,2,12,A01
201200021440,0,07,000,00,2,3,01,B02
201200021441,0,07,000,00,2,1,05,A01
201200021441,0,07,000,00,2,1,01,B02
201200021442,0,07,000,00,2,1,02,A01
201200021442,0,07,000,00,2,4,02,B02
201200021443,0,07,000,03,0,3,01,A01
201200021444,0,15,000,03,0,1,01,A01
201200021444,0,07,000,00,0,0,00,B02
201200021445,0,07,000,00,0,1,11,A01
201200021446,0,07,000,03,0,1,01,A01
201200021447,0,07,000,00,2,1,02,A01
201200021447,0,17,000,00,2,4,02,B02
201200021448,0,07,000,03,0,3,01,A01
201200021449,0,07,000,00,2,1,02,A01
201200021449,0,10,000,00,2,4,02,B02
201200021449,0,07,000,01,0,1,01,C03
201200021450,0,07,000,03,0,1,00,A01
201200021451,0,07,000,00,2,1,02,A01
201200021451,0,10,000,00,2,4,23,B02
201200021452,0,07,000,00,2,1,01,B02
201200021452,0,07,000,00,0,4,01,A01
201200021453,0,07,000,00,2,1,01,A01
201200021453,0,07,000,08,2,4,01,B02
201200021454,0,07,000,00,2,2,14,A01
201200021454,0,07,000,00,0,4,01,B02
201200021455,0,07,000,00,2,0,13,B02
201200021455,0,07,000,00,2,0,17,A01
201200021456,0,07,000,00,2,1,01,B02
201200021456,0,07,000,00,2,1,05,A01
201200021457,0,03,000,00,0,4,02,B02
201200021457,0,07,000,00,2,1,02,A01
201200021458,0,07,000,00,2,9,01,B02
201200021458,0,07,000,00,2,1,01,A01
201200021458,0,07,000,00,2,4,23,D04
201200021458,0,07,000,00,2,9,01,C03
201200021459,0,07,000,13,0,1,13,A01
201200021460,0,31,000,13,0,1,12,A01
201200021461,0,07,000,00,2,6,19,A01
201200021461,0,10,000,00,2,3,01,B02
201200021462,0,07,000,13,0,1,01,A01
201200021463,0,07,000,02,0,8,01,A01
201200021464,0,17,000,00,0,8,01,C03
201200021464,0,10,000,00,0,6,01,B02
201200021464,0,10,000,00,0,2,17,A01
201200021465,0,07,000,00,2,1,02,A01
201200021465,0,07,000,00,0,4,23,B02
201200021466,0,07,000,00,0,4,01,A01
201200021466,0,07,000,14,0,1,02,C03
201200021466,0,07,000,14,0,1,02,E05
201200021466,0,10,000,00,0,4,02,D04
201200021466,0,07,000,00,0,4,02,B02
201200021467,0,07,000,00,0,4,01,A01
201200021467,0,07,000,00,2,1,02,B02
201200021468,0,07,000,00,0,4,02,B02
201200021468,0,07,000,00,2,1,02,A01
201200021469,0,07,000,13,0,2,01,A01
201200021470,0,07,000,03,1,1,02,A01
201200021471,0,07,000,03,0,1,01,A01
201200021471,0,07,000,01,0,8,01,B02
201200021472,0,07,000,00,2,4,02,E05
201200021472,0,10,000,00,2,1,02,A01
201200021472,0,07,000,03,0,3,21,I09
201200021472,0,07,000,00,2,4,02,H08
201200021472,0,07,000,00,2,4,02,D04
201200021472,0,07,000,00,2,4,02,G07
201200021472,0,07,000,00,2,4,02,F06
201200021472,0,07,000,03,2,4,02,B02
201200021473,0,07,000,03,0,3,01,A01
201200021474,0,07,000,13,2,9,01,A01
201200021474,0,07,000,00,2,1,01,D01
201200021474,0,07,000,00,2,4,24,C01
201200021475,0,33,000,03,0,8,01,A01
201200021476,0,07,000,00,2,0,17,A01
201200021476,0,07,000,00,2,3,01,B01
201200021477,0,07,000,03,0,1,01,A01
201200021478,0,17,000,00,0,4,02,B02
201200021478,0,17,000,00,2,1,02,A01
201200021479,0,07,000,00,2,7,17,A01
201200021479,0,07,000,00,2,8,02,B01
201200021480,0,07,000,13,0,2,14,A01
201200021481,0,07,000,13,6,7,21,A01
201200021482,0,10,000,00,2,3,01,C01
201200021482,0,07,000,00,2,1,01,B01
201200021482,2,02,000,00,2,1,19,A01
201200021483,0,07,000,00,1,1,01,A01
201200021484,0,07,000,00,2,1,15,A01
201200021484,0,07,000,00,2,8,01,B01
201200021485,0,07,000,00,2,1,01,A01
201200021485,0,07,000,00,2,3,15,B01
201200021486,0,07,000,00,2,1,16,A01
201200021486,0,07,000,00,2,8,01,B01
201200021487,0,07,000,00,0,3,16,A01
201200021487,0,33,000,00,2,1,01,B01
201200021488,0,07,000,00,2,2,11,A01
201200021488,0,02,000,00,2,7,00,B01
201200021489,0,07,000,00,2,1,02,A01
201200021489,0,33,000,00,2,8,02,B01
201200021490,0,02,000,00,2,1,17,A01
201200021490,0,07,000,00,2,1,15,B01
201200021491,0,30,000,00,0,2,01,A01
201200021492,0,02,000,00,2,1,01,A01
201200021492,0,07,000,00,0,4,01,B01
201200021493,0,02,000,15,2,1,01,B01
201200021493,0,07,000,00,2,2,10,A01
201200021494,0,13,000,00,2,6,04,A01
201200021494,0,01,000,00,2,1,01,B01
201200021495,0,07,000,08,0,1,01,A01
201200021496,0,07,000,00,2,7,01,B01
201200021496,0,10,000,00,2,1,09,A01
201200021497,0,07,000,00,2,1,01,B01
201200021497,0,07,000,00,2,1,13,A01
201200021498,1,07,000,00,1,0,17,Z01
201200021499,0,30,000,00,2,2,01,B01
201200021499,0,07,000,00,2,3,16,A01
201200021500,0,07,000,00,2,1,01,B01
201200021500,0,07,000,00,2,8,09,A01
201200021501,0,02,000,12,0,0,01,A01
201200021502,0,10,000,00,1,1,01,A01
201200021503,0,07,000,00,2,1,01,B01
201200021503,0,07,000,00,2,8,19,A01
201200021504,0,07,000,00,2,1,15,A01
201200021504,0,07,000,00,2,1,01,B01
201200021505,0,07,000,00,2,3,11,A01
201200021505,0,07,000,00,2,1,16,B01
201200021506,0,07,000,00,0,4,15,A01
201200021506,0,10,000,00,2,1,01,C01
201200021506,0,07,000,00,2,1,01,B01
201200021507,0,07,000,13,0,1,14,A01
201200021508,0,07,000,00,2,2,15,A01
201200021508,0,07,000,00,2,1,01,B01
201200021509,0,07,000,00,2,1,01,B01
201200021509,0,07,000,00,2,1,05,A01
201200021510,0,07,000,00,1,3,01,A01
201200021511,0,30,000,00,2,8,01,B01
201200021511,0,07,000,00,2,3,15,A01
201200021512,0,07,000,00,1,7,01,A01
201200021513,0,07,000,00,2,2,15,A01
201200021513,0,07,000,00,2,1,01,B01
201200021514,0,07,000,00,2,6,01,B01
201200021514,0,07,000,00,2,1,13,A01
201200021515,0,07,000,00,1,1,01,A01
201200021516,0,07,000,00,2,2,17,B01
201200021516,0,07,000,00,2,3,15,A01
201200021517,0,02,000,00,2,1,01,B01
201200021517,0,07,000,00,2,3,09,A01
201200021518,0,07,000,00,1,3,16,A01
201200021519,0,07,000,09,0,3,00,A01
201200021520,0,07,000,06,0,2,14,A01
201200021521,0,07,000,00,2,1,01,B02
201200021521,0,07,000,00,2,8,01,A01
201200021522,0,07,000,02,0,1,00,A01
201200021523,0,38,000,00,2,1,01,B02
201200021523,0,31,000,00,2,1,13,A01
201200021524,0,10,000,00,2,3,19,A01
201200021524,0,07,000,00,2,5,00,B02
201200021525,0,99,000,13,0,1,15,A01
201200021526,0,07,000,02,0,1,00,A01
201200021527,0,07,000,08,0,3,01,A01
201200021528,0,07,000,00,2,2,17,B02
201200021528,0,30,000,00,2,3,15,A01
201200021529,0,07,000,00,2,1,01,B02
201200021529,0,07,000,00,2,1,15,A01
201200021530,0,07,000,00,0,5,17,A01
201200021530,0,07,000,00,2,3,01,B02