Num_Acc,senc,catv,occutc,obs,obsm,choc,manv,num_veh
201200021901,0,07,000,00,2,1,02,A01
201200021901,0,07,000,00,2,4,01,B01
201200021902,0,30,000,00,2,1,13,A01
201200021902,0,07,000,00,2,1,01,B01
201200021903,0,30,000,00,2,1,01,A01
201200021903,0,07,000,00,2,7,16,B01
201200021904,0,07,000,00,2,1,02,A01
201200021904,0,07,000,00,2,4,23,B01
201200021904,0,07,000,00,2,4,23,C01
201200021905,0,07,000,00,1,2,16,A01
201200021906,0,10,000,02,0,2,14,A01
201200021907,0,07,000,13,0,1,13,A01
201200021908,0,07,000,13,0,1,21,A01
201200021909,0,30,000,00,2,7,01,B01
201200021909,0,07,000,00,2,1,19,A01
201200021910,0,07,000,13,0,3,13,A01
201200021911,0,33,000,00,0,8,01,A01
201200021912,0,07,000,00,2,3,01,A01
201200021912,0,30,000,00,2,2,15,B01
201200021913,0,07,000,00,2,6,09,A01
201200021913,0,07,000,06,2,1,01,B01
201200021914,0,07,000,00,1,3,09,A01
201200021915,0,30,000,05,0,1,01,A01
201200021916,0,07,000,00,2,3,15,A01
201200021916,0,30,000,00,2,8,01,B01
201200021917,0,07,000,00,1,1,01,A01
201200021918,0,07,000,00,2,2,15,A01
201200021918,0,07,000,00,2,1,01,B01
201200021919,0,07,000,00,2,1,02,A01
201200021919,0,33,000,00,2,4,02,B01
201200021919,0,07,000,00,2,4,01,C01
201200021920,0,30,000,00,0,7,14,A01
201200021921,0,30,000,00,0,2,01,A01
201200021922,0,07,000,00,2,2,01,B01
201200021922,0,07,000,00,2,3,09,A01
201200021923,0,02,000,12,0,1,17,A01
201200021924,0,01,000,00,2,1,01,B01
201200021924,1,07,000,00,2,6,09,Z01
201200021925,0,07,000,00,2,3,15,A01
201200021925,0,02,000,00,2,1,01,B01
201200021926,0,10,000,00,1,1,01,Z01
201200021927,0,07,000,13,0,1,13,A01
201200021928,0,07,000,05,0,1,01,A01
201200021929,0,07,000,00,1,2,01,A01
201200021930,0,07,000,06,0,1,01,A01
201200021931,0,02,000,11,0,1,05,A01
201200021932,0,07,000,00,2,1,02,A01
201200021932,0,07,000,00,2,4,23,B01
201200021933,0,01,000,01,0,1,01,A01
201200021934,0,10,000,00,2,1,01,A01
201200021934,0,07,000,00,2,4,23,B01
201200021935,0,02,000,00,0,7,01,A01
201200021936,0,02,000,00,2,1,01,B01
201200021936,1,07,000,00,2,3,15,Z01
201200021937,0,02,000,00,2,3,01,B01
201200021937,1,07,000,00,2,5,16,Z01
201200021938,0,02,000,16,0,8,09,A01
201200021939,0,07,000,00,1,7,01,A01
201200021940,0,30,000,12,0,2,01,A01
201200021941,0,30,000,00,2,1,02,A01
201200021941,0,07,000,00,2,4,01,B01
201200021942,0,01,000,00,2,1,01,A01
201200021942,0,02,000,00,2,1,01,B01
201200021943,0,30,000,00,2,1,01,A01
201200021943,0,07,000,00,2,2,01,B01
201200021944,0,07,000,02,0,1,01,A01
201200021945,0,01,000,00,2,1,19,A01
201200021945,0,07,000,00,2,3,01,B01
201200021946,0,10,000,00,2,1,02,A01
201200021946,0,07,000,00,2,5,23,B01
201200021947,0,07,000,00,2,8,15,A01
201200021947,0,02,000,00,2,7,17,B01
201200021948,0,07,000,00,2,3,15,A01
201200021948,0,01,000,00,2,1,01,B01
201200021949,0,07,000,00,9,8,01,A01
201200021950,0,10,000,00,2,1,02,A01
201200021950,0,07,000,00,2,4,23,B01
201200021951,0,07,000,00,2,1,17,A01
201200021951,0,07,000,08,2,8,15,B01
201200021952,0,07,000,13,0,1,13,A01
201200021953,0,07,000,08,0,1,13,A01
201200021954,0,07,000,00,2,3,02,A01
201200021954,0,07,000,00,2,5,23,B01
201200021955,0,02,000,00,0,7,09,A01
201200021956,0,30,000,00,2,1,02,A01
201200021956,0,07,000,00,2,4,15,B01
201200021957,0,07,000,15,0,7,01,A01
201200021958,0,30,000,00,0,7,01,A01
201200021959,0,07,000,00,1,3,01,A01
201200021960,0,07,000,00,2,1,17,A01
201200021960,0,07,000,00,2,3,15,B01
201200021961,0,07,000,00,2,1,01,A01
201200021961,0,07,000,00,2,1,01,B01
201200021962,0,10,000,00,1,4,04,A01
201200021963,0,07,000,09,0,1,15,A01
201200021964,0,30,000,00,2,1,02,A01
201200021964,0,07,000,00,2,4,01,B01
201200021965,0,07,000,00,1,2,01,A01
201200021966,0,07,000,00,2,1,20,A01
201200021966,0,30,000,00,2,1,01,B01
201200021967,0,07,000,01,0,2,02,A01
201200021967,0,14,000,00,2,6,23,B01
201200021968,0,30,000,00,2,2,17,A01
201200021968,0,07,000,00,2,3,15,B01
201200021969,0,31,000,04,0,3,01,A01
201200021970,0,30,000,00,2,1,19,A01
201200021970,0,07,000,00,2,2,01,B01
201200021971,0,07,000,00,2,1,02,A01
201200021971,0,07,000,00,2,4,01,B01
201200021972,0,30,000,00,2,1,01,B01
201200021972,0,07,000,00,2,2,15,A01
201200021973,0,01,000,00,2,1,19,A01
201200021973,0,07,000,00,2,2,01,B01
201200021974,0,07,000,14,0,1,13,A01
201200021975,0,07,000,00,2,1,02,A01
201200021975,0,10,000,00,2,4,23,B01
201200021976,0,07,000,00,2,1,02,A01
201200021976,0,14,000,00,2,4,01,B01
201200021977,0,07,000,00,2,1,02,A01
201200021977,0,07,000,00,2,4,23,B01
201200021978,0,07,000,00,1,1,15,A01
201200021979,0,07,000,13,0,9,14,A01
201200021980,0,07,000,00,2,1,02,A01
201200021980,0,07,000,00,2,4,01,B01
201200021981,0,07,000,00,2,2,05,A01
201200021981,0,07,000,00,2,1,01,B01
201200021982,0,30,000,00,2,2,17,A01
201200021982,0,07,000,00,2,3,15,B01
201200021983,0,30,000,00,0,7,01,A01
201200021984,0,10,000,00,2,3,15,A01
201200021984,0,07,000,00,2,1,01,B01
201200021985,0,07,000,00,2,1,02,A01
201200021985,0,30,000,00,2,4,23,B01
201200021985,0,07,000,00,2,4,23,C01
201200021986,0,07,000,00,2,3,15,A01
201200021986,0,02,000,00,2,1,01,B01
201200021987,0,30,000,00,2,1,02,A01
201200021987,0,07,000,00,2,4,01,B01
201200021988,0,01,000,00,2,4,01,A01
201200021988,1,07,000,00,0,0,17,Z01
201200021989,0,13,000,00,2,1,02,A01
201200021989,0,07,000,00,2,4,01,B01
201200021989,0,07,000,00,2,4,01,C01
201200021989,0,10,000,00,2,1,02,D01
201200021989,0,14,000,00,2,1,02,E01
201200021990,0,07,000,00,2,4,01,A01
201200021990,0,07,000,00,2,1,01,B01
201200021991,0,30,000,13,0,7,14,A01
201200021992,0,33,000,00,1,1,01,A01
201200021993,0,30,000,00,2,2,02,A01
201200021993,0,07,000,00,2,4,01,B01
201200021994,0,07,000,00,1,3,01,A01
201200021995,0,30,000,01,0,1,01,A01
201200021996,0,02,000,14,0,3,01,A01
201200021997,0,07,000,00,2,3,01,B01
201200021997,0,02,000,00,2,2,05,A01
201200021998,0,30,000,13,0,1,13,A01
201200021999,0,30,000,00,2,7,01,B01
201200021999,0,07,000,00,2,1,09,A01
201200022000,0,07,000,00,2,3,09,A01
201200022000,0,02,000,00,2,1,16,B01
201200022001,0,37,001,00,2,2,01,B01
201200022001,0,02,000,00,2,1,09,A01
201200022002,0,07,000,03,0,1,21,A01
201200022003,0,07,000,06,0,1,14,A01
201200022004,0,07,000,06,0,1,01,A01
201200022005,0,30,000,00,0,8,01,A01
201200022006,0,30,000,00,0,7,01,A01
201200022007,0,07,000,00,2,1,01,B01
201200022007,0,07,000,00,2,8,09,A01
201200022008,0,33,000,00,2,1,17,A01
201200022008,0,07,000,00,2,3,09,B01
201200022009,0,30,000,00,0,7,16,A01
201200022010,0,07,000,00,1,1,16,A01
201200022011,0,07,000,00,2,2,02,A01
201200022011,0,07,000,00,2,4,23,B01
201200022012,0,02,000,12,0,0,14,A01
201200022013,0,07,000,00,1,4,04,A01
201200022014,0,30,000,00,2,1,17,A01
201200022014,0,07,000,00,2,3,09,B01
201200022015,0,01,000,00,2,1,19,B01
201200022015,0,07,000,00,2,1,01,A01
201200022016,0,07,000,00,2,7,13,A01
201200022016,0,07,000,00,2,1,01,B01
201200022017,0,07,000,03,0,1,14,A01
201200022018,0,07,000,00,1,5,01,A01
201200022019,0,30,000,00,1,1,01,A01
201200022020,0,07,000,00,2,1,01,B01
201200022020,0,07,000,00,2,7,19,A01
201200022021,0,07,000,13,0,7,01,A01
201200022022,0,33,000,14,0,1,01,A01
201200022023,0,30,000,00,2,1,01,A01
201200022023,0,07,000,00,2,8,01,B01
201200022024,0,30,000,00,2,1,01,B01
201200022024,0,07,000,00,2,5,15,A01
201200022025,0,30,000,00,2,1,15,A01
201200022025,0,07,000,00,2,2,01,B01
201200022026,0,07,000,00,2,2,15,A01
201200022026,0,07,000,00,2,1,01,B01
201200022027,0,30,000,00,2,3,02,A01
201200022027,0,07,000,00,2,5,01,B01
201200022028,0,07,000,00,2,1,02,A01
201200022028,0,07,000,00,2,4,23,B01
201200022028,0,07,000,00,2,4,23,C01
201200022029,0,07,000,00,2,7,15,A01
201200022029,0,07,000,00,2,2,01,B01
201200022030,0,02,000,00,1,7,05,A01
201200022031,0,07,000,05,0,8,01,A01
201200022032,0,07,000,00,2,8,15,B01
201200022032,0,07,000,00,2,3,01,A01
201200022033,0,02,000,00,2,3,13,B01
201200022033,0,07,000,00,2,8,15,A01
201200022034,0,30,000,00,2,1,01,B01
201200022034,0,07,000,00,2,1,15,A01
201200022035,0,07,000,00,1,1,01,A01
201200022036,0,02,000,00,2,7,01,B01
201200022036,0,10,000,00,2,1,09,A01
201200022037,0,07,000,00,2,8,11,A01
201200022037,0,14,000,00,2,2,14,B01
201200022038,0,36,000,12,0,9,01,A01
201200022039,0,07,000,03,0,3,01,A01
201200022040,0,07,000,00,2,5,15,A01
201200022040,0,31,000,00,2,1,01,B01
201200022041,0,07,000,09,0,3,14,A01
201200022042,0,07,000,00,1,7,01,A01
201200022043,0,07,000,00,2,6,23,A01
201200022043,0,07,000,00,2,1,02,B01
201200022044,0,07,000,06,0,1,00,A01
201200022045,0,07,000,00,9,1,01,A01
201200022046,0,02,000,00,2,1,01,B01
201200022046,0,07,000,00,2,3,09,A01
201200022047,0,07,000,00,1,3,15,A01
201200022048,0,02,000,00,2,1,01,B01
201200022048,1,07,000,00,0,0,00,Z01
201200022049,0,07,000,00,2,1,09,A01
201200022049,0,02,000,00,2,7,01,B01
201200022050,0,07,000,00,1,4,04,A01
201200022051,0,07,000,00,2,1,02,A01
201200022051,0,07,000,00,2,4,02,B01
201200022051,0,07,000,00,2,4,23,C01
201200022052,0,30,000,00,2,1,17,A01
201200022052,0,07,000,00,2,3,15,B01
201200022053,0,07,000,09,0,1,13,A01
201200022054,0,30,000,00,2,1,02,A01
201200022054,0,07,000,00,2,4,23,B01
201200022055,0,07,000,03,0,3,17,A01
201200022056,0,07,000,11,0,1,13,A01
201200022057,0,07,000,00,2,3,09,A01
201200022057,0,07,000,00,2,1,01,B01
201200022058,0,07,000,13,0,7,14,A01
201200022059,0,07,000,00,1,3,01,A01
201200022060,0,07,000,00,1,3,01,A01
201200022061,0,07,000,00,1,7,01,A01
201200022062,0,07,000,00,2,4,23,A01
201200022062,0,07,000,00,2,1,02,B01
201200022063,0,07,000,13,2,0,14,A01
201200022063,0,07,000,00,2,3,21,B01
201200022063,0,07,000,00,2,4,23,C01
201200022063,0,07,000,01,0,1,21,D01
201200022064,0,07,000,07,0,1,14,A01
201200022065,0,15,000,00,2,2,12,A01
201200022065,0,07,000,00,2,8,01,B01
201200022065,0,07,000,00,2,2,01,C01
201200022066,0,07,000,00,2,0,09,A01
201200022066,0,02,000,00,2,0,01,B01
201200022067,0,02,000,00,2,1,09,A01
201200022067,0,07,000,00,2,8,09,B01
201200022068,0,07,000,08,0,2,01,A01
201200022069,0,07,000,00,2,2,01,B01
201200022069,0,07,000,00,2,1,16,A01
201200022070,0,02,000,00,2,1,01,B01
201200022070,0,07,000,00,2,3,15,A01
201200022071,0,07,000,00,2,1,01,A01
201200022071,0,01,000,00,2,7,01,B01
201200022072,0,07,000,00,1,3,01,A01
201200022073,0,02,000,00,2,7,00,B01
201200022073,0,07,000,00,2,2,15,A01
201200022074,0,07,000,00,2,3,01,A01
201200022074,0,07,000,00,2,3,01,B01
201200022075,0,07,000,00,1,1,01,A01
201200022076,0,07,000,00,2,3,13,A01
201200022076,0,07,000,00,2,3,21,B01
201200022077,0,07,000,00,1,3,01,A01
201200022078,0,10,000,00,1,3,15,A01
201200022079,0,03,000,00,2,1,01,A01
201200022079,0,07,000,00,0,4,23,B01
201200022080,0,07,000,00,1,1,01,A01
201200022081,0,07,000,08,0,0,00,A01
201200022082,0,07,000,08,0,7,01,A01
201200022083,0,01,000,00,2,0,00,B01
201200022083,1,10,000,00,2,3,00,A01
201200022084,0,07,000,00,2,7,19,A01
201200022084,0,14,000,00,2,1,01,B01
201200022085,0,07,000,02,0,3,01,A01
201200022086,0,07,000,13,0,1,01,A01
201200022087,0,07,000,00,2,1,05,A01
201200022087,0,07,000,00,2,1,01,B01
201200022088,0,07,000,01,0,3,21,A01
201200022088,0,07,000,00,2,8,24,C01
201200022088,0,07,000,00,0,0,23,B01
201200022089,0,02,000,00,2,5,01,B01
201200022089,0,07,000,00,2,3,09,A01
201200022090,0,07,000,00,2,1,01,B01
201200022090,0,07,000,00,2,8,15,A01
201200022091,0,07,000,11,1,1,14,A01
201200022092,0,07,000,00,1,1,16,A01
201200022093,0,33,000,00,0,1,00,A01
201200022094,0,07,000,03,2,3,01,B01
201200022094,0,07,000,00,2,3,13,A01
201200022095,0,07,000,13,2,1,00,A01
201200022095,0,02,000,00,2,4,02,B01
201200022095,0,07,000,00,2,1,01,C01
201200022096,0,07,000,00,2,1,15,A01
201200022096,0,01,000,00,2,1,01,B01
201200022097,0,07,000,00,1,1,01,A01
201200022098,0,07,000,06,2,8,15,B01
201200022098,0,33,000,06,2,7,21,A01
201200022099,0,30,000,11,0,1,01,A01
201200022100,0,33,000,01,0,1,21,A01
201200022100,0,07,000,00,0,0,09,B01
201200022101,0,07,000,00,1,5,04,A01
201200022102,0,07,000,09,0,3,01,A01
201200022103,0,33,000,00,2,1,17,B01
201200022103,0,07,000,00,2,8,15,A01
201200022104,0,07,000,00,1,1,01,A01
201200022105,0,07,000,00,2,8,15,B01
201200022105,0,33,000,00,2,0,17,A01
201200022106,0,17,000,00,1,3,16,A01
201200022107,0,30,000,00,0,9,09,A01
201200022108,0,07,000,00,2,1,01,A01
201200022109,0,33,000,00,2,0,01,B01
201200022109,0,07,000,00,2,6,15,A01
201200022110,0,07,000,06,0,3,19,A01
201200022111,0,07,000,00,0,5,01,B01
201200022111,0,30,000,00,2,1,01,A01
201200022112,0,07,000,00,1,1,01,A01
201200022113,0,07,000,02,0,8,01,A01
201200022114,0,07,000,00,2,1,15,A01
201200022114,0,07,000,00,2,3,01,B01
201200022115,0,30,000,11,0,1,17,A01
201200022116,0,07,000,00,2,1,01,A01
201200022116,0,07,000,00,2,7,01,B01
201200022117,0,02,000,01,0,1,01,A01
201200022118,0,31,000,00,2,1,01,A01
201200022118,0,07,000,00,2,4,01,B01
201200022119,0,37,001,00,1,0,23,A01
201200022120,0,10,000,00,1,4,04,A01
201200022121,0,07,000,04,0,0,00,A01
201200022122,0,07,000,00,1,4,04,A01
201200022123,0,07,000,00,2,1,17,B01
201200022123,0,01,000,00,2,1,01,A01
201200022124,0,37,006,00,2,1,01,B01
201200022124,0,07,000,00,2,7,01,A01
201200022125,0,01,000,00,2,0,19,B01
201200022125,0,07,000,00,2,0,00,A01
201200022126,0,07,000,02,0,0,00,A01
201200022127,0,07,000,00,2,1,00,A01
201200022127,0,07,000,00,2,6,01,B01
201200022128,0,07,000,00,1,1,01,A01
201200022129,0,07,000,00,2,2,01,A01
201200022129,0,07,000,00,2,0,01,B01
201200022129,0,07,000,00,2,0,23,C01
201200022130,0,07,000,08,2,0,00,A01
201200022130,0,07,000,00,2,4,00,B01
201200022130,0,07,000,00,2,0,00,C01
201200022131,0,07,000,00,2,1,01,B01
201200022131,0,07,000,00,2,1,01,A01
201200022132,0,07,000,02,0,9,01,A01
201200022133,0,02,000,00,2,1,02,B01
201200022133,0,07,000,00,2,5,02,A01
201200022134,0,07,000,00,2,2,01,B01
201200022134,0,07,000,00,2,1,09,A01
201200022135,0,07,000,00,1,2,01,A01
201200022136,0,07,000,00,1,3,02,A01
201200022137,0,07,000,00,2,3,01,B01
201200022137,0,07,000,00,2,2,09,A01
201200022138,0,10,000,00,1,7,17,A01
201200022138,0,10,000,00,0,0,23,B01
201200022139,0,07,000,00,2,0,01,B01
201200022139,0,07,000,00,2,0,15,A01
201200022140,0,07,000,00,1,8,01,A01
201200022141,0,07,000,00,1,3,01,A01
201200022142,0,07,000,00,1,1,00,A01
201200022143,0,30,000,00,0,0,00,A01
201200022144,0,02,000,00,2,1,01,B01
201200022144,0,07,000,00,2,3,15,A01
201200022145,0,10,000,00,0,4,23,C01
201200022145,0,07,000,14,0,1,02,A01
201200022145,0,07,000,14,0,4,23,B01
201200022146,0,02,000,00,0,0,00,A01
201200022147,0,37,003,00,0,3,01,B01
201200022147,0,07,000,00,2,2,17,A01
201200022148,0,07,000,00,1,2,01,A01
201200022149,0,07,000,00,2,2,01,B01
201200022149,0,30,000,00,2,3,17,A01
201200022150,1,07,000,00,2,2,15,B01
201200022150,0,01,000,00,2,0,00,A01
201200022151,2,07,000,00,2,1,09,A01
201200022151,0,07,000,00,2,3,09,B01
201200022152,0,07,000,00,2,3,15,A01
201200022152,0,30,000,00,2,3,01,B01
201200022153,0,07,000,00,2,3,15,A01
201200022153,0,07,000,00,2,3,01,B01
201200022154,0,07,000,00,1,2,01,A01
201200022155,0,07,000,00,2,6,16,B01
201200022155,0,33,000,00,2,1,01,A01
201200022156,0,33,000,00,2,1,00,A01
201200022156,0,07,000,00,0,4,00,B01
201200022157,0,30,000,00,2,8,15,A01
201200022157,0,07,000,00,2,2,01,B01
201200022158,0,07,000,00,1,4,04,A01
201200022159,0,07,000,00,1,1,01,A01
201200022160,0,01,000,00,2,1,01,B01
201200022160,0,07,000,00,2,1,09,A01
201200022161,0,07,000,00,2,1,01,A01
201200022161,0,07,000,00,2,4,01,B01
201200022162,0,07,000,00,2,0,00,B01
201200022162,0,07,000,00,2,0,01,A01
201200022163,0,31,000,00,2,1,01,B01
201200022163,0,07,000,00,2,0,15,A01
201200022164,0,01,000,00,2,1,01,A01
201200022164,0,07,000,00,2,2,00,B01
201200022165,0,02,000,00,2,1,00,B01
201200022165,1,07,000,00,2,0,05,A01
201200022166,0,01,000,00,2,1,00,B01
201200022166,0,30,000,00,2,1,01,A01
201200022167,0,30,000,00,2,1,01,B01
201200022167,0,07,000,00,2,7,15,A01
201200022168,0,07,000,00,2,8,20,A01
201200022168,0,33,000,00,2,0,01,B01
201200022169,0,01,000,00,1,0,01,A01
201200022170,0,07,000,00,1,1,01,A01
201200022171,0,10,000,00,2,4,23,B01
201200022171,0,07,000,00,2,1,02,A01
201200022171,0,37,002,00,0,4,23,C01
201200022172,1,10,000,00,1,7,02,A01
201200022173,0,30,000,00,2,0,00,A01
201200022173,0,07,000,00,2,0,01,B01
201200022174,0,32,000,12,0,1,01,A01
201200022175,0,33,000,00,0,0,01,A01
201200022176,0,33,000,00,2,1,01,A01
201200022176,0,33,000,00,2,8,01,B01
201200022177,0,30,000,00,0,0,00,A01
201200022178,0,07,000,00,2,1,09,B01
201200022178,0,07,000,06,2,4,01,A01
201200022179,0,07,000,00,1,2,01,A01
201200022180,0,01,000,00,2,1,02,C01
201200022180,0,30,000,00,2,1,17,A01
201200022180,0,07,000,00,2,3,02,B01
201200022181,0,07,000,06,0,1,01,A01
201200022182,0,07,000,00,1,3,01,A01
201200022183,0,07,000,00,2,1,01,A01
201200022183,0,07,000,00,2,4,00,B01
201200022184,0,37,001,00,1,5,02,A01
201200022185,1,99,000,00,0,0,00,A01
201200022186,0,07,000,00,2,2,01,A01
201200022186,0,30,000,00,2,8,19,B01
201200022187,0,07,000,00,1,4,04,A01
201200022188,0,07,000,00,1,7,01,A01
201200022189,0,30,000,11,0,1,16,A01
201200022190,0,07,000,00,1,7,01,A01
201200022191,0,07,000,00,2,1,00,A01
201200022191,0,07,000,00,0,2,10,B01
201200022191,0,32,000,00,2,3,01,C01
201200022192,0,07,000,00,2,1,01,C01
201200022192,0,07,000,00,2,3,01,B01
201200022192,1,07,000,00,2,5,15,A01
201200022193,0,07,000,00,2,2,00,B01
201200022193,0,31,000,00,2,1,01,A01
201200022194,0,30,000,00,2,1,19,B01
201200022194,0,07,000,00,2,1,07,A01
201200022195,0,07,000,00,2,8,01,A01
201200022195,0,33,000,00,2,7,01,B01
201200022196,0,07,000,00,1,1,01,A01
201200022197,0,30,000,12,0,1,15,A01
201200022198,1,07,000,00,2,1,02,Z01
201200022198,0,07,000,00,1,4,23,A01
201200022199,0,34,000,00,2,1,17,B01
201200022199,0,07,000,00,2,6,15,A01
201200022200,0,07,000,00,2,3,15,A01
201200022200,0,02,000,00,2,7,17,B01
201200022201,0,07,000,00,1,1,00,A01
201200022202,0,07,000,00,2,3,01,B01
201200022202,0,07,000,00,2,1,15,A01
201200022203,0,07,000,00,2,1,02,A01
201200022203,0,07,000,00,2,4,16,B01
201200022204,0,07,000,00,1,3,15,A01
201200022205,0,07,000,00,2,8,01,B01
201200022205,1,07,000,00,2,1,05,A01
201200022206,0,07,000,00,1,7,01,A01
201200022207,0,33,000,00,0,4,23,B01
201200022207,0,07,000,00,2,1,02,A01
201200022207,0,33,000,00,0,4,23,C01
201200022208,0,02,000,00,0,0,01,A01
201200022209,0,07,000,00,2,4,01,B01
201200022209,0,07,000,00,2,4,01,C01
201200022209,0,07,000,00,2,1,01,A01
201200022210,0,07,000,00,0,4,23,B01
201200022210,0,07,000,00,0,1,02,A01
201200022211,0,10,000,00,2,2,15,A01
201200022211,0,07,000,00,2,3,01,B01
201200022212,0,07,000,00,2,1,01,A01
201200022212,0,07,000,00,2,4,23,B01
201200022213,0,07,000,00,1,1,01,A01
201200022214,0,33,000,00,2,1,02,A01
201200022214,0,07,000,00,0,4,02,B01
201200022215,0,07,000,00,2,3,01,B01
201200022215,0,07,000,00,2,1,01,A01
201200022216,0,07,000,00,2,3,17,A01
201200022217,0,32,000,14,0,2,01,A01
201200022218,0,01,000,00,2,8,19,B01
201200022218,0,07,000,00,2,1,01,A01
201200022219,0,07,000,00,2,3,09,A01
201200022219,0,30,000,00,2,7,01,B01
201200022220,0,07,000,00,1,1,01,A01
201200022221,0,07,000,12,0,1,13,A01
201200022222,0,10,000,00,2,0,09,A01
201200022222,0,01,000,00,2,1,01,B01
201200022223,0,07,000,04,0,5,01,A01
201200022224,0,07,000,00,2,4,01,B01
201200022224,0,10,000,00,2,1,01,A01
201200022225,0,02,000,00,0,1,00,A01
201200022226,0,02,000,00,2,1,01,A01
201200022226,1,07,000,00,2,1,01,B01
201200022227,0,07,000,00,1,1,00,A01
201200022228,0,07,000,00,2,5,04,B01
201200022228,0,07,000,00,2,2,01,A01
201200022229,0,07,000,00,1,2,01,A01
201200022230,0,07,000,00,2,1,01,B01
201200022230,0,07,000,00,2,1,13,A01
201200022231,0,07,000,00,2,3,15,A01
201200022231,0,30,000,00,2,1,01,B01
201200022232,0,33,000,00,2,7,17,B01
201200022232,0,07,000,00,2,8,15,A01
201200022233,0,07,000,00,2,4,02,B01
201200022233,0,07,000,00,2,1,02,A01
201200022234,0,07,000,00,2,8,02,B01
201200022234,0,07,000,00,2,1,15,A01
201200022235,0,07,000,00,2,2,15,B01
201200022235,0,33,000,00,2,1,17,A01
201200022236,0,01,000,00,2,6,19,B01
201200022236,0,07,000,00,9,3,01,A01
201200022237,0,07,000,04,0,9,01,A01
201200022238,0,07,000,00,2,1,01,A01
201200022238,0,07,000,00,2,1,13,B01
201200022239,0,07,000,00,1,1,00,A01
201200022240,0,07,000,00,2,0,17,A01
201200022240,0,01,000,00,2,8,01,B01
201200022241,0,02,000,00,2,1,00,A01
201200022241,0,10,000,00,2,4,00,B01
201200022242,1,30,000,00,1,1,00,A01
201200022243,0,07,000,00,2,7,01,B01
201200022243,0,07,000,00,2,1,01,A01
201200022244,0,07,000,04,0,0,00,A01
201200022245,0,07,000,00,1,1,01,A01
201200022246,0,07,000,00,0,4,15,B01
201200022246,0,07,000,00,2,1,01,A01
201200022247,0,07,000,00,2,3,15,A01
201200022247,0,01,000,00,2,1,01,B01
201200022248,0,33,000,00,2,1,01,A01
201200022248,0,07,000,00,2,4,11,B01
201200022249,1,07,000,00,1,3,07,Z01
201200022250,0,07,000,00,1,6,04,A01
201200022251,0,07,000,01,0,1,00,A01
201200022251,0,07,000,00,2,5,24,B01
201200022252,0,37,001,00,1,3,01,A01
201200022253,0,07,000,00,1,1,01,A01
201200022254,1,07,000,00,1,1,01,Z01
201200022255,0,07,000,00,2,1,01,B01
201200022255,0,07,000,00,2,2,15,A01
201200022256,0,07,000,00,2,2,15,B01
201200022256,0,34,000,00,2,2,01,A01
201200022257,0,07,000,00,2,4,01,B01
201200022257,0,02,000,00,2,1,01,A01
201200022258,0,07,000,00,2,4,23,B01
201200022258,0,30,000,00,2,1,02,A01
201200022259,0,07,000,00,2,1,02,A01
201200022259,0,33,000,00,2,4,23,B01
201200022260,0,07,000,00,1,2,01,A01
201200022261,0,07,000,00,2,1,05,A01
201200022261,0,07,000,00,2,3,01,B01
201200022262,0,07,000,00,1,7,01,A01
201200022263,0,07,000,00,1,3,01,A01
201200022264,0,07,000,06,0,1,01,A01
201200022265,0,07,000,00,2,5,15,B01
201200022265,0,07,000,00,2,3,02,A01
201200022266,0,07,000,00,2,7,01,B01
201200022266,0,07,000,00,2,1,13,A01
201200022267,0,01,000,00,2,1,01,B01
201200022267,0,07,000,00,2,1,15,A01
201200022268,0,07,000,00,2,1,01,B01
201200022268,0,07,000,00,2,1,15,A01
201200022269,0,30,000,15,0,1,01,A01
201200022270,0,07,000,00,2,4,23,A01
201200022270,0,07,000,00,2,1,02,B01
201200022271,0,07,000,00,2,3,01,A01
201200022271,0,07,000,00,2,2,01,B01
201200022272,0,07,000,00,1,2,01,A01
201200022273,0,07,000,04,6,1,01,A01
201200022274,0,07,000,00,1,7,01,A01
201200022275,0,07,000,00,1,1,01,A01
201200022276,1,07,000,00,1,2,01,A01
201200022277,0,07,000,00,2,3,01,A01
201200022277,0,14,000,00,2,3,01,B01
201200022278,0,07,000,00,2,7,01,A01
201200022278,0,07,000,00,2,1,01,B01
201200022279,0,07,000,00,1,3,01,A01
201200022280,0,07,000,00,1,2,00,A01
201200022281,0,07,000,00,1,1,01,A01
201200022282,0,07,000,00,2,7,01,B01
201200022282,2,07,000,00,2,3,15,A01
201200022283,0,07,000,00,1,2,01,A01
201200022284,0,07,000,00,1,8,01,A01
201200022285,0,07,000,00,1,2,01,A01
201200022286,0,07,000,00,1,2,01,A01
201200022287,0,07,000,15,0,7,01,A01
201200022288,0,07,000,00,1,2,01,A01
201200022289,0,07,000,00,1,2,00,A01
201200022290,0,07,000,00,1,1,01,A01
201200022291,0,07,000,00,2,2,15,A01
201200022291,0,01,000,00,2,7,01,B01
201200022292,0,07,000,01,0,2,01,A01
201200022293,0,07,000,00,0,4,02,A01
201200022293,0,07,000,00,2,1,02,B01
201200022294,1,07,000,00,0,6,01,B01
201200022294,0,02,000,00,2,1,02,A01
201200022295,0,07,000,00,2,2,15,A01
201200022295,0,33,000,00,2,1,01,B01
201200022296,0,07,000,00,1,2,01,A01
201200022297,0,10,000,00,1,1,01,A01
201200022298,0,07,000,00,2,1,01,A01
201200022298,0,07,000,00,2,1,10,B01
201200022299,2,02,000,00,2,2,17,Z01
201200022299,0,01,000,00,2,6,11,B01