Num_Acc,senc,catv,occutc,obs,obsm,choc,manv,num_veh
201200022300,0,07,000,00,2,3,11,A01
201200022300,0,33,000,06,0,5,01,B01
201200022301,0,14,000,10,0,1,01,A01
201200022302,0,30,000,00,2,1,01,B01
201200022302,0,07,000,00,2,3,15,A01
201200022303,0,07,000,00,1,2,01,A01
201200022304,0,07,000,00,2,1,19,A01
201200022304,0,02,000,00,2,8,01,B01
201200022305,0,07,000,01,2,4,02,B01
201200022305,0,07,000,00,2,1,02,A01
201200022306,0,07,000,00,1,3,01,A01
201200022307,0,02,000,00,2,8,02,A01
201200022307,0,07,000,00,2,1,02,B01
201200022308,0,07,000,08,0,1,01,A01
201200022309,0,07,000,08,0,3,13,A01
201200022310,0,07,000,00,2,1,13,A01
201200022310,0,07,000,00,2,1,01,B02
201200022311,0,33,000,00,2,1,01,A01
201200022311,0,07,000,00,2,1,15,B02
201200022312,0,07,000,08,0,8,14,A01
201200022313,0,07,000,00,0,1,01,A01
201200022314,0,30,000,00,2,1,05,A01
201200022314,0,07,000,00,2,3,15,B02
201200022315,0,07,000,00,2,3,01,A01
201200022315,0,32,000,00,2,1,13,B02
201200022316,0,30,000,13,0,0,14,A01
201200022317,0,30,000,00,2,1,01,B02
201200022317,0,07,000,00,2,3,01,A01
201200022318,0,07,000,00,2,8,19,A01
201200022318,0,33,000,00,2,1,01,B02
201200022319,0,07,000,00,2,8,01,B02
201200022319,0,10,000,00,2,1,19,A01
201200022320,0,07,000,06,0,1,00,A01
201200022321,0,07,000,00,2,1,01,B02
201200022321,0,07,000,00,2,8,19,A01
201200022322,0,07,000,00,1,2,01,A01
201200022323,0,07,000,00,2,3,09,A01
201200022323,0,33,000,00,2,2,01,B02
201200022324,0,02,000,00,0,0,00,A01
201200022325,0,07,000,00,2,3,01,B02
201200022325,0,07,000,00,2,1,02,C03
201200022325,0,07,000,00,2,2,13,A01
201200022326,0,30,000,00,2,1,01,B02
201200022326,0,07,000,00,2,1,15,A01
201200022327,0,31,000,00,2,8,15,A01
201200022327,0,07,000,00,2,3,15,B02
201200022328,0,02,000,00,2,1,17,B02
201200022328,0,07,000,00,2,3,15,A01
201200022329,0,07,000,00,1,7,00,A01
201200022330,0,07,000,00,1,3,01,A01
201200022331,0,07,000,00,2,8,15,A01
201200022331,0,33,000,00,2,1,01,B02
201200022332,0,33,000,00,2,1,17,B02
201200022332,0,07,000,00,2,6,15,A01
201200022333,0,01,000,00,2,1,01,B02
201200022333,0,07,000,00,2,7,19,A01
201200022334,0,03,000,00,2,1,01,B02
201200022334,0,07,000,00,2,5,15,A01
201200022335,0,33,000,13,0,2,00,A01
201200022336,0,07,000,00,2,3,15,B02
201200022336,0,07,000,00,2,1,01,A01
201200022337,0,07,000,00,1,3,15,A01
201200022338,0,07,000,00,1,1,01,A01
201200022339,0,07,000,00,1,2,01,A01
201200022340,0,07,000,00,2,1,13,A01
201200022340,0,07,000,00,2,1,01,B02
201200022341,0,02,000,09,0,1,01,A01
201200022342,0,38,000,00,1,2,01,A01
201200022343,0,07,000,00,2,4,01,B02
201200022343,0,07,000,00,2,2,02,A01
201200022344,0,07,000,00,2,1,13,A01
201200022344,0,07,000,00,2,1,01,B02
201200022345,0,07,000,13,0,1,01,A01
201200022346,0,07,000,00,2,1,18,A01
201200022346,0,07,000,00,2,6,01,B02
201200022346,0,15,000,00,2,3,01,C03
201200022347,0,33,000,03,0,1,01,A01
201200022347,0,33,000,00,2,1,01,B02
201200022348,0,38,020,00,2,1,01,A01
201200022348,0,31,000,00,2,1,13,B02
201200022349,0,10,000,00,1,2,01,A01
201200022350,0,15,000,00,2,6,13,A01
201200022350,0,07,000,00,2,3,01,B02
201200022351,0,31,000,00,2,1,01,A01
201200022351,0,07,000,00,2,3,20,B02
201200022352,0,07,000,00,2,2,01,A01
201200022352,0,07,000,00,2,3,15,B02
201200022353,0,07,000,14,0,2,01,A01
201200022354,0,07,000,00,2,1,01,A01
201200022354,0,07,000,00,2,3,15,B02
201200022355,0,07,000,00,1,4,04,A01
201200022356,0,07,000,00,0,9,01,A01
201200022357,0,33,000,07,0,1,01,A01
201200022358,0,33,000,13,0,1,21,C03
201200022358,0,33,000,00,2,3,13,A01
201200022358,0,07,000,00,2,3,01,B02
201200022359,0,07,000,00,2,8,19,A01
201200022359,0,07,000,00,2,1,01,B01
201200022360,0,07,000,00,2,1,09,A01
201200022360,0,07,000,00,2,8,01,B01
201200022361,0,30,000,00,2,4,13,B01
201200022361,0,07,000,00,2,1,01,A01
201200022362,2,30,000,00,2,1,01,A01
201200022362,0,07,000,00,0,4,23,B01
201200022363,0,07,000,00,2,1,01,A01
201200022363,0,30,000,00,2,4,02,B01
201200022363,0,07,000,00,0,4,02,C01
201200022364,0,07,000,00,2,3,06,A01
201200022364,0,07,000,00,2,1,02,C01
201200022364,0,07,000,00,2,3,01,B01
201200022365,0,07,000,00,0,9,00,A01
201200022366,0,07,000,00,0,7,00,A01
201200022367,0,10,000,00,2,2,01,B01
201200022367,2,07,000,00,2,8,15,Z01
201200022368,0,07,000,00,2,2,01,A01
201200022368,0,07,000,00,2,8,00,B01
201200022369,0,17,000,00,2,1,23,C01
201200022369,0,07,000,00,2,7,15,A01
201200022369,0,07,000,00,2,3,01,B01
201200022370,0,07,000,00,1,1,00,A01
201200022371,1,07,000,00,0,0,00,Z01
201200022371,0,07,000,00,2,3,01,B01
201200022371,0,07,000,00,2,1,01,A01
201200022372,0,07,000,00,1,4,04,A01
201200022373,0,07,000,00,2,2,01,A01
201200022373,0,07,000,00,2,4,02,B01
201200022374,0,07,000,00,2,1,01,A01
201200022374,0,07,000,00,2,1,01,B01
201200022375,0,13,000,00,2,2,01,B01
201200022375,0,07,000,00,2,2,15,A01
201200022376,0,02,000,00,2,2,01,A01
201200022376,0,07,000,00,2,3,15,B01
201200022377,0,33,000,02,0,0,01,A01
201200022378,0,07,000,00,2,3,01,B01
201200022378,0,07,000,00,2,3,06,A01
201200022379,0,33,000,00,2,1,01,B01
201200022379,0,07,000,00,2,7,15,A01
201200022380,0,33,000,00,2,7,01,B01
201200022380,0,07,000,00,2,3,00,A01
201200022381,0,07,000,00,0,7,15,A01
201200022381,0,01,000,00,2,8,02,B01
201200022382,0,07,000,00,2,2,11,A01
201200022382,0,33,000,00,2,8,15,B01
201200022383,0,07,000,00,1,3,01,A01
201200022384,0,07,000,09,0,1,01,A01
201200022385,0,14,000,00,2,1,01,B01
201200022385,0,02,000,00,2,7,01,A01
201200022386,0,33,000,00,2,0,01,B01
201200022386,0,07,000,00,2,8,10,A01
201200022387,1,07,000,00,1,1,01,Z01
201200022388,0,07,000,00,2,1,02,A01
201200022388,0,07,000,00,2,4,23,B01
201200022388,0,07,000,00,2,4,23,C01
201200022389,0,07,000,00,2,7,01,B01
201200022389,0,07,000,00,2,3,09,A01
201200022390,0,07,000,00,1,8,01,A01
201200022391,1,14,000,00,0,0,17,Z01
201200022391,0,01,000,00,2,0,02,A01
201200022392,0,30,000,00,2,1,01,B01
201200022392,0,07,000,00,2,2,19,A01
201200022393,0,07,000,00,1,1,02,A01
201200022394,0,07,000,00,2,1,13,A01
201200022394,0,07,000,00,2,1,01,B01
201200022395,0,33,000,00,2,1,01,B01
201200022395,0,07,000,00,2,8,11,A01
201200022396,0,07,000,00,2,1,01,B01
201200022396,0,07,000,00,2,1,01,A01
201200022397,0,07,000,00,2,1,01,B01
201200022397,0,07,000,00,2,1,01,A01
201200022398,0,07,000,14,0,9,01,A01
201200022399,0,07,000,00,2,1,02,C01
201200022399,0,07,000,00,2,1,13,B01
201200022399,0,10,000,00,2,1,01,A01
201200022400,0,07,000,00,1,1,01,A01
201200022401,0,07,000,00,1,1,01,A01
201200022402,0,02,000,00,2,1,01,A01
201200022402,0,07,000,00,0,4,23,B01
201200022403,0,07,000,00,1,1,01,A01
201200022404,0,30,000,00,2,1,01,B01
201200022404,0,07,000,00,2,1,19,A01
201200022405,0,07,000,00,1,7,01,A01
201200022406,0,07,000,00,2,1,19,A01
201200022406,0,01,000,00,2,7,01,B01
201200022407,0,07,000,00,2,1,15,A01
201200022407,0,01,000,00,2,1,01,B01
201200022408,0,01,000,00,2,3,01,B01
201200022408,0,07,000,00,2,1,09,A01
201200022409,0,07,000,00,2,3,01,B01
201200022409,0,07,000,00,2,3,15,A01
201200022410,0,07,000,00,1,0,00,A01
201200022411,0,07,000,00,2,4,02,B01
201200022411,0,07,000,00,2,1,02,A01
201200022412,0,07,000,00,2,1,01,B01
201200022412,0,07,000,00,2,3,19,A01
201200022413,0,02,000,00,2,7,17,B01
201200022413,0,07,000,00,2,2,09,A01
201200022414,0,30,000,00,2,2,17,A01
201200022414,0,07,000,00,0,6,23,B01
201200022414,0,07,000,00,2,3,01,C01
201200022415,0,07,000,00,2,1,06,A01
201200022415,0,07,000,00,2,3,01,B01
201200022416,0,07,000,00,2,1,15,A01
201200022416,0,07,000,00,2,1,01,B01
201200022417,0,07,000,00,2,8,15,B01
201200022417,0,33,000,00,2,1,17,A01
201200022418,0,01,000,00,0,8,15,A01
201200022418,0,02,000,00,2,1,17,B01
201200022419,0,07,000,00,2,2,01,A01
201200022419,0,07,000,02,2,3,16,B01
201200022420,0,07,000,00,2,3,01,A01
201200022420,0,07,000,00,2,3,01,B01
201200022421,0,07,000,00,2,3,01,B01
201200022421,0,07,000,00,2,3,01,A01
201200022422,0,07,000,00,2,3,01,B01
201200022422,0,07,000,00,2,3,09,A01
201200022423,0,07,000,00,2,7,19,A01
201200022423,0,07,000,00,2,1,01,B01
201200022424,0,07,000,00,0,4,01,B01
201200022424,0,02,000,00,2,1,01,A01
201200022425,0,07,000,00,2,8,01,B01
201200022425,0,07,000,00,2,1,19,A01
201200022426,0,01,000,00,2,7,19,A01
201200022426,0,07,000,00,2,1,01,B01
201200022427,0,01,000,00,1,1,02,A01
201200022428,0,02,000,00,2,1,01,B01
201200022428,0,07,000,00,2,2,15,A01
201200022429,0,07,000,00,2,1,01,A01
201200022429,0,07,000,00,2,1,01,B01
201200022430,0,10,000,00,2,1,15,A01
201200022430,0,02,000,00,2,1,01,B01
201200022431,2,07,000,00,2,1,06,A01
201200022431,0,07,000,00,2,1,01,B01
201200022432,0,07,000,00,2,1,01,A01
201200022432,0,07,000,00,0,4,23,B01
201200022433,0,01,000,00,2,1,19,A01
201200022433,0,07,000,00,2,7,09,B01
201200022434,0,07,000,00,1,3,01,A01
201200022435,0,07,000,00,1,3,01,A01
201200022436,0,07,000,00,2,1,01,B01
201200022436,0,07,000,00,2,0,09,A01
201200022437,0,07,000,00,2,1,19,A01
201200022437,0,07,000,00,2,5,01,B01
201200022438,0,33,000,00,2,2,06,A01
201200022438,0,07,000,00,2,2,01,B01
201200022439,0,07,000,00,2,1,01,B01
201200022439,0,01,000,00,2,5,15,A01
201200022440,0,02,000,00,2,2,01,A01
201200022440,0,07,000,00,0,6,15,B01
201200022441,0,07,000,00,0,2,15,A01
201200022441,0,01,000,00,2,1,01,B01
201200022442,0,07,000,00,2,3,19,A01
201200022442,0,15,000,00,2,1,01,B01
201200022443,0,07,000,00,2,1,01,B01
201200022443,0,07,000,00,2,1,09,A01
201200022444,0,07,000,00,2,1,01,A01
201200022444,0,07,000,00,0,4,23,B01
201200022445,0,07,000,00,2,3,09,A01
201200022445,0,07,000,00,2,2,01,B01
201200022446,0,02,000,00,2,1,06,A01
201200022446,0,07,000,00,2,1,01,B01
201200022447,0,07,000,00,2,1,19,A01
201200022447,0,07,000,00,2,2,01,B01
201200022448,0,07,000,00,1,1,01,A01
201200022449,0,07,000,00,2,3,01,A01
201200022449,0,32,000,00,2,8,01,B01
201200022450,0,02,000,00,2,1,01,A01
201200022450,0,07,000,00,2,1,15,B01
201200022451,0,07,000,00,2,1,02,A01
201200022451,0,07,000,00,2,4,02,B01
201200022452,0,07,000,00,2,1,19,A01
201200022452,0,07,000,00,2,7,01,B01
201200022453,0,07,000,00,1,4,04,A01
201200022454,0,07,000,00,2,3,09,A01
201200022454,0,02,000,00,0,6,01,B01
201200022455,0,33,000,00,2,1,01,A02
201200022455,0,07,000,00,2,3,09,A01
201200022456,0,33,000,00,2,1,01,B01
201200022456,0,07,000,00,2,3,09,A01
201200022457,0,07,000,00,2,2,15,A01
201200022457,0,07,000,00,2,3,01,B01
201200022458,0,07,000,00,2,3,01,B01
201200022458,0,07,000,00,2,3,09,A01
201200022459,0,07,000,06,0,1,13,A01
201200022460,0,01,000,00,2,1,01,B01
201200022460,0,07,000,00,2,3,09,A01
201200022461,0,07,000,00,2,7,17,A01
201200022461,0,01,000,00,2,8,01,B01
201200022462,0,07,000,00,1,2,01,A01
201200022463,0,01,000,00,2,7,01,B01
201200022463,0,07,000,00,2,1,09,A01
201200022464,0,07,000,00,2,6,19,A01
201200022464,0,30,000,00,2,1,01,B01
201200022465,0,07,000,00,1,1,01,A01
201200022466,0,07,000,00,2,2,01,A01
201200022466,0,01,000,00,2,1,01,B01
201200022467,0,07,000,00,2,1,02,A01
201200022467,0,07,000,00,2,1,02,B01
201200022467,0,07,000,00,2,4,02,C01
201200022468,0,07,000,00,2,3,20,B01
201200022468,0,02,000,00,2,2,17,A01
201200022469,0,07,000,00,1,4,04,A01
201200022470,0,31,000,00,2,1,17,B01
201200022470,0,07,000,00,2,3,09,A01
201200022471,0,02,000,00,2,3,15,A01
201200022471,0,07,000,00,2,2,17,B01
201200022472,0,33,000,00,2,2,18,A01
201200022472,0,07,000,00,2,2,01,B01
201200022473,0,07,000,00,2,7,01,B01
201200022473,0,01,000,00,2,1,09,A01
201200022474,0,07,000,00,2,3,09,A01
201200022474,0,30,000,00,2,7,01,B01
201200022475,0,07,000,00,2,2,10,A01
201200022475,0,07,000,00,2,3,01,B01
201200022476,0,39,020,00,1,1,01,A01
201200022477,0,33,000,00,1,1,01,A01
201200022478,0,07,000,00,2,7,01,B01
201200022478,0,07,000,00,2,1,19,A01
201200022479,0,30,000,00,2,5,01,A01
201200022479,0,07,000,00,2,1,09,B01
201200022480,0,07,000,00,2,1,09,B01
201200022480,0,07,000,00,2,8,01,A01
201200022481,0,01,000,00,2,1,05,B01
201200022481,0,07,000,00,2,1,09,A01
201200022482,0,07,000,00,2,1,01,A01
201200022482,0,07,000,00,0,4,01,B01
201200022483,0,07,000,00,2,2,01,A01
201200022483,0,01,000,00,0,6,01,B01
201200022484,0,07,000,00,2,2,01,A01
201200022484,0,07,000,00,0,6,16,B01
201200022485,0,07,000,00,2,7,09,A01
201200022485,0,07,000,00,2,1,01,B01
201200022486,0,01,000,00,2,5,01,B01
201200022486,0,07,000,00,2,3,09,A01
201200022487,0,07,000,08,0,0,19,A01
201200022488,0,30,000,00,2,1,01,A01
201200022488,0,07,000,00,2,6,09,B01
201200022489,0,07,000,00,0,4,23,C01
201200022489,0,07,000,00,2,1,01,A01
201200022489,0,07,000,00,2,4,23,B01
201200022490,0,30,000,00,2,1,01,B01
201200022490,0,07,000,00,2,2,15,A01
201200022491,0,33,000,00,2,1,01,A01
201200022491,0,07,000,00,2,2,16,B01
201200022492,1,10,000,00,1,2,01,Z01
201200022493,0,33,000,00,2,1,05,A01
201200022493,0,07,000,00,2,1,00,B01
201200022494,0,07,000,00,2,0,00,B01
201200022494,0,07,000,06,2,1,01,A01
201200022495,0,07,000,00,2,4,01,A01
201200022495,0,07,000,00,2,1,01,C01
201200022495,0,07,000,00,2,1,01,B01
201200022496,0,32,000,00,2,1,01,B01
201200022496,0,07,000,00,2,2,15,A01
201200022497,0,33,000,00,2,1,01,A01
201200022497,0,07,000,00,2,3,01,B01
201200022498,1,07,000,00,2,5,16,B01
201200022498,0,02,000,00,2,0,01,A01
201200022499,0,01,000,00,2,4,01,B01
201200022499,0,07,000,00,2,2,01,A01
201200022500,0,07,000,00,2,2,01,A01
201200022500,0,02,000,00,2,1,01,B01
201200022501,0,07,000,00,2,1,01,B01
201200022501,0,07,000,00,2,1,15,A01
201200022502,0,30,000,00,0,0,02,A01
201200022503,0,07,000,00,0,8,01,A01
201200022503,0,07,000,00,2,4,01,B01
201200022504,0,31,000,00,1,8,01,A01
201200022505,0,07,000,00,2,3,19,A01
201200022505,0,37,002,00,2,2,01,B01
201200022506,1,32,000,00,1,0,00,Z01
201200022507,0,07,000,00,2,2,16,A01
201200022507,0,07,000,00,2,8,16,B01
201200022508,0,07,000,00,2,3,15,A01
201200022508,0,33,000,00,2,1,01,B01
201200022509,0,10,000,00,2,3,09,A01
201200022509,0,31,000,00,2,2,01,B01
201200022509,0,07,000,00,2,5,01,C01
201200022510,0,07,000,00,2,0,09,A01
201200022510,0,37,002,00,2,0,01,B01
201200022511,0,01,000,00,2,1,02,B01
201200022511,0,07,000,00,2,3,09,A01
201200022512,0,10,000,07,0,1,02,A01
201200022513,0,31,000,00,2,7,17,A01
201200022513,0,07,000,00,2,6,15,B01
201200022514,0,07,000,00,2,0,15,A01
201200022514,0,07,000,00,2,3,01,B01
201200022515,0,07,000,00,1,1,09,A01
201200022516,0,01,000,00,2,8,09,A01
201200022516,0,07,000,00,2,1,01,B01
201200022517,0,37,000,00,0,4,02,B01
201200022517,0,17,000,00,2,2,02,A01
201200022518,0,07,000,00,2,1,01,B01
201200022518,0,07,000,00,2,1,01,A01
201200022518,0,07,000,00,2,1,01,C01
201200022519,0,07,000,00,2,1,01,B01
201200022519,0,32,000,00,2,4,01,A01
201200022520,0,07,000,00,2,3,02,B01
201200022520,0,07,000,00,2,1,19,A01
201200022521,0,07,000,03,2,3,11,A01
201200022521,0,07,000,00,2,2,02,B01
201200022522,1,07,000,00,1,0,00,Z01
201200022523,0,07,000,00,1,2,01,A01
201200022524,0,07,000,00,2,6,09,A01
201200022524,0,33,000,00,2,1,01,B01
201200022525,0,07,000,00,2,0,02,B01
201200022525,0,02,000,00,2,7,19,A01
201200022526,0,07,000,00,2,1,01,B01
201200022526,0,07,000,00,2,8,00,A01
201200022527,0,07,000,00,2,8,10,A01
201200022527,0,33,000,00,2,1,02,B01
201200022528,0,34,000,00,2,8,01,B01
201200022528,0,14,000,00,0,0,01,A01
201200022529,0,07,000,00,2,1,19,A01
201200022529,0,07,000,00,2,3,02,B01
201200022530,0,01,000,00,2,0,01,B01
201200022530,0,07,000,00,2,0,09,A01
201200022531,0,30,000,11,0,1,16,A01
201200022532,0,07,000,00,2,1,14,A01
201200022532,0,32,000,00,2,8,01,B01
201200022533,0,31,000,00,2,0,02,B01
201200022533,0,07,000,00,2,2,19,A01
201200022534,0,07,000,00,2,3,01,B01
201200022534,0,07,000,00,2,0,01,C01
201200022534,0,07,000,00,2,9,13,A01
201200022535,0,07,000,00,0,1,01,A01
201200022536,0,07,000,00,2,1,02,B01
201200022536,0,30,000,00,2,0,02,A01
201200022537,0,07,000,00,2,2,09,A01
201200022537,0,31,000,00,2,1,02,B01
201200022538,0,07,000,00,2,0,00,B01
201200022538,0,31,000,00,2,1,01,A01
201200022539,0,30,000,00,2,1,01,A01
201200022539,0,07,000,00,2,8,01,B01
201200022540,0,07,000,00,2,8,02,B01
201200022540,1,07,000,00,2,0,17,Z01
201200022541,0,07,000,00,2,1,02,A01
201200022541,0,07,000,00,0,4,02,B01
201200022542,0,07,000,00,2,2,15,A01
201200022542,0,31,000,00,2,1,01,B01
201200022543,0,07,000,00,2,2,15,A01
201200022543,0,30,000,00,2,1,01,B01
201200022544,0,07,000,00,1,0,01,A01
201200022545,0,07,000,00,1,1,02,A01
201200022546,0,07,000,00,0,9,01,A01
201200022547,0,07,000,00,2,4,15,B01
201200022547,0,33,000,00,2,1,01,A01
201200022548,0,07,000,00,2,2,16,A01
201200022548,0,01,000,00,2,8,02,B01
201200022549,0,07,000,00,2,9,00,A01
201200022550,0,33,000,00,2,1,01,A01
201200022550,0,07,000,00,2,8,15,B01
201200022551,0,30,000,12,0,1,14,A01
201200022552,0,07,000,00,2,2,01,B01
201200022552,0,07,000,00,2,1,01,A01
201200022553,0,10,000,00,0,4,02,B01
201200022553,0,07,000,00,2,1,02,A01
201200022554,0,01,000,00,2,0,00,B01
201200022554,0,07,000,00,2,2,01,A01
201200022555,0,33,000,00,2,1,02,B01
201200022555,0,07,000,01,2,2,10,A01
201200022556,0,07,000,00,2,4,02,B01
201200022556,0,31,000,00,2,1,01,A01
201200022557,0,07,000,00,2,1,01,A01
201200022557,0,01,000,00,2,4,00,B01
201200022558,0,33,000,06,0,1,01,A01
201200022559,0,07,000,01,0,1,02,A01
201200022560,0,07,000,00,2,1,01,A01
201200022560,0,15,000,00,2,4,01,B01
201200022561,0,02,000,00,2,1,02,B01
201200022561,0,07,000,00,2,2,05,A01
201200022562,0,07,000,00,1,0,16,A01
201200022563,0,07,000,00,2,4,23,B01
201200022563,0,17,000,00,2,1,01,A01
201200022564,0,30,000,00,2,8,07,A01
201200022564,0,07,000,00,2,7,16,B01
201200022565,0,07,000,00,2,3,09,A01
201200022565,0,31,000,00,2,1,21,B01
201200022566,0,07,000,08,0,0,00,A01
201200022567,0,07,000,08,0,1,01,A01
201200022568,0,07,000,00,1,2,02,A01
201200022569,0,37,001,00,2,3,01,B01
201200022569,0,30,000,00,2,1,00,A01
201200022570,0,07,000,00,2,2,17,A01
201200022570,0,07,000,00,2,8,02,C01
201200022570,0,07,000,00,0,6,02,B01
201200022571,0,07,000,00,1,1,01,A01
201200022572,0,07,000,00,0,6,02,C01
201200022572,0,07,000,00,2,4,02,B01
201200022572,0,07,000,00,2,1,02,A01
201200022573,0,07,000,00,2,0,15,A01
201200022573,0,32,000,00,2,0,01,B01
201200022574,0,07,000,00,2,1,02,A01
201200022574,0,07,000,00,0,4,02,C01
201200022574,0,07,000,00,2,4,02,B01
201200022575,0,07,000,00,2,3,09,A01
201200022575,0,07,000,00,2,1,01,B01
201200022576,0,07,000,00,0,6,00,A01
201200022576,0,33,000,01,0,2,14,B01
201200022577,0,07,000,07,0,1,16,A01
201200022578,0,07,000,08,0,1,14,A01
201200022579,0,07,000,00,2,7,01,A01
201200022579,0,07,000,00,2,1,01,B01
201200022580,0,01,000,00,2,1,05,B01
201200022580,0,14,000,00,2,2,09,A01
201200022581,0,33,000,08,0,1,14,A01
201200022582,0,07,000,01,1,0,01,A01
201200022583,0,32,000,00,2,1,02,A01
201200022583,0,07,000,00,2,1,02,B01
201200022584,0,07,000,00,2,1,01,A01
201200022584,0,07,000,00,2,4,01,C01
201200022584,0,07,000,00,2,1,01,B01
201200022585,0,01,000,00,2,1,02,B01
201200022585,0,07,000,00,2,2,19,A01
201200022586,0,14,000,00,2,7,01,B01
201200022586,0,07,000,00,2,1,15,A01
201200022587,2,07,000,00,2,1,02,A01
201200022587,0,07,000,00,0,4,23,C01
201200022587,0,07,000,00,2,4,23,B01
201200022588,0,07,000,00,2,4,01,C01
201200022588,0,07,000,00,2,1,00,B01
201200022588,1,07,000,00,2,0,00,Z01
201200022589,0,07,000,00,2,1,17,A01
201200022589,0,33,000,00,2,1,02,B01
201200022590,0,07,000,00,1,1,16,A01
201200022591,0,07,000,00,1,1,09,A01
201200022592,0,07,000,00,1,0,00,A01
201200022593,0,07,000,07,2,1,01,B01
201200022593,0,07,000,00,2,3,09,A01
201200022594,0,07,000,00,1,0,00,A01
201200022595,0,33,000,12,0,1,14,A01
201200022596,0,07,000,03,0,1,13,A01
201200022597,0,07,000,00,2,2,00,A01
201200022597,0,02,000,00,0,5,00,B02
201200022598,0,07,000,00,2,1,01,B02
201200022598,0,07,000,00,2,8,01,A01
201200022599,0,07,000,13,0,8,13,A01
201200022600,0,07,000,13,0,7,01,A01
201200022601,0,33,000,00,2,1,01,B02
201200022601,0,07,000,00,2,7,15,A01
201200022602,0,07,000,00,2,1,00,A01
201200022602,0,07,000,00,2,6,00,C03
201200022602,0,07,000,00,2,1,00,B02
201200022603,0,07,000,08,0,1,21,A01
201200022604,0,07,000,00,2,1,01,B02
201200022604,0,07,000,00,2,7,17,A01
201200022605,0,30,000,00,2,1,05,A01
201200022605,0,10,000,00,2,1,01,B02
201200022606,0,07,000,00,2,1,13,A01
201200022606,0,07,000,00,2,1,01,B02
201200022607,0,02,000,00,2,8,15,A01
201200022607,0,07,000,00,2,1,15,B02
201200022608,0,33,000,00,2,1,02,A01
201200022608,0,07,000,00,2,3,15,B02
201200022609,0,07,000,00,2,2,15,A01
201200022609,0,07,000,00,2,3,01,B02
201200022610,0,07,000,10,0,1,01,A01
201200022611,0,33,000,00,2,1,01,B02
201200022611,0,07,000,00,2,1,13,A01
201200022612,0,07,000,02,0,2,01,A01
201200022613,0,07,000,00,0,4,09,B02
201200022613,0,10,000,00,2,1,09,A01
201200022614,0,07,000,06,0,1,01,A01
201200022615,0,07,000,13,0,0,01,A01
201200022616,0,07,000,00,2,3,21,A01
201200022616,0,07,000,00,2,3,13,B02
201200022617,0,07,000,00,1,3,01,A01
201200022618,0,10,000,01,0,1,01,A01
201200022618,0,15,000,01,0,4,24,B02
201200022619,0,07,000,00,2,2,12,A01
201200022619,0,07,000,00,2,2,01,D04
201200022619,0,13,000,00,2,6,01,B02
201200022619,0,14,000,01,0,1,01,C03
201200022619,0,07,000,00,2,6,01,E05
201200022620,0,10,000,13,0,0,14,A01
201200022621,0,10,000,00,0,4,23,A01
201200022621,0,17,000,01,0,1,02,B02
201200022622,0,38,046,13,0,2,14,A01
201200022623,0,17,000,00,2,6,01,B02
201200022623,0,07,000,00,2,2,03,A01
201200022624,0,07,000,00,2,2,17,A01
201200022624,0,07,000,00,2,6,01,B02
201200022625,0,07,000,04,0,1,01,A01
201200022626,0,07,000,00,2,1,01,B01
201200022626,0,07,000,00,2,2,15,A01
201200022626,0,33,000,00,2,1,23,C01
201200022627,0,07,000,00,2,1,15,A01
201200022627,0,02,000,00,2,1,01,B01
201200022628,0,07,000,00,1,1,15,A01
201200022629,0,07,000,00,2,4,01,B01
201200022629,0,07,000,00,2,4,23,C01
201200022629,0,07,000,00,2,1,01,A01
201200022630,0,07,000,00,2,1,10,A01
201200022630,0,30,000,00,2,1,01,B01
201200022631,0,07,000,00,2,3,15,A01
201200022631,0,07,000,00,2,3,01,B01
201200022632,0,07,000,00,1,3,01,A01
201200022633,0,07,000,00,1,7,01,A01
201200022634,0,07,000,00,2,3,02,A01
201200022634,0,07,000,00,0,5,01,B01
201200022635,0,07,000,00,2,8,09,A01
201200022635,0,32,000,00,2,7,01,B01
201200022636,0,31,000,12,0,1,01,A01
201200022637,0,07,000,00,2,7,17,A01
201200022637,0,07,000,00,2,3,15,B01
201200022638,0,07,000,00,1,6,04,A01
201200022639,0,07,000,00,1,2,01,A01
201200022640,0,01,000,00,2,1,07,B01
201200022640,0,07,000,00,2,5,12,A01
201200022641,0,07,000,00,1,2,16,A01
201200022642,0,07,000,00,1,7,01,A01
201200022643,0,07,000,00,1,5,04,A01
201200022644,0,07,000,00,2,3,09,A01
201200022644,0,32,000,00,2,1,01,B01
201200022645,0,30,000,00,2,1,17,A01
201200022645,0,07,000,00,2,8,15,B01
201200022646,0,07,000,00,2,1,13,A01
201200022646,0,07,000,00,2,3,01,B01
201200022647,0,07,000,00,0,3,01,C01
201200022647,0,07,000,00,0,1,01,B01
201200022647,0,33,000,00,2,1,17,A01
201200022648,0,07,000,01,0,1,01,A01
201200022649,0,30,000,00,2,1,01,B01
201200022649,0,10,000,00,2,2,01,A01
201200022650,0,02,000,00,2,1,02,A01
201200022650,0,02,000,00,0,4,01,B01
201200022651,0,07,000,00,1,1,01,A01
201200022652,0,07,000,00,2,2,01,B01
201200022652,0,30,000,00,2,1,01,A01
201200022653,0,07,000,00,2,2,15,A01
201200022653,0,30,000,00,2,1,01,B01
201200022654,0,07,000,00,1,1,01,A01
201200022655,0,07,000,00,2,2,01,A01
201200022655,0,07,000,00,2,2,01,B01
201200022656,0,21,000,00,2,1,02,A01