Num_Acc,senc,catv,occutc,obs,obsm,choc,manv,num_veh
201200022656,0,07,000,00,2,4,02,B01
201200022656,0,07,000,00,2,4,02,C01
201200022656,0,07,000,00,0,4,02,D01
201200022657,0,07,000,00,1,1,01,A01
201200022658,0,07,000,00,2,3,01,B01
201200022658,0,07,000,00,0,8,10,A01
201200022659,0,17,000,00,2,4,02,B02
201200022659,0,14,000,00,2,1,02,A01
201200022660,0,33,000,00,2,1,01,A01
201200022660,0,01,000,00,2,3,01,B02
201200022661,0,07,000,02,0,3,01,A01
201200022662,0,07,000,00,2,2,10,A01
201200022662,0,02,000,00,2,1,01,B01
201200022663,0,07,000,00,1,3,01,A01
201200022663,0,07,000,00,1,3,01,B01
201200022664,0,07,000,00,1,1,01,A01
201200022665,0,07,000,04,0,1,01,A01
201200022666,0,33,000,00,2,1,01,A01
201200022666,0,07,000,00,2,5,15,B01
201200022667,0,13,000,00,2,4,04,A01
201200022667,0,37,008,00,2,7,01,B01
201200022668,0,15,000,00,2,4,24,A01
201200022668,0,30,000,01,0,1,01,B01
201200022669,0,07,000,00,2,4,01,B01
201200022669,0,07,000,00,2,1,01,A01
201200022670,0,02,000,00,1,1,01,A01
201200022671,0,10,000,00,1,5,05,A01
201200022672,0,07,000,00,9,2,01,A01
201200022672,0,01,000,00,2,4,01,B01
201200022673,0,07,000,00,6,9,21,A01
201200022674,0,07,000,03,0,9,01,A01
201200022675,0,33,000,00,0,1,01,A01
201200022676,0,07,000,13,0,2,01,A01
201200022677,0,03,000,00,2,4,02,A01
201200022677,0,07,000,00,2,1,02,B02
201200022678,0,07,000,03,0,8,01,A01
201200022679,0,07,000,12,0,1,21,A01
201200022680,0,07,000,00,2,5,18,A01
201200022680,0,07,000,00,2,3,01,B02
201200022681,0,10,000,00,1,2,01,A01
201200022682,0,01,000,00,2,8,01,B02
201200022682,0,07,000,00,9,7,16,A01
201200022683,0,31,000,00,2,1,13,A01
201200022683,0,10,000,00,2,1,01,B02
201200022684,0,07,000,00,2,3,01,A01
201200022684,0,07,000,00,2,1,13,B02
201200022685,0,07,000,13,0,1,14,A01
201200022686,0,07,000,00,0,7,15,A01
201200022686,0,33,000,00,2,1,01,B02
201200022687,0,30,000,06,0,3,14,A01
201200022688,0,31,000,00,0,7,01,A01
201200022689,0,10,000,00,2,6,15,A01
201200022689,0,33,000,12,2,2,01,B01
201200022690,0,07,000,00,1,1,01,A01
201200022691,0,33,000,03,0,9,01,A01
201200022692,0,33,000,02,0,7,01,A01
201200022693,0,07,000,00,2,7,20,A01
201200022693,0,30,000,00,2,1,01,B01
201200022694,0,01,000,00,2,4,15,B01
201200022694,0,07,000,00,2,1,01,A01
201200022695,0,33,000,12,0,7,16,A01
201200022696,0,33,000,00,1,1,01,A01
201200022697,0,07,000,00,2,1,15,B01
201200022697,0,33,000,00,2,7,01,A01
201200022698,0,33,000,11,0,1,01,A01
201200022699,0,07,000,00,2,2,01,A01
201200022699,0,01,000,00,2,4,01,B01
201200022700,0,07,000,00,2,6,01,B01
201200022700,0,07,000,00,2,1,01,A01
201200022701,0,07,000,00,2,1,01,B01
201200022701,0,07,000,11,2,1,05,A01
201200022702,0,07,000,00,2,4,23,B01
201200022702,0,07,000,00,2,1,01,A01
201200022703,0,07,000,00,1,2,02,A01
201200022704,0,33,000,00,2,8,10,A01
201200022704,0,07,000,00,2,2,01,B02
201200022705,0,14,000,00,2,3,01,B02
201200022705,0,07,000,00,2,3,17,A01
201200022706,0,07,000,00,9,2,02,A01
201200022706,0,01,000,00,2,6,02,B02
201200022707,0,01,000,00,9,1,17,B02
201200022707,0,01,000,00,9,1,01,A01
201200022708,0,17,000,03,0,3,01,A01
201200022709,0,07,000,03,0,1,00,A01
201200022710,0,07,000,00,2,2,17,B02
201200022710,0,14,000,00,2,8,02,C03
201200022710,0,10,000,01,0,7,17,A01
201200022711,0,07,000,00,2,6,24,A01
201200022711,0,07,000,01,2,2,09,B02
201200022712,0,07,000,00,2,4,02,B02
201200022712,0,07,000,00,2,1,01,A01
201200022713,0,07,000,00,2,4,01,A01
201200022713,0,33,000,00,2,1,02,B02
201200022714,0,07,000,13,0,2,16,A01
201200022715,0,15,000,03,0,2,01,A01
201200022716,0,17,000,00,1,2,01,A01
201200022717,0,15,000,13,0,7,01,A01
201200022718,0,07,000,00,2,2,01,A01
201200022718,0,33,000,00,0,4,01,B02
201200022719,0,07,000,13,0,1,01,A01
201200022720,0,07,000,13,0,2,14,A01
201200022721,0,07,000,04,0,1,01,A01
201200022722,0,07,000,00,6,1,02,A01
201200022723,0,10,000,00,0,1,02,A01
201200022724,0,17,000,03,2,1,06,A01
201200022724,0,17,000,00,2,1,01,B02
201200022725,0,07,000,13,0,1,01,A01
201200022726,0,33,000,03,0,1,02,A01
201200022727,0,07,000,00,0,0,01,A01
201200022728,0,17,000,00,0,0,02,C01
201200022728,0,17,000,00,2,1,02,A01
201200022729,0,07,000,00,2,6,01,B01
201200022729,0,07,000,04,2,1,01,C02
201200022730,0,07,000,00,0,8,22,A01
201200022730,0,01,000,00,9,1,01,B02
201200022731,0,07,000,00,2,1,06,A01
201200022731,0,07,000,00,2,1,01,B02
201200022732,0,31,000,05,2,1,21,A01
201200022733,0,33,000,00,2,7,17,B02
201200022733,0,07,000,00,0,6,15,A01
201200022734,0,07,000,00,2,3,01,A01
201200022734,0,07,000,00,2,5,15,B01
201200022735,0,02,000,00,2,1,01,A01
201200022735,0,07,000,00,2,6,01,B01
201200022736,0,02,000,00,0,0,00,B01
201200022736,0,02,000,00,2,0,00,A01
201200022737,0,07,000,00,1,3,01,A01
201200022738,0,01,000,00,2,4,01,B01
201200022738,0,07,000,00,2,1,00,A01
201200022739,0,07,000,00,0,3,24,B01
201200022739,0,07,000,01,0,3,01,A01
201200022740,0,07,000,00,1,2,01,A01
201200022741,0,02,000,00,2,1,01,A01
201200022741,0,07,000,00,2,7,16,B01
201200022742,0,37,000,00,1,0,01,A01
201200022743,0,07,000,00,1,1,15,A01
201200022744,0,07,000,09,0,1,00,A01
201200022745,0,07,000,00,2,1,01,A01
201200022745,0,07,000,00,0,4,01,B01
201200022746,0,07,000,00,2,2,00,A01
201200022746,0,07,000,00,2,7,15,B01
201200022747,0,07,000,00,2,3,02,A01
201200022747,0,07,000,01,2,7,02,B01
201200022748,0,07,000,00,1,2,15,A01
201200022749,0,07,000,00,1,2,16,A01
201200022750,0,07,000,00,0,2,00,A01
201200022750,0,07,000,00,0,1,01,B01
201200022751,0,33,000,07,0,1,01,A01
201200022752,0,01,000,00,0,4,01,B01
201200022752,0,07,000,00,2,2,00,A01
201200022753,0,07,000,00,2,2,02,B01
201200022753,0,07,000,00,2,8,20,A01
201200022754,0,07,000,00,2,0,00,A01
201200022754,0,01,000,00,2,0,00,B01
201200022755,0,07,000,00,1,0,00,A01
201200022756,0,07,000,00,1,2,02,A01
201200022757,0,01,000,00,2,1,15,B01
201200022757,0,07,000,00,2,1,02,A01
201200022758,0,07,000,00,2,2,01,A01
201200022758,0,07,000,00,2,1,01,B01
201200022759,0,07,000,14,0,1,11,A01
201200022759,0,07,000,00,2,1,23,B01
201200022760,1,07,000,00,0,0,18,A01
201200022760,0,07,000,13,0,9,21,B01
201200022761,0,07,000,00,2,3,01,A01
201200022761,0,30,000,00,0,1,01,B01
201200022762,0,02,000,00,2,1,01,B01
201200022762,0,07,000,00,2,7,01,A01
201200022763,0,07,000,00,2,1,01,B01
201200022763,0,07,000,00,2,1,15,A01
201200022764,0,07,000,00,2,4,02,B01
201200022764,0,07,000,00,2,1,02,A01
201200022765,0,07,000,00,1,2,01,A01
201200022766,0,33,000,11,0,9,00,A01
201200022767,0,01,000,00,2,1,01,B01
201200022767,0,07,000,00,2,3,15,A01
201200022768,0,07,000,00,2,3,00,A01
201200022768,0,02,000,00,2,1,01,B01
201200022769,0,07,000,13,0,0,00,A01
201200022770,1,02,000,00,0,0,00,Z01
201200022771,0,07,000,00,2,3,01,B01
201200022771,0,07,000,00,2,1,00,A01
201200022772,0,07,000,00,1,1,01,A01
201200022773,0,33,000,00,0,0,02,A01
201200022773,0,07,000,00,0,0,12,B01
201200022774,0,07,000,00,9,1,15,A01
201200022775,0,36,000,06,0,0,00,A01
201200022776,0,07,000,00,2,4,15,B01
201200022776,0,07,000,00,2,1,02,A01
201200022777,0,07,000,13,0,9,01,A01
201200022778,0,07,000,00,1,1,01,A01
201200022779,0,32,000,00,0,1,01,B01
201200022779,0,07,000,00,2,2,21,A01
201200022780,0,30,000,00,0,0,01,A01
201200022781,0,07,000,00,0,4,02,B01
201200022781,0,14,000,00,2,1,02,A01
201200022782,0,01,000,00,0,0,00,A01
201200022783,0,07,000,00,2,1,01,B01
201200022783,0,07,000,00,2,3,19,A01
201200022784,0,07,000,00,2,1,02,A01
201200022784,0,01,000,00,2,4,02,B01
201200022785,0,17,000,00,2,1,02,A01
201200022785,0,07,000,03,0,1,23,B01
201200022786,0,07,000,00,2,8,15,B01
201200022786,0,33,000,00,2,1,01,A01
201200022787,0,07,000,00,2,2,01,A01
201200022787,0,02,000,00,0,1,01,B01
201200022788,0,10,000,01,2,8,01,B01
201200022788,0,07,000,00,2,1,01,A01
201200022789,0,02,000,00,1,1,01,A01
201200022790,0,07,000,03,0,1,00,A01
201200022791,0,33,000,00,2,1,01,B01
201200022791,0,07,000,00,2,3,15,A01
201200022792,0,07,000,00,1,2,01,A01
201200022793,0,33,000,00,2,1,19,B01
201200022793,0,07,000,00,2,7,19,A01
201200022794,0,07,000,01,0,9,01,A01
201200022795,0,07,000,00,0,0,00,A01
201200022796,0,30,000,15,0,1,00,A01
201200022797,0,07,000,00,2,5,15,A01
201200022797,0,31,000,00,2,1,01,B01
201200022798,0,07,000,00,2,3,01,A01
201200022798,0,07,000,00,2,1,02,B01
201200022799,0,01,000,00,1,1,00,A01
201200022800,0,07,000,00,2,4,02,C01
201200022800,0,07,000,00,2,1,02,A01
201200022800,0,07,000,00,2,4,02,B01
201200022801,0,31,000,00,0,4,02,B01
201200022801,0,07,000,00,2,1,00,A01
201200022802,0,07,000,00,2,1,01,B01
201200022802,0,07,000,00,2,3,15,A01
201200022803,0,01,000,00,2,0,01,B01
201200022803,0,07,000,00,2,1,16,A01
201200022804,0,07,000,00,2,1,15,A01
201200022804,0,30,000,00,2,1,01,B01
201200022805,0,07,000,00,1,3,01,A01
201200022806,0,07,000,00,1,1,01,A01
201200022807,0,33,000,00,0,1,19,A01
201200022807,0,07,000,00,2,6,01,B01
201200022808,1,07,000,00,1,0,00,Z01
201200022809,0,07,000,00,1,0,01,A01
201200022810,0,33,000,00,2,0,01,B01
201200022810,0,07,000,00,2,3,15,A01
201200022811,0,07,000,00,2,7,00,B01
201200022811,0,07,000,00,2,1,00,A01
201200022812,0,07,000,03,0,1,00,A01
201200022813,0,07,000,00,2,3,01,B01
201200022813,0,33,000,00,2,1,01,A01
201200022814,0,01,000,00,2,2,01,B01
201200022814,0,07,000,00,2,3,16,A01
201200022815,0,07,000,00,0,8,00,A01
201200022815,0,02,000,00,2,1,01,B01
201200022816,0,07,000,00,2,4,02,B01
201200022816,0,07,000,00,2,4,02,C01
201200022816,0,07,000,00,2,1,02,A01
201200022817,0,07,000,00,2,3,02,B01
201200022817,0,07,000,00,2,4,02,A01
201200022818,0,07,000,00,1,3,07,A01
201200022819,0,07,000,00,1,2,01,A01
201200022820,0,02,000,00,0,1,00,A01
201200022821,0,07,000,00,2,1,01,B01
201200022821,0,07,000,00,2,1,01,A01
201200022822,0,07,000,00,1,4,04,A01
201200022823,0,02,000,00,0,3,00,A01
201200022824,0,07,000,08,0,1,01,A01
201200022825,0,02,000,00,2,1,05,A01
201200022825,0,07,000,00,2,1,01,B01
201200022826,0,07,000,00,2,2,00,B01
201200022826,0,07,000,00,2,1,00,A01
201200022827,0,07,000,00,1,4,04,A01
201200022828,0,07,000,00,2,3,00,B01
201200022828,0,07,000,00,2,3,00,A01
201200022829,0,02,000,00,2,1,00,A01
201200022829,0,07,000,00,2,1,00,B01
201200022830,0,07,000,00,2,1,15,A01
201200022830,0,07,000,00,2,1,01,B01
201200022831,0,07,000,00,2,1,00,A01
201200022831,0,31,000,00,2,1,00,B01
201200022832,1,07,000,00,2,1,15,A01
201200022832,0,02,000,00,2,1,01,B01
201200022833,0,07,000,00,2,1,00,A01
201200022833,0,07,000,00,2,1,00,B01
201200022834,0,07,000,00,2,2,14,A01
201200022834,0,07,000,00,2,7,00,B01
201200022835,0,33,000,00,0,0,00,A01
201200022836,0,07,000,10,9,9,00,A01
201200022837,0,07,000,00,2,1,16,A01
201200022837,0,14,000,00,2,3,01,B01
201200022838,0,07,000,00,2,1,01,B01
201200022838,0,07,000,00,2,1,15,A01
201200022839,0,01,000,00,2,1,00,A01
201200022839,0,14,000,00,2,1,00,B01
201200022840,0,07,000,00,1,2,01,A01
201200022841,0,07,000,00,2,4,02,B01
201200022841,0,07,000,00,2,1,02,A01
201200022841,0,07,000,00,2,4,02,C01
201200022842,0,07,000,00,1,3,15,A01
201200022843,0,07,000,00,2,1,02,A01
201200022843,0,07,000,00,0,4,02,B01
201200022844,0,02,000,00,1,1,17,A01
201200022845,0,02,000,00,1,1,17,A01
201200022846,0,07,000,00,2,3,01,B01
201200022846,0,07,000,00,2,3,13,A01
201200022847,0,07,000,00,2,1,13,A01
201200022847,0,07,000,00,2,1,02,B01
201200022848,0,30,000,00,0,0,01,A01
201200022849,0,07,000,00,2,1,00,C01
201200022849,0,07,000,00,2,1,02,A01
201200022849,0,07,000,00,0,4,00,B01
201200022850,0,30,000,00,0,1,01,A01
201200022850,0,30,000,00,0,4,02,B01
201200022851,0,07,000,00,1,1,01,A01
201200022852,0,07,000,00,0,4,15,B01
201200022852,0,07,000,00,0,1,02,A01
201200022853,0,35,000,00,2,1,13,B02
201200022853,0,07,000,00,2,3,01,A01
201200022854,0,07,000,13,0,9,01,A01
201200022855,0,30,000,03,0,7,01,A01
201200022856,0,01,000,00,2,4,02,B02
201200022856,0,07,000,00,2,2,21,A01
201200022857,0,17,000,13,0,1,01,A01
201200022858,0,07,000,13,0,9,14,A01
201200022859,0,07,000,03,0,9,14,A01
201200022860,0,07,000,00,0,1,01,A01
201200022860,0,07,000,00,0,1,00,B02
201200022861,0,07,000,15,0,9,01,A01
201200022862,0,07,000,02,0,2,00,A01
201200022863,0,07,000,00,2,1,09,A01
201200022863,0,07,000,00,2,5,15,B02
201200022864,0,01,000,00,2,1,01,A01
201200022864,0,07,000,00,2,4,01,B02
201200022865,0,10,000,00,1,5,20,A01
201200022866,0,33,000,00,0,9,14,A01
201200022867,0,07,000,13,0,1,14,A01
201200022868,0,07,000,02,0,1,13,A01
201200022869,0,07,000,00,2,3,01,A01
201200022869,0,10,000,00,2,1,19,B02
201200022870,0,31,000,00,0,7,01,A01
201200022871,0,07,000,00,1,3,01,A01
201200022872,0,07,000,00,1,4,04,A01
201200022873,0,10,000,00,0,6,13,A01
201200022873,0,10,000,00,0,2,13,B01
201200022874,0,99,000,00,9,4,01,A01
201200022875,2,07,000,00,1,1,01,Z01
201200022876,0,07,000,00,2,1,05,A01
201200022876,0,07,000,00,2,1,01,B01
201200022877,0,07,000,00,2,9,05,A01
201200022877,0,07,000,00,2,7,01,C01
201200022877,0,33,000,00,2,9,01,B01
201200022878,0,07,000,00,2,2,15,A01
201200022878,0,30,000,00,2,1,01,B01
201200022879,0,07,000,00,2,2,01,A01
201200022879,0,01,000,00,2,9,01,B01
201200022880,0,07,000,00,2,9,01,B01
201200022880,0,07,000,00,2,9,01,A01
201200022881,0,32,000,00,2,9,01,B01
201200022881,0,07,000,00,2,1,19,A01
201200022882,0,07,000,00,2,5,15,A01
201200022882,0,31,000,00,2,1,01,B01
201200022883,0,07,000,00,2,3,01,B01
201200022883,0,07,000,00,2,2,12,A01
201200022883,0,07,000,00,2,3,01,C01
201200022883,0,07,000,00,2,8,01,D01
201200022884,0,07,000,00,1,3,01,A01
201200022885,0,07,000,00,2,1,01,B01
201200022885,0,07,000,00,2,3,15,A01
201200022886,0,07,000,00,1,4,20,A01
201200022887,1,33,000,00,0,0,00,A01
201200022888,0,33,000,00,2,1,00,A01
201200022888,0,07,000,00,2,1,15,B01
201200022889,0,33,000,00,2,1,01,B01
201200022889,0,10,000,00,2,1,15,A01
201200022890,0,07,000,00,2,3,01,B01
201200022890,0,07,000,00,2,1,05,A01
201200022891,1,33,000,00,1,9,01,A01
201200022892,0,07,000,08,0,1,01,A01
201200022893,0,07,000,00,2,1,15,A01
201200022893,0,31,000,00,2,1,01,B01
201200022894,0,17,000,00,2,3,01,B01
201200022894,0,07,000,00,2,8,15,A01
201200022895,0,07,000,00,9,1,01,B01
201200022895,0,01,000,00,2,8,19,A01
201200022896,0,33,000,00,2,4,02,B01
201200022896,0,07,000,00,2,1,01,A01
201200022897,0,07,000,13,0,1,00,A01
201200022898,0,30,000,00,2,1,01,B01
201200022898,0,07,000,00,2,2,20,A01
201200022899,0,07,000,00,2,4,02,B01
201200022899,0,17,000,00,2,2,02,A01
201200022900,0,07,000,06,0,9,01,A01
201200022901,0,07,000,00,2,8,01,B01
201200022901,0,07,000,00,2,1,01,A01
201200022902,0,07,000,13,0,1,17,A01
201200022903,0,07,000,00,2,8,00,B01
201200022903,0,02,000,00,2,7,01,A01
201200022904,0,07,000,04,0,3,01,A01
201200022905,0,07,000,00,2,2,14,A01
201200022905,0,07,000,03,2,6,01,B02
201200022906,0,07,000,04,2,7,13,A01
201200022906,0,07,000,04,2,8,01,B02
201200022907,0,07,000,03,0,2,14,A01
201200022908,0,33,000,00,2,8,13,A01
201200022908,0,07,000,00,2,7,01,B02
201200022909,0,10,000,00,2,2,02,A01
201200022909,0,17,000,00,0,0,02,B02
201200022909,0,07,000,00,2,9,02,C03
201200022910,0,07,000,04,0,2,01,A01
201200022911,0,07,000,04,0,3,01,A01
201200022912,0,10,000,00,2,2,13,A01
201200022912,0,13,000,00,2,6,02,B02
201200022913,0,10,000,03,0,1,01,A01
201200022914,0,07,000,00,2,8,05,A01
201200022914,0,07,000,00,2,8,21,B02
201200022914,0,07,000,00,2,8,21,C03
201200022915,0,07,000,00,2,1,06,A01
201200022915,0,07,000,00,2,3,00,B02
201200022916,0,07,000,00,2,2,15,A01
201200022916,0,33,000,01,2,1,01,B02
201200022917,0,07,000,00,1,2,01,A01
201200022918,0,30,000,12,0,1,01,A01
201200022919,0,07,000,00,2,1,01,A01
201200022919,0,07,000,00,2,1,01,B02
201200022920,0,01,000,11,2,1,05,B02
201200022920,0,07,000,00,2,2,02,A01
201200022921,0,14,000,00,2,5,17,A01
201200022921,0,30,000,00,2,3,01,B02
201200022922,0,07,000,00,2,2,13,A01
201200022922,0,07,000,00,2,6,01,B02
201200022922,0,07,000,00,2,1,01,C03
201200022923,0,07,000,00,2,1,01,A01
201200022923,0,07,000,00,2,1,01,B02
201200022924,0,07,000,03,0,1,01,A01
201200022925,0,07,000,00,2,1,05,A01
201200022925,0,07,000,00,2,1,01,B02
201200022925,0,07,000,00,2,1,01,C03
201200022925,0,07,000,00,2,1,01,D04
201200022926,0,07,000,00,2,3,10,A01
201200022926,0,07,000,00,2,2,01,B02
201200022927,0,07,000,13,0,3,21,A01
201200022928,0,33,000,16,0,8,01,A01
201200022929,0,07,000,01,0,1,13,A01
201200022929,0,07,000,00,2,1,23,B02
201200022930,0,07,000,13,0,9,01,A01
201200022931,0,21,000,00,2,3,15,B02
201200022931,0,07,000,00,2,1,01,A01
201200022932,0,07,000,00,2,1,01,B02
201200022932,0,07,000,00,2,1,13,A01
201200022933,1,07,000,00,2,0,13,B02
201200022933,0,07,000,00,2,6,01,A01
201200022934,0,07,000,00,1,0,11,A01
201200022935,0,07,000,00,2,1,02,B02
201200022935,0,17,000,00,0,4,02,A01
201200022936,0,07,000,07,0,9,01,A01
201200022937,0,17,000,01,0,1,02,A01
201200022937,0,15,000,13,0,4,24,B02
201200022938,0,02,000,03,0,1,01,A01
201200022939,0,30,000,00,0,8,10,A01
201200022940,0,10,000,13,0,2,01,A01
201200022941,0,10,000,14,0,3,21,B02
201200022941,0,07,000,03,0,1,21,A01
201200022942,0,15,000,00,2,4,01,A01
201200022942,0,07,000,00,2,1,02,B02
201200022943,0,07,000,00,0,0,02,A01
201200022943,0,07,000,00,2,4,02,B02
201200022943,0,10,000,00,2,3,02,C03
201200022943,0,07,000,00,2,8,02,D04
201200022943,0,07,000,00,2,1,02,E05
201200022943,0,07,000,00,2,2,02,F06
201200022943,0,07,000,00,2,3,02,G07
201200022943,0,07,000,00,2,5,01,H08
201200022944,0,07,000,14,0,1,21,A01
201200022945,0,10,000,00,2,6,01,A01
201200022945,0,07,000,00,2,4,02,B02
201200022945,0,10,000,00,2,2,02,C03
201200022945,0,07,000,00,2,3,02,D04
201200022945,0,10,000,00,2,5,02,E05
201200022945,0,10,000,00,2,1,02,F06
201200022945,0,10,000,00,2,1,02,G07
201200022945,0,15,000,00,2,4,02,H08
201200022945,0,10,000,13,0,7,21,I09
201200022945,0,14,000,00,2,6,02,J10
201200022945,0,07,000,00,2,1,02,K11
201200022945,0,07,000,00,2,2,02,L12
201200022945,0,07,000,00,2,4,02,M13
201200022945,0,07,000,00,2,4,02,N14
201200022945,0,10,000,00,2,4,02,O15
201200022945,0,07,000,00,2,1,02,P16
201200022945,0,07,000,00,2,1,02,Q17
201200022945,0,07,000,00,2,1,02,R18
201200022945,0,07,000,00,2,1,02,S19
201200022945,0,07,000,00,2,6,02,T20
201200022945,0,07,000,00,2,1,02,U21
201200022945,0,14,000,00,2,2,02,V22
201200022945,0,15,000,00,2,4,02,W23
201200022945,0,07,000,00,2,1,02,X24
201200022945,0,07,000,00,2,1,02,Y25
201200022946,0,07,000,00,2,1,02,A01
201200022946,0,17,000,00,2,4,01,B02
201200022947,0,07,000,00,2,1,01,A01
201200022947,0,10,000,00,2,4,01,B02
201200022948,0,07,000,00,2,3,17,A01
201200022948,0,10,000,00,2,3,01,B02
201200022949,0,07,000,03,0,3,13,A01
201200022950,0,07,000,13,0,1,14,A01
201200022951,0,07,000,00,2,1,02,A01
201200022951,0,07,000,00,2,4,01,B02
201200022952,0,07,000,13,0,1,14,A01
201200022953,0,07,000,07,0,1,14,A01
201200022954,0,07,000,03,0,8,01,A01
201200022955,0,07,000,03,0,2,13,A01
201200022956,0,07,000,03,0,3,12,A01
201200022957,0,07,000,00,2,1,02,A01
201200022957,0,07,000,00,2,4,02,B02
201200022958,0,07,000,00,0,6,02,A01
201200022958,0,07,000,01,0,9,24,B02
201200022958,0,07,000,05,2,2,02,C03
201200022958,0,07,000,01,2,1,14,D04
201200022959,0,07,000,13,0,2,14,A01
201200022960,0,10,000,07,0,2,01,A01
201200022961,0,07,000,16,0,4,14,A01
201200022962,0,07,000,00,2,3,05,A01
201200022962,0,07,000,00,2,8,21,C03
201200022962,0,07,000,00,2,3,21,B02
201200022963,0,07,000,13,0,9,00,A01
201200022964,0,14,000,01,1,2,14,A01
201200022964,0,07,000,01,0,4,24,B02
201200022965,0,07,000,01,0,1,02,C03
201200022965,0,07,000,01,2,4,23,B02
201200022965,0,07,000,01,0,1,02,D04
201200022965,0,07,000,01,0,0,01,E05
201200022965,0,07,000,01,0,1,23,A01
201200022965,0,07,000,00,0,5,01,F06
201200022966,0,14,000,00,0,4,02,B02
201200022966,0,07,000,00,2,1,02,A01
201200022967,0,33,000,03,0,3,17,A01
201200022968,0,07,000,13,0,2,01,A01
201200022969,0,07,000,00,1,0,17,B02
201200022969,0,07,000,00,1,8,21,A01
201200022970,0,07,000,14,9,3,14,C03
201200022970,0,07,000,14,0,3,13,B02
201200022970,0,07,000,00,0,0,23,A01
201200022971,0,10,000,00,2,2,02,A01
201200022971,0,10,000,00,0,6,02,B02
201200022972,0,07,000,00,0,4,23,A01
201200022972,0,07,000,00,2,1,02,C03
201200022972,0,31,000,00,2,1,02,D04
201200022972,0,14,000,00,2,1,02,B02
201200022973,0,07,000,00,0,0,17,A01
201200022974,0,07,000,00,2,1,01,A01
201200022974,0,07,000,00,0,4,01,B02
201200022975,0,07,000,00,2,4,02,A01
201200022975,0,07,000,00,2,1,02,B02
201200022976,0,07,000,13,0,1,00,A01
201200022977,0,07,000,03,0,9,01,A01
201200022978,0,07,000,00,2,1,01,B02
201200022978,0,07,000,00,0,7,15,A01
201200022979,0,01,000,00,2,5,01,B02
201200022979,0,07,000,00,2,2,09,A01
201200022980,0,07,000,01,0,6,00,A01
201200022980,0,34,000,01,0,1,02,B02
201200022981,0,07,000,00,2,1,01,A01
201200022981,0,07,000,00,2,1,06,B02
201200022982,0,02,000,00,2,1,01,A01
201200022982,0,07,000,00,2,4,01,B02
201200022983,0,31,000,00,2,2,17,A01
201200022983,0,07,000,00,2,8,15,B02
201200022984,0,07,000,00,2,7,19,A01
201200022984,0,07,000,00,2,1,01,B02
201200022985,0,07,000,00,1,1,01,A01
201200022986,0,33,000,16,0,8,16,A01
201200022987,0,07,000,00,2,8,02,A01
201200022987,0,02,000,00,2,2,02,B02
201200022988,0,02,000,13,0,1,00,A01
201200022989,0,07,000,00,2,1,01,B02
201200022989,0,07,000,00,2,6,01,A01
201200022990,0,07,000,00,2,4,23,A01
201200022990,0,38,015,00,2,1,01,B02
201200022991,0,07,000,00,0,9,01,A01
201200022992,0,07,000,00,2,8,01,B02
201200022992,0,07,000,00,2,7,13,A01
201200022993,0,07,000,00,1,1,01,A01
201200022994,0,07,000,00,2,3,01,B02
201200022994,0,10,000,00,2,3,01,A01
201200022995,0,07,000,08,0,1,01,A01
201200022996,0,33,000,00,0,0,01,A01
201200022997,0,07,000,00,2,7,15,B02
201200022997,0,33,000,00,2,1,01,A01
201200022998,0,07,000,00,2,2,17,A01
201200022998,0,01,000,11,0,8,13,B02
201200022999,0,07,000,00,0,1,14,A01
201200023000,0,33,000,03,0,0,01,A01
201200023001,0,07,000,00,2,3,01,A01
201200023001,0,07,000,00,2,1,19,B02
201200023002,0,07,000,02,0,2,01,A01
201200023003,0,07,000,00,0,5,15,A01
201200023003,0,31,000,00,0,1,01,B02
201200023004,0,31,000,08,0,1,01,A01
201200023005,0,07,000,00,0,1,00,A01
201200023006,0,07,000,00,1,4,04,A01
201200023007,0,33,000,00,2,1,21,B02
201200023007,0,10,000,00,0,3,15,A01
201200023008,0,07,000,00,2,8,01,B02
201200023008,0,07,000,00,2,7,01,C03
201200023008,0,07,000,00,2,1,03,A01
201200023008,0,07,000,00,2,1,01,D04
201200023009,0,07,000,01,1,1,14,A01
201200023010,0,07,000,02,0,9,01,A01
201200023011,0,07,000,00,1,1,01,A01
201200023012,0,07,000,00,2,3,15,A01
201200023012,0,30,000,00,2,1,17,B02
201200023013,0,07,000,00,1,1,01,A01
201200023014,0,01,000,00,2,8,05,B02
201200023014,0,01,000,00,2,8,05,C03
201200023014,0,07,000,00,2,3,05,A01
201200023015,0,32,000,00,2,1,01,B02
201200023015,0,07,000,00,2,7,15,A01
201200023016,0,30,000,00,1,1,17,A01
201200023017,0,33,000,00,2,2,17,A01
201200023017,0,07,000,00,2,6,15,B02
201200023018,0,07,000,00,2,3,01,B02
201200023018,0,31,000,00,2,1,13,A01
201200023019,0,33,000,00,2,9,01,A01
201200023019,0,07,000,00,2,8,20,B02
201200023020,0,07,000,00,2,1,01,B02
201200023020,0,07,000,00,2,1,05,A01
201200023021,0,07,000,00,2,1,01,A01
201200023021,0,01,000,00,2,4,19,B02
201200023022,0,07,000,00,0,2,02,A01
201200023022,0,01,000,00,0,4,02,B02
201200023023,0,07,000,00,1,2,01,A01
201200023024,0,07,000,00,2,5,16,A01
201200023024,0,32,000,00,2,3,01,B02
201200023025,0,07,000,02,0,1,14,A01