Num_Acc,senc,catv,occutc,obs,obsm,choc,manv,num_veh
201200024833,1,99,000,00,0,0,00,Z01
201200024834,0,07,000,00,2,1,02,A01
201200024834,0,07,000,00,0,5,02,B01
201200024835,0,07,000,00,0,7,02,C01
201200024835,0,07,000,00,0,8,24,A01
201200024835,0,01,000,00,0,1,01,B01
201200024836,0,02,000,00,2,1,01,B01
201200024836,0,07,000,00,2,1,15,A01
201200024837,0,07,000,00,0,3,00,B01
201200024837,0,07,000,09,0,3,00,A01
201200024838,0,07,000,00,2,4,02,B01
201200024838,0,33,000,00,0,4,02,C01
201200024838,0,07,000,00,2,1,02,A01
201200024839,1,07,000,00,2,0,02,Z01
201200024839,0,33,000,00,2,3,02,B01
201200024840,0,07,000,00,2,3,09,A01
201200024840,0,31,000,00,2,1,02,B01
201200024841,0,31,000,00,0,0,16,B01
201200024841,0,07,000,00,2,0,01,A01
201200024842,0,07,000,00,1,3,19,A01
201200024843,0,07,000,00,1,2,01,A01
201200024844,0,07,000,00,2,1,15,A01
201200024844,0,31,000,00,0,8,01,B01
201200024845,0,07,000,00,1,3,15,A01
201200024846,0,07,000,00,0,3,01,B01
201200024846,0,07,000,00,2,1,00,A01
201200024847,2,07,000,00,1,3,11,Z01
201200024848,0,10,000,00,1,1,01,A01
201200024849,0,07,000,01,0,1,01,A01
201200024850,0,07,000,00,0,4,02,B01
201200024850,0,02,000,00,2,7,02,A01
201200024851,0,33,000,00,2,1,02,A01
201200024851,0,07,000,00,0,4,02,B01
201200024852,0,07,000,15,2,5,15,A01
201200024852,0,07,000,00,2,1,02,B01
201200024853,0,31,000,00,2,2,17,B01
201200024853,0,07,000,00,2,1,15,A01
201200024854,0,02,000,00,1,1,02,A01
201200024855,0,07,000,00,1,1,01,A01
201200024856,0,07,000,00,2,1,01,B01
201200024856,0,34,000,00,2,8,01,A01
201200024857,0,07,000,01,0,2,02,A01
201200024857,0,07,000,00,0,6,24,B01
201200024858,0,01,000,00,2,1,05,A01
201200024858,0,07,000,00,0,1,01,B01
201200024859,0,02,000,00,0,8,16,A01
201200024859,0,07,000,00,2,1,01,B01
201200024860,0,33,000,00,2,1,01,B01
201200024860,0,07,000,00,2,7,10,A01
201200024861,0,07,000,00,1,3,01,A01
201200024862,0,07,000,00,0,5,01,B01
201200024862,0,02,000,00,2,1,01,A01
201200024863,0,07,000,00,1,1,01,A01
201200024864,0,07,000,00,2,3,01,C01
201200024864,0,30,000,00,2,1,17,A01
201200024864,0,07,000,00,2,8,23,B01
201200024865,0,07,000,00,2,1,02,A01
201200024865,0,07,000,00,2,4,02,B01
201200024866,0,07,000,00,1,2,01,A01
201200024867,0,07,000,00,2,3,16,A01
201200024867,0,07,000,00,0,3,16,B01
201200024868,0,02,000,00,2,1,21,B01
201200024868,0,07,000,00,2,7,01,A01
201200024869,0,07,000,00,2,7,01,B01
201200024869,0,07,000,00,0,1,15,A01
201200024870,0,07,000,09,2,1,01,B01
201200024870,0,10,000,01,0,1,01,A01
201200024871,0,07,000,00,2,6,15,A01
201200024871,0,34,000,01,2,0,02,B01
201200024872,0,07,000,00,2,1,02,A01
201200024872,0,07,000,00,0,4,02,B01
201200024873,0,07,000,00,2,1,01,B01
201200024873,0,07,000,00,0,8,01,A01
201200024874,0,07,000,00,2,1,02,A01
201200024874,0,07,000,00,2,4,24,C01
201200024874,0,07,000,00,2,9,24,B01
201200024875,0,07,000,00,2,1,01,A01
201200024875,0,33,000,00,0,1,01,B01
201200024876,0,07,000,00,2,1,09,A01
201200024876,0,02,000,00,2,1,01,B01
201200024877,0,07,000,00,1,2,01,A01
201200024878,0,33,000,00,1,1,01,A01
201200024879,0,02,000,11,0,3,01,A01
201200024880,0,07,000,06,2,9,13,A01
201200024880,0,07,000,00,2,7,01,B01
201200024881,0,33,000,00,2,1,02,A01
201200024881,0,07,000,00,0,4,01,B01
201200024882,0,07,000,00,2,1,02,A01
201200024882,0,07,000,00,2,4,02,B01
201200024882,0,07,000,00,0,4,02,C01
201200024883,0,07,000,00,1,2,02,A01
201200024884,0,07,000,00,2,0,00,B01
201200024884,0,01,000,00,2,1,01,A01
201200024885,0,02,000,00,0,8,01,B01
201200024885,0,07,000,00,2,1,15,A01
201200024886,0,07,000,00,2,1,01,B01
201200024886,0,30,000,00,2,3,15,A01
201200024887,0,07,000,00,2,1,01,B01
201200024887,0,07,000,00,0,3,01,A01
201200024888,0,07,000,00,0,7,01,A01
201200024888,0,30,000,00,2,1,01,B01
201200024889,1,07,000,00,1,1,01,Z01
201200024890,0,07,000,00,2,1,01,A01
201200024890,0,07,000,00,2,8,01,B01
201200024891,0,07,000,00,2,1,01,A01
201200024891,0,02,000,00,2,9,01,B01
201200024892,0,07,000,00,2,2,01,A01
201200024892,0,07,000,01,0,9,15,B01
201200024893,0,02,000,00,2,1,01,B01
201200024893,0,10,000,00,2,1,15,A01
201200024894,0,07,000,00,2,3,15,A01
201200024894,0,33,000,00,2,1,01,B01
201200024895,0,07,000,00,0,6,15,A01
201200024895,0,33,000,00,2,1,02,B01
201200024896,0,07,000,00,0,1,01,A01
201200024897,0,07,000,00,2,4,01,C01
201200024897,0,07,000,00,2,1,02,A01
201200024897,0,07,000,00,2,4,02,B01
201200024898,0,33,000,00,2,7,17,A01
201200024898,0,07,000,00,2,1,09,B01
201200024899,0,07,000,00,0,8,10,A01
201200024899,0,02,000,00,2,1,17,B01
201200024900,0,31,000,00,0,8,01,B01
201200024900,0,03,000,00,2,3,01,A01
201200024901,0,02,000,00,2,1,01,B01
201200024901,0,07,000,00,0,1,15,A01
201200024902,0,07,000,00,1,1,16,A01
201200024903,0,10,000,08,0,1,01,A01
201200024904,0,07,000,00,2,4,01,C01
201200024904,0,07,000,00,2,4,02,B01
201200024904,0,07,000,00,2,1,02,A01
201200024905,0,07,000,00,0,3,01,B01
201200024905,0,07,000,00,2,1,01,A01
201200024906,0,10,000,00,1,3,01,A01
201200024907,0,07,000,00,0,2,16,B01
201200024907,0,02,000,00,2,1,01,A01
201200024908,0,07,000,00,1,2,01,A01
201200024909,0,03,000,00,0,7,01,B01
201200024909,0,07,000,00,2,3,01,A01
201200024910,0,01,000,00,2,1,19,A01
201200024910,0,37,040,00,0,0,01,B01
201200024911,0,07,000,00,0,8,01,A01
201200024911,0,31,000,00,2,1,01,B01
201200024912,0,07,000,00,2,1,01,A01
201200024912,0,07,000,00,0,4,16,B01
201200024913,0,07,000,00,1,1,01,A01
201200024914,0,07,000,00,0,0,15,A01
201200024914,0,40,000,00,2,1,01,B01
201200024915,0,31,000,00,2,1,01,B01
201200024915,0,07,000,00,2,7,16,A01
201200024916,0,07,000,00,2,1,01,A01
201200024916,0,10,000,00,0,3,01,B01
201200024917,1,07,000,00,1,2,00,Z01
201200024918,0,07,000,00,0,7,01,B01
201200024918,0,07,000,00,2,1,01,A01
201200024919,0,01,000,00,0,5,01,B01
201200024919,0,07,000,00,2,2,15,A01
201200024920,0,32,000,00,2,1,01,A01
201200024920,0,07,000,00,2,4,11,B01
201200024921,0,07,000,00,2,3,15,A01
201200024921,0,30,000,00,2,3,01,B01
201200024922,0,07,000,00,0,7,01,B01
201200024922,0,01,000,00,2,0,01,A01
201200024923,0,07,000,00,0,4,01,C01
201200024923,0,07,000,00,2,1,01,A01
201200024923,0,07,000,00,2,1,01,B01
201200024924,0,07,000,00,2,2,15,A01
201200024924,0,07,000,00,0,7,01,B01
201200024925,0,07,000,00,2,1,03,A01
201200024925,0,07,000,00,0,4,01,B01
201200024926,1,07,000,00,1,1,01,A01
201200024927,0,10,000,00,0,4,15,B01
201200024927,0,07,000,00,2,1,15,A01
201200024928,0,07,000,01,0,9,00,A01
201200024929,0,07,000,00,0,4,01,B01
201200024929,0,07,000,00,2,1,01,A01
201200024930,0,07,000,00,2,1,01,B01
201200024930,0,07,000,00,0,7,01,A01
201200024931,0,07,000,00,2,1,01,A01
201200024931,0,07,000,00,2,7,01,B01
201200024932,0,07,000,00,2,2,01,A01
201200024932,0,33,000,00,2,7,01,B01
201200024933,0,07,000,00,1,1,01,A01
201200024934,0,33,000,00,2,5,01,A01
201200024934,0,07,000,00,2,1,15,B01
201200024935,0,07,000,00,1,1,01,A01
201200024936,0,07,000,00,0,4,02,C01
201200024936,0,07,000,00,2,1,02,A01
201200024936,0,07,000,00,2,9,02,B01
201200024937,0,30,000,00,0,9,15,A01
201200024937,0,07,000,00,2,1,01,B01
201200024938,0,07,000,00,0,1,15,A01
201200024938,0,07,000,00,2,1,17,B01
201200024939,0,07,000,00,2,1,01,A01
201200024939,0,15,000,00,0,4,01,B01
201200024940,0,07,000,00,1,1,15,A01
201200024941,0,07,000,10,0,1,01,A01
201200024942,0,02,000,00,2,1,11,A01
201200024942,0,07,000,00,0,5,01,B01
201200024943,0,07,000,01,2,2,00,A01
201200024944,0,07,000,00,0,9,01,A01
201200024945,0,07,000,00,2,2,15,A01
201200024945,0,31,000,00,2,1,01,B01
201200024946,0,07,000,00,2,7,15,A01
201200024946,0,33,000,00,2,1,01,B01
201200024947,0,34,000,00,1,1,01,A01
201200024948,0,33,000,00,2,1,01,B01
201200024948,0,07,000,00,2,7,01,A01
201200024949,0,37,001,00,1,1,01,A01
201200024950,0,07,000,00,2,8,01,B01
201200024950,0,07,000,00,2,1,15,A01
201200024951,0,07,000,00,2,1,01,B01
201200024951,0,07,000,00,2,1,15,A01
201200024952,0,01,000,00,2,3,02,B01
201200024952,0,07,000,00,2,7,16,A01
201200024953,0,07,000,00,0,4,01,B01
201200024953,0,10,000,00,2,1,02,A01
201200024954,0,31,000,00,0,9,01,B01
201200024954,0,07,000,00,2,3,15,A01
201200024955,0,07,000,00,0,4,01,B01
201200024955,0,07,000,00,2,1,02,A01
201200024956,0,07,000,00,2,2,01,B01
201200024956,0,01,000,00,2,1,01,A01
201200024957,0,07,000,00,2,2,01,A01
201200024957,0,30,000,00,2,1,01,B01
201200024958,0,32,000,00,2,1,01,A01
201200024958,0,07,000,00,0,8,15,B01
201200024959,0,07,000,00,0,3,23,A01
201200024959,0,01,000,01,0,1,21,B01
201200024960,0,02,000,06,0,9,01,A01
201200024961,0,10,000,00,2,8,15,A01
201200024961,0,10,000,00,2,2,01,B01
201200024962,0,07,000,00,2,1,15,A01
201200024963,0,02,000,00,1,7,01,A01
201200024964,0,07,000,00,2,3,01,A01
201200024964,0,10,000,00,2,2,01,B01
201200024965,0,07,000,00,1,3,01,A01
201200024966,0,07,000,08,0,7,01,B01
201200024966,0,10,000,00,2,1,01,A01
201200024967,0,07,000,00,1,1,01,A01
201200024968,0,07,000,00,1,2,02,A01
201200024969,0,02,000,00,2,1,01,A01
201200024969,0,07,000,00,2,5,01,B01
201200024970,0,01,000,00,2,9,17,B01
201200024970,0,14,000,00,2,3,16,A01
201200024971,0,07,000,00,2,2,15,A01
201200024971,0,31,000,00,2,1,01,B01
201200024972,0,07,000,00,2,1,02,A01
201200024972,0,07,000,00,2,9,02,B01
201200024972,0,07,000,00,2,4,02,C01
201200024973,0,07,000,00,0,2,15,A01
201200024973,0,33,000,00,2,3,01,B01
201200024974,0,07,000,00,2,7,15,A01
201200024974,0,33,000,00,2,1,01,B01
201200024975,0,07,000,00,0,4,00,C01
201200024975,0,07,000,00,2,4,01,B01
201200024975,0,07,000,00,2,1,01,A01
201200024976,0,02,000,00,1,1,01,A01
201200024977,0,02,000,00,0,7,01,B01
201200024977,0,07,000,00,2,1,16,A01
201200024978,0,02,000,00,2,1,01,B01
201200024978,0,07,000,00,2,3,20,A01
201200024979,0,10,000,00,2,1,16,A01
201200024979,0,02,000,00,0,8,01,B01
201200024980,0,07,000,00,1,2,01,A01
201200024981,0,02,000,00,2,1,01,B01
201200024981,0,07,000,00,0,2,15,A01
201200024982,0,07,000,00,2,4,02,C01
201200024982,0,07,000,00,2,4,02,B01
201200024982,0,07,000,00,0,4,01,D01
201200024982,0,07,000,00,2,1,02,A01
201200024983,0,07,000,00,0,2,15,A01
201200024983,0,07,000,00,2,1,01,B01
201200024984,0,07,000,00,2,1,15,A01
201200024984,0,07,000,00,0,2,01,B01
201200024985,0,07,000,00,2,8,15,B01
201200024985,0,02,000,00,2,1,17,A01
201200024986,0,02,000,00,2,1,01,B01
201200024986,0,07,000,00,0,2,10,A01
201200024987,0,07,000,00,2,1,01,A01
201200024987,0,07,000,00,0,4,02,B01
201200024988,0,07,000,00,0,4,01,C01
201200024988,0,07,000,00,2,4,02,B01
201200024988,0,10,000,00,2,1,02,A01
201200024989,0,02,000,14,0,1,01,A01
201200024990,0,33,000,00,2,7,01,B01
201200024990,0,07,000,00,2,8,01,A01
201200024991,0,07,000,00,0,3,01,B01
201200024991,0,07,000,00,2,1,01,A01
201200024992,0,33,000,00,1,0,01,A01
201200024993,0,07,000,00,1,6,01,A01
201200024994,0,07,000,00,2,3,15,A01
201200024994,0,07,000,00,2,9,02,B01
201200024994,0,07,000,00,2,1,02,C01
201200024995,0,07,000,00,1,3,15,A01
201200024996,0,33,000,00,2,1,01,B01
201200024996,0,10,000,00,0,1,09,A01
201200024997,0,07,000,00,0,2,16,A01
201200024997,0,01,000,00,2,1,01,B01
201200024998,0,07,000,00,1,6,04,A01
201200024999,0,07,000,00,2,1,01,B01
201200024999,0,02,000,00,2,1,01,A01
201200025000,0,40,000,00,0,3,01,B01
201200025000,0,07,000,00,4,2,16,A01
201200025001,0,07,000,00,2,3,01,A01
201200025001,0,07,000,00,2,3,01,B01
201200025002,0,07,000,00,1,2,15,A01
201200025003,0,02,000,00,2,7,18,A01
201200025003,0,07,000,00,2,5,01,B01
201200025004,0,07,000,00,1,0,01,A01
201200025005,0,10,000,00,2,1,02,B01
201200025005,0,07,000,00,0,4,01,A01
201200025006,0,07,000,00,1,3,01,A01
201200025007,0,07,000,00,0,5,09,A01
201200025007,0,07,000,00,2,1,01,B01
201200025007,0,07,000,00,2,9,01,C01
201200025007,0,07,000,00,2,1,01,D01
201200025008,0,33,000,00,2,1,01,A01
201200025008,0,07,000,00,0,3,15,B01
201200025008,0,07,000,00,0,8,01,C01
201200025009,0,01,000,00,2,1,16,B01
201200025009,0,10,000,00,0,3,01,A01
201200025010,0,10,000,00,2,1,02,A01
201200025010,0,07,000,00,0,4,01,B01
201200025011,0,07,000,00,2,1,01,A01
201200025011,0,34,000,00,0,9,01,B01
201200025012,0,07,000,00,1,2,16,A01
201200025013,0,40,000,00,1,1,01,A01
201200025014,0,07,000,14,0,1,01,A01
201200025015,0,01,000,01,0,1,01,A01
201200025016,0,07,000,00,0,5,21,A01
201200025016,0,31,000,00,2,1,02,B01
201200025017,0,07,000,00,2,1,02,A01
201200025017,0,07,000,00,0,4,15,B01
201200025018,1,07,000,00,2,9,21,A01
201200025018,0,07,000,12,0,2,01,B01
201200025019,0,10,000,00,2,8,09,A01
201200025019,0,33,000,00,0,2,02,B01
201200025020,0,10,000,00,2,1,15,A01
201200025020,0,07,000,00,2,1,16,B01
201200025020,0,07,000,00,0,1,15,C01
201200025021,0,01,000,01,0,2,02,B01
201200025021,0,07,000,00,0,0,20,A01
201200025022,0,07,000,15,0,1,01,A01
201200025023,0,40,000,00,1,2,01,A01
201200025024,0,34,000,00,2,1,01,A01
201200025024,0,07,000,00,2,7,01,B01
201200025024,0,07,000,00,2,1,01,C01
201200025025,0,07,000,00,0,8,01,B01
201200025025,0,07,000,00,2,1,01,A01
201200025026,0,07,000,01,0,1,15,A01
201200025026,1,07,000,00,0,3,24,B01
201200025027,0,07,000,00,2,1,15,A01
201200025028,1,07,000,00,1,0,15,Z01
201200025029,0,37,041,00,1,2,01,A01
201200025030,0,07,000,00,2,7,01,A01
201200025030,0,07,000,00,0,1,01,B01
201200025031,1,02,000,00,1,0,00,Z01
201200025032,0,07,000,00,2,4,02,C01
201200025032,0,07,000,00,0,4,02,D01
201200025032,0,07,000,00,2,4,02,B01
201200025032,0,07,000,00,2,1,02,A01
201200025033,0,07,000,00,0,4,15,B01
201200025033,0,10,000,00,2,1,02,A01
201200025034,0,33,000,00,0,2,01,B01
201200025034,0,07,000,00,2,3,11,A01
201200025035,0,07,000,00,2,1,01,A01
201200025036,0,07,000,00,1,3,01,A01
201200025037,0,07,000,00,2,1,02,A01
201200025037,0,07,000,00,0,4,02,B01
201200025038,0,07,000,00,0,4,02,C01
201200025038,0,07,000,00,2,1,02,B01
201200025038,0,10,000,00,2,1,02,A01
201200025039,0,10,000,00,2,4,15,A01
201200025039,0,30,000,00,2,1,01,B01
201200025040,0,01,000,00,2,3,01,B01
201200025040,0,07,000,00,2,1,01,A01
201200025041,0,07,000,00,2,5,04,B01
201200025041,0,01,000,00,0,0,14,A01
201200025042,0,40,000,00,1,2,01,A01
201200025043,0,07,000,00,1,3,01,A01
201200025044,0,02,000,00,2,1,01,B01
201200025044,0,07,000,00,0,3,16,A01
201200025045,0,03,000,08,0,1,01,A01
201200025046,0,07,000,00,2,1,09,A01
201200025046,0,33,000,00,2,1,09,B01
201200025047,0,10,000,00,0,8,15,A01
201200025047,0,02,000,00,2,2,01,B01
201200025048,0,10,000,00,2,1,02,A01
201200025048,0,07,000,00,0,4,01,B01
201200025049,0,01,000,00,2,1,19,B01
201200025049,0,07,000,00,0,2,01,A01
201200025050,0,07,000,00,0,7,01,A01
201200025050,0,01,000,00,2,1,13,B01
201200025051,0,07,000,00,2,8,13,A01
201200025051,0,31,000,00,0,7,01,B01
201200025052,0,01,000,00,0,8,19,A01
201200025052,0,33,000,00,2,1,01,B01
201200025053,0,31,000,00,2,9,01,A01
201200025053,0,10,000,00,2,1,15,B01
201200025054,0,33,000,00,2,1,02,A01
201200025054,0,07,000,00,0,4,02,B01
201200025055,0,07,000,00,2,3,01,B01
201200025055,0,07,000,00,0,2,15,A01
201200025056,0,07,000,00,2,1,01,A01
201200025056,0,07,000,00,0,7,15,B01
201200025057,0,07,000,00,0,4,15,B01
201200025057,0,07,000,00,2,1,02,A01
201200025058,0,07,000,00,0,1,15,A01
201200025058,0,07,000,00,2,3,01,B01
201200025059,0,07,000,00,2,1,02,A01
201200025059,0,07,000,00,0,4,02,B01
201200025060,0,07,000,00,2,1,01,B01
201200025060,0,07,000,00,0,2,16,A01
201200025061,0,01,000,00,2,1,01,B01
201200025061,0,07,000,00,2,2,12,A01
201200025062,0,07,000,00,1,2,01,A01
201200025063,0,10,000,00,0,8,16,A01
201200025063,0,02,000,00,2,1,01,B01
201200025064,0,07,000,00,2,4,02,B01
201200025064,1,07,000,00,2,1,02,Z01
201200025065,0,33,000,00,0,8,01,B01
201200025065,0,07,000,00,2,7,12,A01
201200025066,0,30,000,00,0,0,16,A01
201200025067,0,07,000,00,2,1,01,A01
201200025067,0,07,000,00,0,4,15,B01
201200025068,0,07,000,00,1,2,01,A01
201200025069,0,07,000,00,2,2,15,A01
201200025069,0,01,000,00,2,0,15,B01
201200025070,0,07,000,00,0,3,15,A01
201200025070,0,33,000,00,2,1,01,B01
201200025071,0,33,000,00,2,1,01,B01
201200025071,0,07,000,00,2,1,15,A01
201200025072,0,07,000,00,1,7,01,A01
201200025073,0,07,000,00,2,1,02,A01
201200025073,0,07,000,00,2,4,02,B01
201200025074,1,10,000,00,0,2,01,B01
201200025074,0,07,000,00,2,1,01,A01
201200025075,0,02,000,00,2,1,01,A01
201200025075,0,07,000,00,2,1,01,B01
201200025076,0,07,000,00,1,1,01,A01
201200025077,0,07,000,00,2,4,02,B01
201200025077,0,07,000,00,0,4,01,C01
201200025077,0,07,000,00,2,1,02,A01
201200025078,0,33,000,00,2,1,01,A01
201200025078,0,01,000,00,0,6,13,B01
201200025079,0,07,000,00,0,5,01,A01
201200025079,0,07,000,00,2,1,01,B01
201200025080,0,07,000,01,0,1,01,A01
201200025081,0,07,000,00,2,2,01,B01
201200025081,0,07,000,00,0,8,13,A01
201200025082,0,07,000,11,0,1,01,A01
201200025083,0,07,000,00,2,3,14,A01
201200025083,0,07,000,00,2,2,01,B01
201200025084,0,33,000,01,0,9,01,B01
201200025084,0,07,000,00,0,8,01,A01
201200025085,0,02,000,00,2,1,01,B01
201200025085,0,07,000,00,2,1,15,A01
201200025086,0,07,000,00,2,1,01,B01
201200025086,0,02,000,00,2,1,15,A01
201200025087,0,07,000,02,0,1,01,A01
201200025088,1,07,000,15,0,8,11,A01
201200025089,0,10,000,00,2,1,01,A01
201200025089,0,07,000,00,0,4,01,B01
201200025090,0,07,000,00,0,0,16,A01
201200025090,0,37,000,00,0,0,18,B01
201200025091,0,07,000,00,2,5,09,A01
201200025091,0,32,000,01,2,1,01,B01
201200025092,0,07,000,00,0,3,05,A01
201200025092,0,33,000,00,2,1,01,B01
201200025093,0,07,000,15,0,1,01,A01
201200025094,0,14,000,00,0,8,01,B01
201200025094,0,07,000,00,2,3,01,A01
201200025095,0,07,000,00,2,4,01,B01
201200025095,0,07,000,00,2,1,01,A01
201200025096,0,07,000,00,0,3,15,A01
201200025096,0,02,000,00,2,1,01,B01
201200025097,0,07,000,00,0,4,00,B01
201200025097,0,07,000,00,2,1,00,A01
201200025098,0,07,000,00,2,3,16,A01
201200025098,0,01,000,00,0,5,01,B01
201200025099,0,07,000,00,2,1,01,B01
201200025099,0,07,000,00,0,7,15,A01
201200025100,0,07,000,00,0,6,15,A01
201200025100,0,31,000,00,2,1,01,B01
201200025101,0,30,000,00,0,8,01,A01
201200025102,0,07,000,00,0,4,01,B01
201200025102,0,01,000,00,2,1,01,A01
201200025103,0,33,000,00,2,1,02,A01
201200025103,0,07,000,00,0,4,01,B01
201200025104,0,07,000,00,0,4,01,B01
201200025104,0,07,000,00,2,1,01,A01
201200025105,0,33,000,00,2,8,15,B01
201200025105,0,07,000,00,0,8,10,A01
201200025106,0,07,000,00,2,2,19,A01
201200025106,0,01,000,00,2,1,01,B01
201200025107,0,07,000,01,2,1,01,A01
201200025108,0,07,000,07,0,1,00,A01
201200025109,0,40,000,00,1,5,01,A01
201200025110,0,07,000,00,0,4,02,B01
201200025110,0,07,000,00,2,1,02,A01
201200025111,0,01,000,00,2,1,01,B01
201200025111,0,10,000,00,0,7,16,A01
201200025112,0,07,000,00,1,2,01,A01
201200025113,0,07,000,00,2,1,01,A01
201200025114,0,31,000,00,2,1,01,B01
201200025114,0,07,000,00,0,3,01,A01
201200025115,0,03,000,01,0,1,01,A01
201200025116,0,31,000,00,1,1,01,A01
201200025117,0,32,000,00,2,8,01,B01
201200025117,1,07,000,00,2,0,01,A01
201200025118,0,07,000,00,2,8,01,B01
201200025118,0,02,000,00,2,1,01,A01
201200025119,0,07,000,00,0,3,15,A01
201200025119,0,30,000,00,2,1,15,B01
201200025120,0,07,000,00,1,5,04,A01
201200025121,0,02,000,00,2,9,01,A01
201200025121,0,07,000,00,2,8,15,B01
201200025122,0,07,000,00,0,6,02,C01
201200025122,0,07,000,00,2,7,02,B01
201200025122,0,07,000,00,2,3,02,A01
201200025123,0,01,000,00,4,8,19,A01
201200025123,0,40,000,00,2,1,21,B01
201200025124,0,40,000,00,1,6,01,A01
201200025125,0,32,000,00,2,1,01,A01
201200025125,0,07,000,00,0,1,15,B01
201200025126,0,07,000,00,0,3,16,A01
201200025126,0,31,000,00,2,1,01,B01
201200025127,0,34,000,00,2,1,01,B01
201200025127,0,07,000,00,0,7,15,A01
201200025128,0,33,000,00,2,3,01,A01
201200025128,0,10,000,00,0,1,15,B01
201200025129,0,07,000,00,2,1,15,A01
201200025129,0,01,000,00,2,1,01,B01
201200025130,0,07,000,00,0,1,01,A01
201200025130,0,01,000,00,2,1,01,B01
201200025131,2,07,000,00,2,1,02,Z01
201200025131,0,07,000,00,0,4,01,B01
201200025132,0,01,000,00,0,4,19,A01
201200025132,0,07,000,00,2,3,01,B01
201200025133,0,07,000,00,1,1,01,A01
201200025134,0,07,000,00,2,3,10,A01
201200025134,0,33,000,00,2,1,01,B01
201200025135,0,10,000,00,2,1,16,A01
201200025135,0,02,000,00,2,7,01,B01
201200025136,0,07,000,00,2,1,15,A01
201200025136,0,07,000,00,2,1,01,B01
201200025137,0,30,000,10,0,1,01,A01
201200025138,0,33,000,00,2,3,01,B01
201200025138,0,07,000,00,0,3,01,C01
201200025138,0,07,000,00,0,5,22,A01
201200025139,0,07,000,00,2,1,01,B01
201200025139,0,10,000,00,2,1,01,C01
201200025139,0,07,000,00,2,3,09,A01
201200025140,0,10,000,00,2,3,01,B01
201200025140,0,07,000,00,0,7,15,A01
201200025141,0,07,000,00,1,2,01,A01
201200025142,0,07,000,00,2,7,16,A01
201200025142,0,30,000,00,2,3,01,B01
201200025143,0,33,000,00,2,9,21,B01
201200025143,0,07,000,00,2,7,15,A01
201200025144,0,07,000,00,2,3,01,A01
201200025144,0,07,000,00,2,5,23,B01
201200025145,0,07,000,00,0,4,02,B01
201200025145,0,07,000,00,2,1,02,A01
201200025146,0,02,000,00,2,1,01,B01
201200025146,0,07,000,00,2,1,15,A01
201200025147,0,07,000,00,2,1,01,B01
201200025147,0,01,000,00,0,2,19,A01
201200025148,0,07,000,00,2,3,01,A01
201200025148,0,34,000,00,2,8,15,B01
201200025149,0,07,000,00,2,2,02,B01
201200025149,0,10,000,00,2,3,02,A01
201200025150,0,07,000,00,2,1,15,A01
201200025150,0,33,000,00,2,1,01,B01
201200025150,0,10,000,00,2,3,16,C01
201200025151,0,33,000,00,2,2,01,B01
201200025151,0,07,000,00,2,1,01,A01
201200025152,0,07,000,00,2,1,01,A01
201200025152,0,01,000,00,2,4,01,B01
201200025153,0,01,000,00,2,1,01,A01
201200025153,0,07,000,00,2,5,16,B01
201200025154,0,07,000,00,2,3,09,A01
201200025154,0,33,000,00,2,3,01,B01
201200025155,0,33,000,16,2,0,01,A01
201200025155,0,07,000,00,2,1,15,B01
201200025156,0,07,000,00,0,3,01,B01
201200025156,0,10,000,00,2,1,01,A01
201200025157,0,33,000,11,0,3,01,A01
201200025158,0,07,000,12,0,1,16,A01
201200025159,0,07,000,01,0,2,14,A01
201200025160,0,07,000,00,2,1,15,B01
201200025160,0,07,000,00,0,1,01,A01
201200025161,0,02,000,00,2,1,01,B01
201200025161,0,10,000,00,0,3,15,A01
201200025162,0,07,000,00,0,3,24,A01
201200025162,0,01,000,01,0,1,01,B01
201200025163,0,07,000,00,2,7,01,B01
201200025163,0,07,000,00,2,1,01,A01
201200025164,0,07,000,00,0,4,01,B01
201200025164,0,07,000,00,2,1,02,A01
201200025165,0,02,000,00,2,1,02,A01
201200025165,0,07,000,00,2,3,02,B01
201200025166,0,07,000,00,2,2,16,A01
201200025166,0,02,000,00,2,1,01,B01
201200025167,0,07,000,00,0,3,15,B01
201200025167,0,33,000,01,2,1,17,A01
201200025168,0,33,000,00,2,0,01,A01
201200025168,0,07,000,00,2,8,15,B01
201200025169,0,07,000,08,0,1,13,A01
201200025170,0,30,000,03,9,9,06,A01
201200025171,0,15,000,00,2,0,16,A01
201200025171,0,01,000,00,2,0,01,B01
201200025172,0,15,000,00,1,1,01,A01
201200025173,0,07,000,00,1,2,15,B01
201200025174,0,07,000,00,0,1,01,B01
201200025174,0,07,000,00,2,8,01,A01
201200025175,0,07,000,00,0,3,15,B01
201200025175,0,33,000,01,2,1,17,A01
201200025176,0,33,000,00,2,1,01,B01
201200025176,0,07,000,00,0,7,15,A01
201200025177,0,07,000,00,2,6,01,B01
201200025177,0,33,000,00,0,8,17,A01
201200025178,0,01,000,00,2,1,01,A01
201200025178,0,07,000,00,0,3,15,B01
201200025179,0,33,000,11,0,9,13,A01
201200025180,1,07,000,00,1,0,00,Z01
201200025181,0,01,000,00,4,1,01,A01
201200025181,0,40,000,00,9,7,01,B01
201200025182,0,33,000,00,2,7,16,A01
201200025182,0,07,000,00,2,1,01,B01
201200025183,0,07,000,00,2,5,02,A01
201200025183,0,01,000,00,0,0,02,B01