Num_Acc,senc,catv,occutc,obs,obsm,choc,manv,num_veh
201200026255,0,10,000,00,2,8,10,A01
201200026255,0,07,000,00,2,2,01,B01
201200026256,0,01,000,00,2,1,05,B01
201200026256,0,07,000,00,2,1,01,A01
201200026257,0,33,000,00,0,0,00,A01
201200026258,0,07,000,00,2,6,01,B01
201200026258,0,07,000,14,2,1,01,A01
201200026259,1,07,000,00,2,3,15,A01
201200026259,0,33,000,00,2,1,01,B01
201200026260,0,07,000,00,2,2,01,B01
201200026260,0,07,000,00,2,8,24,C01
201200026260,0,07,000,00,2,2,15,A01
201200026261,0,07,000,00,2,8,15,A01
201200026261,0,33,000,00,2,7,17,B01
201200026262,0,07,000,00,1,2,01,A01
201200026263,2,07,000,15,0,3,16,A01
201200026264,0,01,000,00,0,0,01,A01
201200026265,0,10,000,00,2,2,01,B01
201200026265,0,07,000,00,2,1,15,A01
201200026266,0,30,000,00,2,3,15,A01
201200026266,0,07,000,00,2,2,01,B01
201200026267,0,07,000,00,2,1,20,A01
201200026267,0,32,000,00,2,7,01,B01
201200026268,0,07,000,00,1,1,01,A01
201200026269,0,10,000,00,0,4,23,B01
201200026269,0,07,000,00,2,1,01,A01
201200026270,0,07,000,00,2,8,00,B01
201200026270,0,33,000,00,2,7,00,A01
201200026271,0,33,000,00,0,0,01,A01
201200026272,0,01,000,00,2,4,19,B01
201200026273,0,10,000,00,2,7,01,B01
201200026273,0,07,000,00,2,1,09,A01
201200026274,0,10,000,00,2,3,21,B01
201200026274,0,01,000,00,2,1,05,A01
201200026275,0,34,000,00,2,7,01,B01
201200026275,0,07,000,00,2,1,09,A01
201200026276,0,07,000,00,1,1,01,A01
201200026277,0,07,000,00,2,1,01,B01
201200026277,0,07,000,00,2,2,01,A01
201200026278,0,07,000,00,2,5,12,A01
201200026278,0,33,000,00,2,1,01,B01
201200026279,0,14,000,00,0,0,01,A01
201200026280,0,07,000,00,2,3,01,B01
201200026280,0,07,000,00,2,3,13,A01
201200026281,0,07,000,00,2,2,01,B01
201200026281,0,07,000,00,2,3,11,A01
201200026282,0,07,000,15,0,1,01,A01
201200026283,0,33,000,05,0,8,01,A01
201200026284,0,07,000,07,0,2,01,A01
201200026285,0,07,000,00,2,4,02,D01
201200026285,0,07,000,00,2,4,02,B01
201200026285,0,07,000,00,2,4,02,C01
201200026285,0,10,000,00,2,1,02,A01
201200026286,0,30,000,00,0,0,00,A01
201200026287,0,07,000,00,1,1,01,A01
201200026288,0,40,000,00,2,1,01,B01
201200026288,0,07,000,00,4,1,02,A01
201200026289,0,02,000,00,2,8,13,A01
201200026289,0,07,000,00,2,7,01,B01
201200026290,0,07,000,00,2,3,01,B01
201200026290,0,10,000,00,2,1,15,A01
201200026291,0,07,000,00,2,3,13,A01
201200026291,0,01,000,00,2,1,00,C01
201200026291,0,07,000,01,2,3,00,B01
201200026292,0,07,000,00,0,1,01,A01
201200026293,0,07,000,00,2,1,02,B01
201200026293,0,07,000,00,2,1,13,A01
201200026294,0,10,000,00,2,3,01,C01
201200026294,0,07,000,00,2,2,15,A01
201200026294,0,07,000,00,2,6,01,B01
201200026295,0,30,000,00,2,8,01,A01
201200026295,0,07,000,00,2,2,16,B01
201200026296,0,07,000,00,2,1,00,A01
201200026296,0,34,000,00,2,6,01,B01
201200026297,0,07,000,00,1,2,01,A01
201200026298,0,07,000,00,0,4,15,B01
201200026298,0,07,000,00,2,1,15,A01
201200026299,0,07,000,00,2,3,01,B01
201200026299,0,01,000,00,2,7,19,A01
201200026300,0,17,000,07,0,5,15,A01
201200026300,0,01,000,07,0,8,01,B01
201200026301,0,07,000,00,2,1,01,B01
201200026301,0,02,000,00,2,1,13,A01
201200026302,0,07,000,00,1,5,01,A01
201200026303,0,07,000,00,2,1,01,B01
201200026303,0,33,000,00,2,7,13,A01
201200026304,0,07,000,12,0,2,14,A01
201200026305,0,07,000,00,2,1,01,B01
201200026305,0,07,000,00,0,6,10,A01
201200026306,0,01,000,00,0,9,00,A01
201200026307,0,30,000,00,2,3,01,B01
201200026307,1,03,000,00,2,0,00,A01
201200026308,0,07,000,00,2,1,16,A01
201200026308,0,07,000,00,2,4,23,B01
201200026309,0,07,000,00,1,1,15,A01
201200026310,0,07,000,00,2,8,15,A01
201200026310,0,33,000,00,2,1,17,B01
201200026311,0,33,000,12,2,8,01,A01
201200026311,0,07,000,00,2,0,15,B01
201200026312,0,31,000,00,2,3,01,B01
201200026312,0,07,000,00,2,1,15,A01
201200026313,0,10,000,08,2,1,01,A01
201200026313,0,07,000,00,2,8,01,B01
201200026314,0,07,000,00,2,1,01,A01
201200026314,2,07,000,00,2,1,17,Z01
201200026315,0,07,000,00,2,3,01,B01
201200026315,0,30,000,00,2,1,13,A01
201200026316,1,07,000,00,2,0,10,Z01
201200026316,0,02,000,00,2,1,01,B01
201200026317,0,07,000,00,2,1,01,A01
201200026317,0,07,000,00,2,2,01,B01
201200026318,0,31,000,15,0,1,01,A01
201200026319,0,02,000,00,0,0,00,A01
201200026320,0,07,000,00,2,1,01,A01
201200026320,0,01,000,00,2,3,01,B01
201200026321,0,07,000,00,1,3,01,B01
201200026321,0,07,000,00,1,2,01,A01
201200026322,0,07,000,00,2,1,01,B01
201200026322,0,07,000,00,2,7,15,A01
201200026323,0,07,000,00,2,1,02,A01
201200026323,0,07,000,00,2,4,23,B01
201200026324,0,07,000,00,2,2,15,A01
201200026324,0,33,000,00,2,8,01,B01
201200026325,0,07,000,00,2,1,01,A01
201200026325,0,07,000,00,2,4,02,B01
201200026326,0,32,000,00,1,1,01,B01
201200026327,0,07,000,00,9,1,01,B01
201200026327,0,01,000,00,2,7,19,A01
201200026328,0,07,000,00,2,1,02,A01
201200026328,0,07,000,00,2,4,01,B01
201200026329,0,07,000,00,1,1,01,A01
201200026330,0,07,000,00,0,4,01,B01
201200026330,1,07,000,00,2,1,01,Z01
201200026331,0,07,000,00,1,7,01,B01
201200026332,0,07,000,13,2,5,17,A01
201200026332,0,07,000,00,2,3,01,B01
201200026333,0,07,000,00,2,6,15,A01
201200026333,0,32,000,00,2,7,17,B01
201200026334,0,07,000,00,0,9,13,A01
201200026335,0,02,000,00,2,1,01,A01
201200026335,0,07,000,00,2,2,01,B01
201200026336,0,07,000,00,2,3,15,A01
201200026336,0,32,000,00,2,3,01,B01
201200026337,0,32,000,00,1,2,01,A01
201200026338,0,33,000,00,2,1,01,B01
201200026338,0,07,000,00,2,1,15,A01
201200026339,0,07,000,00,2,4,23,B01
201200026339,0,07,000,00,2,1,02,A01
201200026340,0,07,000,12,0,1,01,A01
201200026341,0,07,000,12,0,2,14,A01
201200026342,0,01,000,00,2,7,19,A01
201200026342,0,07,000,00,2,1,01,B01
201200026343,0,07,000,00,2,8,15,A01
201200026343,0,02,000,00,2,1,01,B01
201200026344,0,33,000,00,2,1,02,A01
201200026344,0,07,000,00,2,4,02,B01
201200026345,0,07,000,00,1,3,01,A01
201200026346,0,31,000,00,2,1,01,B01
201200026346,0,07,000,00,2,0,15,A01
201200026347,0,30,000,04,0,1,01,A01
201200026348,0,07,000,00,2,3,09,A01
201200026348,0,01,000,00,2,1,02,B01
201200026349,0,07,000,00,2,2,01,B01
201200026349,0,33,000,00,2,1,09,A01
201200026350,1,07,000,00,0,0,13,X01
201200026350,0,07,000,08,0,1,21,B01
201200026351,0,07,000,00,2,2,01,A01
201200026351,0,07,000,00,2,1,01,B01
201200026352,0,07,000,00,2,1,02,A01
201200026352,0,07,000,00,0,4,02,B01
201200026353,0,07,000,00,0,4,04,A01
201200026354,0,07,000,00,2,1,17,A01
201200026354,0,07,000,00,2,2,01,B01
201200026355,0,07,000,00,2,3,01,B01
201200026355,0,07,000,00,2,3,05,A01
201200026356,0,07,000,00,2,1,13,A01
201200026356,0,07,000,00,2,1,01,B01
201200026357,0,33,000,00,2,2,02,B01
201200026357,0,07,000,00,2,2,15,A01
201200026358,0,31,000,00,0,0,01,A01
201200026359,0,07,000,00,2,2,01,B01
201200026359,0,07,000,00,2,1,15,A01
201200026360,0,31,000,00,0,0,00,A01
201200026361,0,07,000,00,2,1,15,A01
201200026361,0,07,000,00,2,1,01,B01
201200026362,0,07,000,00,2,1,02,A01
201200026362,0,07,000,00,2,4,02,B01
201200026363,0,30,000,00,1,1,01,A01
201200026364,0,07,000,00,2,1,01,B01
201200026364,0,07,000,00,2,3,16,A01
201200026365,0,07,000,00,2,1,01,B01
201200026365,0,07,000,00,2,1,15,A01
201200026366,0,07,000,00,0,4,01,B01
201200026366,0,07,000,00,0,0,03,C01
201200026366,0,07,000,00,2,1,02,A01
201200026367,0,33,000,00,2,1,01,B01
201200026367,0,07,000,00,2,7,10,A01
201200026368,0,07,000,00,2,3,15,A01
201200026368,0,33,000,00,2,2,01,B01
201200026369,0,31,000,00,2,7,01,B01
201200026369,1,10,000,00,0,0,00,Z01
201200026370,0,07,000,00,2,3,11,A01
201200026370,0,33,000,00,2,2,01,B01
201200026371,0,07,000,00,1,2,01,A01
201200026372,0,33,000,00,0,7,01,A01
201200026373,0,01,000,00,2,7,19,A01
201200026373,0,33,000,00,2,1,01,B01
201200026374,0,07,000,00,2,3,01,B01
201200026374,0,30,000,00,2,1,01,A01
201200026375,0,07,000,00,2,3,13,A01
201200026375,0,32,000,00,2,8,01,B01
201200026376,0,30,000,00,0,0,16,A01
201200026377,0,07,000,12,0,2,01,A01
201200026378,0,07,000,02,0,1,01,A01
201200026379,0,31,000,00,0,0,01,A01
201200026380,0,07,000,00,2,8,01,B01
201200026380,0,34,000,00,2,2,17,A01
201200026381,0,07,000,00,2,2,15,A01
201200026381,0,33,000,00,2,1,01,B01
201200026382,0,07,000,00,0,9,01,A01
201200026383,0,07,000,06,2,5,15,A01
201200026383,0,07,000,00,2,1,02,B01
201200026384,0,31,000,00,2,2,01,B01
201200026384,0,07,000,00,2,3,16,A01
201200026385,0,33,000,00,2,1,01,B01
201200026385,0,07,000,00,2,7,15,A01
201200026386,0,07,000,12,0,3,00,A01
201200026387,0,10,000,00,2,8,01,B01
201200026387,0,33,000,00,2,8,13,A01
201200026388,0,33,000,00,2,1,01,B01
201200026388,0,07,000,00,2,1,15,A01
201200026389,0,07,000,00,0,0,11,A01
201200026389,0,32,000,00,0,0,01,B01
201200026390,0,07,000,00,2,2,15,A01
201200026390,0,34,000,00,2,1,01,B01
201200026391,0,33,000,00,2,7,01,B01
201200026391,0,07,000,00,2,8,15,A01
201200026392,0,02,000,00,2,1,01,B01
201200026392,0,07,000,00,2,3,13,A01
201200026393,0,33,000,00,2,6,02,B01
201200026393,0,07,000,00,2,6,09,A01
201200026394,0,07,000,00,2,1,02,A01
201200026394,0,07,000,00,0,4,02,B01
201200026395,0,07,000,00,1,2,16,A01
201200026396,0,07,000,00,2,4,23,B01
201200026396,0,07,000,00,2,4,23,C01
201200026396,0,07,000,00,2,1,01,A01
201200026397,0,07,000,00,2,1,01,B01
201200026397,0,10,000,00,2,3,01,A01
201200026398,0,07,000,02,0,1,21,B01
201200026398,1,07,000,00,0,0,15,A01
201200026399,0,07,000,09,0,1,00,A01
201200026400,1,07,000,00,2,1,00,A01
201200026400,0,01,000,00,2,4,01,B01
201200026401,0,07,000,00,2,2,15,B01
201200026401,0,32,000,00,2,1,01,A01
201200026402,0,07,000,00,2,1,15,B01
201200026402,0,07,000,00,2,2,05,A01
201200026403,0,07,000,00,1,1,01,A01
201200026404,0,07,000,00,2,1,01,A01
201200026404,0,01,000,00,2,7,19,B01
201200026405,0,07,000,00,2,1,01,B01
201200026405,0,07,000,00,2,1,13,A01
201200026406,0,07,000,00,1,1,01,A01
201200026407,0,33,000,01,0,1,18,A01
201200026407,0,07,000,00,2,7,22,B01
201200026408,0,33,000,00,2,1,02,A01
201200026408,0,07,000,00,0,4,23,B01
201200026409,0,01,000,00,0,0,15,B01
201200026409,0,07,000,00,0,0,15,A01
201200026410,0,33,000,00,0,1,01,B01
201200026410,0,07,000,00,0,3,11,A01
201200026411,0,07,000,00,2,1,02,A01
201200026411,0,07,000,00,2,4,02,B01
201200026412,0,01,000,00,2,1,01,B01
201200026412,0,07,000,00,2,5,15,A01
201200026413,0,07,000,12,0,1,01,A01
201200026414,2,07,000,00,1,3,01,Z01
201200026415,0,07,000,00,2,1,01,B01
201200026415,0,33,000,00,2,1,05,A01
201200026416,0,32,000,00,2,1,01,B01
201200026416,0,07,000,00,2,7,16,A01
201200026417,0,07,000,00,2,4,04,A01
201200026417,0,34,000,00,2,1,02,B01
201200026418,0,32,000,00,2,8,11,A01
201200026418,0,07,000,00,2,2,02,B01
201200026419,0,01,000,00,2,8,01,A01
201200026419,0,10,000,00,2,1,01,B01
201200026420,0,07,000,00,2,6,01,B01
201200026420,0,07,000,00,2,8,01,C01
201200026420,0,31,000,00,2,1,13,A01
201200026421,0,02,000,00,0,8,13,A01
201200026421,0,07,000,00,0,0,01,B01
201200026422,0,07,000,00,2,2,01,A01
201200026422,0,02,000,00,2,1,01,B01
201200026423,0,07,000,00,2,1,13,A01
201200026423,0,07,000,00,2,1,01,B01
201200026424,0,07,000,00,2,1,01,A01
201200026424,0,07,000,00,2,7,15,B01
201200026425,0,07,000,00,2,3,01,B01
201200026425,0,10,000,00,2,1,16,A01
201200026426,0,07,000,00,1,2,01,A01
201200026427,0,07,000,00,1,4,04,A01
201200026428,0,02,000,01,2,1,05,A01
201200026428,0,07,000,00,2,2,01,B01
201200026429,0,33,000,00,2,4,02,B01
201200026429,0,33,000,00,2,1,01,A01
201200026430,0,07,000,00,2,3,13,A01
201200026430,0,07,000,00,2,3,01,B01
201200026431,0,02,000,00,2,1,01,A01
201200026431,0,07,000,00,2,7,15,B01
201200026432,0,07,000,00,2,3,01,A01
201200026432,0,32,000,00,2,1,01,B01
201200026433,0,33,000,00,2,1,14,A01
201200026434,0,02,000,00,2,1,01,B01
201200026434,0,07,000,00,2,8,09,A01
201200026435,0,07,000,00,1,3,01,A01
201200026436,0,07,000,00,2,3,13,A01
201200026436,0,07,000,00,2,3,01,B01
201200026437,0,31,000,00,0,7,14,A01
201200026438,0,02,000,00,2,1,01,B01
201200026438,0,07,000,00,2,5,15,A01
201200026439,0,07,000,00,2,1,17,A01
201200026439,0,10,000,00,2,3,02,B01
201200026439,0,07,000,00,2,1,01,C01
201200026440,0,07,000,00,2,1,01,B01
201200026440,0,10,000,00,2,1,01,C01
201200026440,0,07,000,00,2,1,15,A01
201200026441,0,07,000,00,2,1,01,A01
201200026441,0,02,000,00,2,8,01,B01
201200026442,0,10,000,00,2,4,02,B01
201200026442,0,10,000,00,2,1,01,A01
201200026443,0,07,000,00,1,1,01,A01
201200026444,0,01,000,00,2,1,05,B01
201200026444,0,07,000,00,2,1,01,A01
201200026445,0,03,000,00,1,1,01,A01
201200026446,0,01,000,00,0,1,19,B01
201200026446,0,07,000,00,2,8,01,A01
201200026447,0,07,000,03,2,3,13,A01
201200026447,0,10,000,00,2,1,01,B01
201200026448,0,07,000,00,1,1,01,A01
201200026449,0,07,000,00,2,1,13,A01
201200026449,0,10,000,00,2,1,01,B01
201200026450,0,15,000,00,2,8,01,A01
201200026450,0,07,000,00,2,8,01,B01
201200026451,0,33,000,01,0,1,13,A01
201200026452,0,31,000,00,2,8,01,B01
201200026452,0,07,000,00,2,1,01,A01
201200026453,0,07,000,09,2,1,13,A01
201200026453,0,07,000,00,2,3,01,B01
201200026454,0,02,000,00,1,1,06,A01
201200026455,0,07,000,00,2,7,15,A01
201200026455,0,07,000,00,2,1,01,C01
201200026455,0,07,000,00,2,1,01,B01
201200026456,0,31,000,09,0,1,14,A01
201200026457,0,07,000,00,2,1,15,A01
201200026457,0,33,000,01,2,1,01,B01
201200026458,0,07,000,00,1,2,01,A01
201200026459,0,07,000,00,2,7,16,A01
201200026459,0,07,000,00,2,3,01,B01
201200026460,0,07,000,00,2,1,13,A01
201200026460,0,07,000,00,2,1,01,B01
201200026461,0,07,000,00,2,1,13,A01
201200026461,0,01,000,00,2,1,01,B01
201200026462,0,07,000,00,2,1,01,B01
201200026462,0,31,000,00,2,7,01,A01
201200026463,0,02,000,00,1,1,01,A01
201200026464,0,07,000,00,0,1,14,A01
201200026465,0,07,000,00,2,1,01,B01
201200026465,0,01,000,00,2,6,01,A01
201200026466,0,02,000,00,0,7,01,A01
201200026467,0,07,000,00,1,1,01,A01
201200026468,0,02,000,00,2,1,01,B01
201200026468,0,07,000,00,2,2,15,A01
201200026469,0,10,000,00,1,1,01,A01
201200026470,0,07,000,00,1,1,01,A01
201200026471,0,07,000,01,0,3,13,A01
201200026472,0,02,000,00,2,1,02,A01
201200026472,0,07,000,00,0,8,02,B01
201200026473,0,33,000,00,0,8,21,B01
201200026473,0,07,000,00,0,0,09,A01
201200026474,0,07,000,00,1,1,01,A01
201200026475,0,07,000,08,0,1,06,A01
201200026476,0,01,000,00,2,3,02,B01
201200026476,0,21,000,00,9,2,02,A01
201200026477,0,07,000,00,1,2,01,A01
201200026478,0,02,000,00,2,0,19,A01
201200026478,0,07,000,00,2,2,01,B01
201200026479,0,07,000,00,2,1,01,B01
201200026479,0,07,000,00,2,8,01,A01
201200026480,0,07,000,00,0,4,02,B01
201200026480,0,33,000,00,2,1,02,A01
201200026481,0,01,000,00,2,7,16,B01
201200026481,0,07,000,00,9,1,09,A01
201200026482,1,07,000,00,1,0,00,A01
201200026483,0,07,000,00,2,1,02,A01
201200026483,0,07,000,00,,4,02,B01
201200026484,0,07,000,05,0,1,01,A01
201200026484,0,07,000,08,0,1,01,B01
201200026485,0,07,000,00,1,7,00,A01
201200026486,0,31,000,00,2,8,09,A01
201200026486,0,07,000,00,2,1,01,B01
201200026487,0,07,000,00,1,0,01,A01
201200026488,0,30,000,00,2,3,01,A01
201200026488,0,07,000,00,2,3,02,B01
201200026489,0,07,000,00,2,3,00,B01
201200026489,0,10,000,00,2,1,01,A01
201200026490,0,30,000,00,1,1,00,A01
201200026491,0,07,000,00,2,2,09,A01
201200026491,0,30,000,00,2,7,15,B01
201200026492,1,99,000,00,0,0,00,A01
201200026493,0,02,000,00,2,7,01,B01
201200026493,0,07,000,00,2,3,01,A01
201200026494,0,07,000,00,9,2,17,A01
201200026494,0,01,000,00,0,7,15,B01
201200026495,0,31,000,00,1,7,01,A01
201200026496,0,07,000,00,2,8,09,A01
201200026496,0,30,000,00,2,1,01,B01
201200026497,0,07,000,00,2,7,01,B01
201200026497,0,07,000,00,2,3,09,A01
201200026498,0,07,000,11,0,1,01,A01
201200026499,0,02,000,00,2,1,01,A01
201200026499,0,07,000,00,0,6,01,B01
201200026500,0,01,000,08,1,1,01,A01
201200026501,0,07,000,01,0,2,01,A01
201200026502,0,31,000,05,0,0,01,A01
201200026503,0,07,000,00,1,3,01,A01
201200026504,0,07,000,00,2,8,11,B01
201200026504,0,33,000,00,2,7,01,A01
201200026505,0,07,000,00,2,4,02,B01
201200026505,0,07,000,00,2,1,01,A01
201200026506,0,30,000,00,2,1,01,B01
201200026506,0,07,000,00,2,2,16,A01
201200026507,0,07,000,00,2,8,13,A01
201200026507,0,07,000,00,2,2,01,B01
201200026508,0,07,000,00,2,1,01,A01
201200026508,0,07,000,00,2,4,02,B01
201200026509,0,07,000,00,0,9,01,A01
201200026510,0,01,000,00,2,1,01,B01
201200026510,0,07,000,00,2,7,15,A01
201200026511,0,10,000,00,2,3,01,A01
201200026511,0,01,000,00,2,1,01,B01
201200026512,0,07,000,00,1,1,01,A01
201200026513,0,07,000,00,2,6,01,A01
201200026513,0,07,000,00,2,1,02,B01
201200026513,0,07,000,00,2,1,02,C01
201200026514,0,02,000,00,0,0,23,A01
201200026515,0,07,000,00,2,2,12,A01
201200026515,0,07,000,00,2,8,01,B01
201200026516,1,30,000,00,2,7,14,Z01
201200026516,0,01,000,00,2,8,01,B01
201200026517,0,01,000,00,1,1,01,A01
201200026518,0,03,000,00,2,7,01,B01
201200026518,0,30,000,00,2,8,13,A01
201200026519,0,30,000,00,2,1,19,A01
201200026519,0,07,000,00,2,3,01,B01
201200026520,0,07,000,00,1,1,01,A01
201200026521,0,07,000,00,2,1,01,A01
201200026521,0,07,000,00,2,4,02,B01
201200026522,0,30,000,00,0,0,01,A01
201200026523,0,07,000,00,1,1,15,A01
201200026524,0,07,000,00,2,1,01,A01
201200026524,0,07,000,00,2,7,20,B01
201200026525,0,07,000,00,2,3,09,A01
201200026525,0,33,000,00,2,1,01,B01
201200026526,0,07,000,00,2,2,15,A01
201200026526,0,33,000,00,2,1,01,B01
201200026527,0,07,000,00,1,1,01,A01
201200026528,0,30,000,00,2,1,01,B01
201200026528,0,10,000,00,2,1,01,A01
201200026529,0,07,000,00,2,5,15,A01
201200026529,0,07,000,00,2,1,01,B01
201200026530,0,07,000,13,0,1,01,A01
201200026531,0,07,000,00,2,1,01,A01
201200026531,0,07,000,00,2,8,01,B01
201200026532,0,07,000,00,2,1,01,A01
201200026532,0,07,000,00,2,4,02,B01
201200026533,0,07,000,00,1,1,01,A01
201200026534,0,07,000,00,1,1,01,A01
201200026535,0,30,000,11,2,1,01,A01
201200026536,0,07,000,00,2,1,09,A01
201200026536,0,01,000,00,2,1,01,B01
201200026537,0,30,000,00,2,1,01,A01
201200026537,0,07,000,00,2,4,23,B01
201200026538,0,07,000,00,1,1,01,A01
201200026539,0,07,000,00,2,3,01,B01
201200026539,0,07,000,00,2,1,15,A01
201200026540,0,10,000,00,2,0,09,A01
201200026540,0,02,000,00,2,7,01,B01
201200026541,0,33,000,00,0,0,01,A01
201200026542,0,10,000,00,2,1,01,A01
201200026542,0,07,000,00,2,4,01,B01
201200026543,0,14,000,00,2,1,16,A01
201200026543,0,07,000,00,2,4,16,B01
201200026544,0,07,000,00,2,6,01,C01
201200026544,0,14,000,00,2,2,09,A01
201200026544,0,07,000,00,2,9,01,B01
201200026545,0,14,000,00,2,1,17,B01
201200026545,0,07,000,00,2,3,01,A01
201200026546,0,33,000,00,2,0,01,B01
201200026546,0,07,000,00,2,2,09,A01
201200026547,0,30,000,00,0,0,01,A01
201200026548,0,07,000,00,2,7,15,A01
201200026548,0,30,000,00,2,1,01,B01
201200026549,0,07,000,11,0,1,01,A01
201200026550,0,07,000,00,2,4,02,C01
201200026550,0,07,000,00,2,4,02,B01
201200026550,0,07,000,00,2,2,01,A01
201200026551,0,07,000,00,2,7,12,A01
201200026551,0,37,002,00,2,3,01,B01
201200026552,0,33,000,11,0,1,01,A01
201200026553,0,07,000,00,2,1,09,A01
201200026553,0,30,000,00,2,1,01,B01
201200026554,0,07,000,00,2,4,02,B01
201200026554,0,07,000,00,2,4,02,C01
201200026554,0,07,000,00,2,1,01,A01
201200026555,0,10,000,00,2,1,15,A01
201200026556,0,07,000,15,0,1,01,A01
201200026557,0,07,000,00,2,1,01,A01
201200026557,0,07,000,00,2,1,01,B01
201200026558,0,07,000,00,2,1,09,A01
201200026559,0,07,000,00,2,8,01,B01
201200026559,0,14,000,00,2,7,12,A01
201200026560,0,30,000,00,0,0,01,A01
201200026561,0,07,000,00,2,4,23,B01
201200026561,0,15,000,00,2,1,01,A01
201200026561,0,07,000,00,2,4,23,C01
201200026562,0,07,000,03,2,1,01,A01
201200026562,0,15,000,00,2,6,02,B01
201200026563,0,07,000,00,1,1,01,A01
201200026564,0,07,000,08,0,1,01,A01
201200026565,0,07,000,00,2,4,02,B01
201200026565,0,13,000,00,2,3,01,A01
201200026566,0,31,000,00,1,1,01,A01
201200026567,0,07,000,00,2,1,15,A01
201200026567,0,31,000,00,2,8,01,B01
201200026568,1,07,000,00,2,0,15,A01
201200026568,0,30,000,00,2,1,01,B01
201200026569,0,34,000,00,2,1,01,A01
201200026569,0,07,000,00,0,4,02,B01
201200026570,0,07,000,00,2,4,23,B01
201200026570,0,07,000,00,2,1,01,A01
201200026571,0,37,035,00,1,1,01,A01
201200026572,0,01,000,12,0,1,01,A01
201200026573,0,07,000,00,2,1,01,A01
201200026573,0,07,000,00,2,4,02,B01
201200026574,0,02,000,00,2,1,17,A01
201200026574,0,07,000,00,2,8,15,B01
201200026575,0,07,000,00,1,1,01,A01
201200026576,0,07,000,00,2,2,09,A01
201200026576,0,01,000,00,2,1,01,B01
201200026577,0,07,000,00,2,4,02,A01
201200026577,0,10,000,00,2,1,01,B01
201200026578,0,30,000,00,0,1,01,A01
201200026579,0,31,000,12,0,7,14,A01
201200026580,0,31,000,00,0,1,01,A01
201200026581,0,07,000,00,2,8,22,A01
201200026581,0,01,000,00,2,1,01,B01
201200026582,0,07,000,00,2,2,14,A01
201200026582,0,01,000,00,2,1,01,B01
201200026583,0,07,000,00,2,2,01,B01
201200026583,0,33,000,00,2,0,18,A01
201200026584,0,07,000,02,0,1,01,A01
201200026585,0,07,000,00,2,1,15,A01
201200026585,0,33,000,00,2,1,00,B01
201200026586,0,07,000,00,2,2,15,A01
201200026586,0,01,000,00,2,1,01,B01
201200026587,0,07,000,00,2,7,01,B01
201200026587,0,07,000,00,2,3,15,A01
201200026588,0,07,000,00,2,2,15,A01
201200026588,0,33,000,00,2,1,01,B01
201200026589,0,30,000,00,2,8,01,A01
201200026590,0,07,000,00,2,4,02,B01
201200026590,0,07,000,00,2,1,01,A01
201200026591,0,01,000,00,2,1,05,A01
201200026591,0,07,000,00,2,2,16,B01
201200026592,0,07,000,04,0,0,01,A01
201200026593,0,01,000,00,0,0,01,A01
201200026594,0,01,000,00,2,0,01,B01
201200026594,1,07,000,00,2,7,01,A01
201200026595,0,33,000,00,2,1,01,B01
201200026595,0,07,000,00,2,6,09,A01
201200026596,0,07,000,03,2,1,01,A01
201200026596,0,07,000,00,2,4,02,B01
201200026597,0,07,000,00,2,2,15,A01
201200026597,0,01,000,00,2,1,01,B01
201200026598,0,33,000,00,2,1,01,B01
201200026598,0,07,000,00,2,3,09,A01
201200026599,0,07,000,09,0,1,01,A01
201200026600,0,31,000,11,0,1,01,A01
201200026601,0,07,000,00,1,0,20,A01
201200026602,0,33,000,00,2,1,01,B01
201200026602,0,07,000,00,2,1,15,A01
201200026603,0,01,000,00,2,7,19,B01
201200026603,0,07,000,00,2,1,01,A01
201200026604,0,07,000,00,1,1,01,A01
201200026605,0,07,000,00,2,7,01,A01
201200026605,0,01,000,00,2,1,02,B01
201200026606,0,01,000,00,0,0,01,A01
201200026607,0,07,000,09,0,4,04,A01
201200026608,0,07,000,00,2,4,02,B01
201200026608,0,07,000,00,2,1,01,A01
201200026609,0,07,000,00,2,0,09,A01
201200026609,0,07,000,00,2,0,01,C01
201200026609,0,07,000,00,2,0,01,B01
201200026610,1,07,000,00,1,1,01,A01
201200026611,0,07,000,09,0,2,15,A01
201200026612,0,15,000,00,2,3,01,B01
201200026612,0,07,000,00,2,7,12,A01
201200026613,0,07,000,00,2,6,11,A01
201200026613,0,33,000,00,2,1,01,B01
201200026614,0,02,000,12,0,1,01,A01
201200026615,0,07,000,00,2,4,04,A01
201200026615,0,01,000,00,2,1,01,B01
201200026616,0,07,000,00,2,4,02,B01
201200026616,0,17,000,00,2,2,02,A01
201200026617,0,33,000,00,2,7,11,A01
201200026617,0,07,000,00,2,5,01,B01
201200026618,0,07,000,09,2,1,01,B01
201200026618,0,01,000,00,2,1,15,A01
201200026619,0,07,000,00,2,1,01,A01
201200026619,0,10,000,00,2,4,02,C01
201200026619,0,07,000,00,2,1,02,B01
201200026620,0,07,000,00,2,3,01,A01
201200026620,0,07,000,00,2,2,01,B01
201200026621,0,37,003,00,2,3,15,B01
201200026621,0,07,000,00,2,3,16,A01
201200026622,0,33,000,00,2,7,17,A01
201200026622,0,07,000,00,2,3,15,B01
201200026623,0,07,000,00,2,1,15,A01
201200026623,0,33,000,00,2,1,01,B01
201200026624,0,07,000,00,1,6,04,A01
201200026625,0,07,000,00,2,1,15,A01
201200026625,0,01,000,00,2,1,01,B01