Num_Acc,senc,catv,occutc,obs,obsm,choc,manv,num_veh
201200029668,0,07,000,00,2,4,01,B01
201200029668,0,07,000,00,2,4,01,C01
201200029668,0,07,000,00,2,4,01,D01
201200029669,0,02,000,12,0,1,01,A01
201200029670,0,01,000,02,0,1,01,A01
201200029671,0,07,000,00,2,2,01,A01
201200029671,0,07,000,00,2,1,01,B01
201200029672,0,02,000,00,0,0,00,A01
201200029673,0,02,000,12,0,1,00,A01
201200029674,0,07,000,00,2,3,09,A01
201200029674,0,14,000,00,2,7,01,B01
201200029675,0,07,000,00,1,1,01,A01
201200029676,0,02,000,00,2,1,01,B01
201200029676,0,07,000,00,2,5,01,A01
201200029677,0,07,000,00,2,1,15,A01
201200029677,0,01,000,00,2,1,15,B01
201200029678,0,07,000,00,2,3,11,A01
201200029678,0,07,000,00,2,3,01,B01
201200029679,0,07,000,00,2,1,01,A01
201200029679,0,07,000,00,2,8,01,B01
201200029680,0,02,000,00,2,3,07,A01
201200029680,0,07,000,00,2,5,20,B01
201200029681,0,07,000,04,0,4,01,A01
201200029682,0,07,000,01,0,2,00,A01
201200029683,0,02,000,00,2,1,01,A01
201200029683,0,07,000,00,2,4,01,B01
201200029684,0,07,000,00,2,1,01,A01
201200029684,0,07,000,00,2,4,02,B01
201200029684,0,07,000,00,2,4,02,C01
201200029685,0,07,000,00,2,8,09,A01
201200029685,0,33,000,00,2,1,01,B01
201200029686,0,07,000,00,2,1,01,A01
201200029686,0,07,000,00,2,4,01,B01
201200029687,0,02,000,00,0,7,01,A01
201200029688,0,31,000,00,2,2,17,A01
201200029688,0,07,000,00,2,3,15,B01
201200029689,0,07,000,00,2,1,01,A01
201200029689,0,07,000,00,2,1,01,B01
201200029690,0,01,000,00,2,1,01,A01
201200029690,0,07,000,00,2,8,01,B01
201200029691,0,07,000,00,2,1,01,B01
201200029691,0,07,000,00,2,2,19,A01
201200029691,0,07,000,00,0,6,01,C01
201200029692,0,02,000,12,0,1,14,A01
201200029693,0,07,000,00,2,1,09,A01
201200029693,0,02,000,00,0,7,00,B01
201200029694,0,02,000,00,2,1,01,A01
201200029694,0,07,000,00,2,4,01,B01
201200029695,0,02,000,00,2,1,01,A01
201200029695,0,07,000,00,2,4,02,B01
201200029696,0,02,000,00,2,1,00,A01
201200029696,0,07,000,00,2,1,01,B01
201200029697,0,02,000,12,0,8,01,A01
201200029698,0,07,000,00,2,3,15,A01
201200029698,0,07,000,00,2,1,01,B01
201200029699,0,01,000,14,0,1,01,A01
201200029700,0,07,000,00,2,1,02,A01
201200029700,0,07,000,00,2,1,02,B01
201200029700,0,07,000,00,2,1,02,C01
201200029700,0,07,000,00,2,1,02,D01
201200029701,0,07,000,00,2,1,01,A01
201200029701,0,07,000,00,2,4,01,B01
201200029701,0,07,000,00,2,4,01,C01
201200029702,0,07,000,00,2,1,09,A01
201200029702,0,01,000,00,0,2,00,B01
201200029703,0,07,000,00,2,1,02,A01
201200029703,0,07,000,00,2,4,02,B01
201200029704,0,07,000,00,2,1,01,A01
201200029704,0,01,000,00,2,5,02,B01
201200029705,0,31,000,05,0,1,01,A01
201200029706,0,17,000,00,2,4,04,A01
201200029706,0,07,000,00,2,2,01,B01
201200029707,0,01,000,14,0,0,14,A01
201200029708,0,01,000,00,0,1,00,A01
201200029709,0,07,000,00,2,3,15,A01
201200029709,0,02,000,00,2,1,01,B01
201200029710,0,14,000,00,2,1,01,A01
201200029710,0,07,000,00,2,4,23,B01
201200029710,0,07,000,00,2,4,23,C01
201200029711,0,33,000,01,0,1,01,A01
201200029711,0,07,000,00,2,4,01,B01
201200029712,0,02,000,01,0,3,01,A01
201200029713,0,07,000,00,0,1,01,A01
201200029714,0,07,000,13,0,9,01,A01
201200029715,0,07,000,00,0,2,00,A01
201200029716,0,07,000,04,0,3,01,A01
201200029717,0,07,000,00,1,3,00,A01
201200029718,0,07,000,06,0,2,01,A01
201200029719,0,07,000,06,0,1,01,A01
201200029720,0,30,000,12,0,1,00,A01
201200029721,0,01,000,00,0,0,01,A01
201200029722,0,07,000,00,2,3,01,B01
201200029722,0,02,000,00,2,1,01,A01
201200029723,0,07,000,00,2,1,01,A01
201200029723,0,07,000,00,2,4,01,B01
201200029723,0,07,000,00,2,4,01,C01
201200029724,0,07,000,00,2,2,15,A01
201200029724,0,02,000,00,2,1,01,B01
201200029725,0,01,000,00,0,0,01,A01
201200029726,0,07,000,00,2,2,10,A01
201200029726,0,07,000,00,2,6,02,B01
201200029727,0,07,000,00,2,1,16,A01
201200029727,0,01,000,00,2,1,00,B01
201200029728,0,02,000,00,0,0,01,A01
201200029729,0,07,000,06,0,2,01,A01
201200029730,0,07,000,00,2,3,15,A01
201200029730,0,30,000,00,2,3,01,B01
201200029731,0,07,000,00,2,1,02,A01
201200029731,0,07,000,00,2,4,02,B01
201200029731,0,10,000,00,2,4,02,C01
201200029732,0,07,000,00,2,1,01,B01
201200029732,0,07,000,00,2,3,11,A01
201200029733,0,07,000,00,2,7,15,A01
201200029733,0,02,000,00,2,1,01,B01
201200029734,0,07,000,00,2,1,15,A01
201200029734,0,07,000,00,2,8,01,B01
201200029735,0,07,000,00,2,2,12,A01
201200029735,0,01,000,00,2,3,01,B01
201200029736,0,02,000,00,2,1,01,A01
201200029736,0,07,000,00,2,4,15,B01
201200029737,0,07,000,00,2,4,01,A01
201200029737,0,07,000,00,2,1,02,B01
201200029737,0,07,000,00,2,4,02,C01
201200029737,0,07,000,00,2,4,02,D01
201200029737,0,07,000,00,2,1,02,E01
201200029738,0,07,000,04,0,1,09,A01
201200029738,0,07,000,00,2,1,01,B01
201200029739,0,07,000,00,2,1,01,A01
201200029739,0,10,000,00,2,8,01,B01
201200029740,0,07,000,00,2,2,01,A01
201200029740,0,01,000,14,0,1,01,B01
201200029741,0,07,000,13,0,3,01,A01
201200029742,0,07,000,13,0,8,01,A01
201200029743,0,07,000,09,0,5,00,A01
201200029744,0,07,000,01,0,3,02,A01
201200029744,0,01,000,01,0,1,02,B01
201200029745,0,10,000,00,2,1,01,A01
201200029745,0,07,000,01,2,3,01,B01
201200029746,1,07,000,00,2,1,01,A01
201200029746,0,01,000,00,2,4,01,B01
201200029747,0,07,000,00,2,3,20,A01
201200029747,0,32,000,00,2,1,21,B01
201200029748,0,07,000,04,0,3,01,A01
201200029749,0,07,000,00,2,8,01,A01
201200029749,0,07,000,00,2,1,01,B01
201200029750,0,02,000,00,2,1,01,A01
201200029750,0,07,000,00,2,2,01,B01
201200029751,0,02,000,12,0,2,01,A01
201200029752,0,07,000,00,1,1,01,A01
201200029753,0,07,000,00,1,1,01,A01
201200029754,0,07,000,00,2,1,01,A01
201200029754,0,07,000,00,2,4,01,B01
201200029754,0,07,000,00,2,4,01,C01
201200029754,0,07,000,00,2,4,01,D01
201200029755,0,13,000,00,2,1,01,A01
201200029755,0,07,000,00,2,8,20,B01
201200029756,0,01,000,00,1,1,01,A01
201200029757,0,02,000,16,0,1,01,A01
201200029758,0,07,000,00,2,1,01,A01
201200029758,0,07,000,00,2,4,01,B01
201200029758,0,03,000,00,2,4,01,C01
201200029758,0,07,000,00,2,4,01,D01
201200029759,0,30,000,00,0,0,01,A01
201200029760,0,02,000,00,2,1,01,A01
201200029760,0,07,000,00,2,4,01,B01
201200029761,0,07,000,00,2,1,01,A01
201200029761,0,03,000,00,2,4,01,B01
201200029762,0,07,000,00,1,1,01,A01
201200029763,0,07,000,00,2,1,01,A01
201200029763,0,07,000,00,2,1,00,B01
201200029764,0,07,000,00,2,1,01,A01
201200029764,0,07,000,00,2,1,01,B01
201200029764,0,07,000,00,2,1,01,C01
201200029765,0,33,000,12,0,1,20,A01
201200029766,0,07,000,01,0,1,01,A01
201200029767,0,02,000,00,1,1,01,A01
201200029768,0,07,000,00,0,0,01,A01
201200029769,0,07,000,00,0,0,01,A01
201200029770,0,07,000,08,0,1,01,A01
201200029771,0,33,000,00,0,0,01,A01
201200029772,0,07,000,07,2,1,01,A01
201200029772,0,07,000,07,0,4,01,B01
201200029773,0,07,000,00,1,1,01,A01
201200029774,0,07,000,00,2,8,20,A01
201200029774,0,01,000,00,2,1,01,B01
201200029775,0,02,000,00,2,1,00,B01
201200029775,0,07,000,00,2,3,01,A01
201200029776,0,07,000,00,2,8,00,A01
201200029776,0,37,001,00,2,1,01,B01
201200029777,0,07,000,00,2,1,01,A01
201200029777,0,07,000,00,2,0,01,B01
201200029777,0,07,000,00,2,0,01,C01
201200029778,0,10,000,00,1,2,16,A01
201200029779,0,01,000,00,0,0,01,A01
201200029780,0,07,000,00,2,1,15,A01
201200029780,0,07,000,00,2,0,15,B01
201200029780,0,07,000,00,2,0,01,C01
201200029781,0,01,000,00,0,0,01,A01
201200029782,0,07,000,00,1,4,04,A01
201200029783,0,02,000,00,0,0,01,A01
201200029784,0,02,000,00,2,1,01,B01
201200029784,0,07,000,00,2,2,15,A01
201200029785,0,40,001,00,2,2,01,A01
201200029785,0,07,000,00,4,2,01,B01
201200029786,0,07,000,00,1,1,01,A01
201200029787,0,01,000,00,2,7,01,B01
201200029787,0,07,000,00,2,1,15,A01
201200029788,0,07,000,00,2,1,17,A01
201200029788,0,07,000,00,2,8,01,B01
201200029789,0,07,000,00,2,1,02,A01
201200029789,0,07,000,00,2,4,02,B01
201200029790,0,02,000,16,0,1,01,A01
201200029791,0,01,000,00,2,1,01,A01
201200029791,0,07,000,00,2,4,01,B01
201200029792,0,07,000,00,2,1,16,A01
201200029792,0,30,000,00,2,7,01,B01
201200029793,0,07,000,00,2,1,01,A01
201200029793,0,07,000,00,2,4,01,B01
201200029794,0,07,000,00,2,1,01,A01
201200029794,0,07,000,00,0,4,01,B01
201200029794,0,07,000,00,2,4,01,C01
201200029794,0,07,000,00,2,4,01,D01
201200029795,0,07,000,00,2,8,00,A01
201200029795,0,07,000,00,2,1,01,B01
201200029796,0,02,000,00,0,0,01,A01
201200029797,0,33,000,00,0,1,00,A01
201200029798,0,07,000,00,2,0,00,A01
201200029798,0,01,000,00,0,0,00,B01
201200029799,0,07,000,00,0,0,00,A01
201200029800,0,07,000,00,2,1,01,A01
201200029800,0,07,000,00,2,4,01,B01
201200029801,0,07,000,00,2,1,01,A01
201200029801,0,07,000,00,2,1,01,B01
201200029802,0,30,000,01,0,1,01,A01
201200029803,0,07,000,00,2,1,01,A01
201200029803,0,07,000,00,2,4,01,B01
201200029803,0,07,000,00,2,4,01,C01
201200029804,0,07,000,00,2,1,15,A01
201200029804,0,02,000,00,2,7,00,B01
201200029805,0,30,000,12,0,0,00,A01
201200029806,0,01,000,00,2,1,01,A01
201200029806,0,07,000,00,2,3,01,B01
201200029807,0,02,000,00,0,0,01,A01
201200029808,0,02,000,00,0,0,01,A01
201200029809,0,07,000,00,1,1,15,A01
201200029810,0,07,000,07,0,0,01,A01
201200029811,0,07,000,00,2,1,00,A01
201200029811,0,01,000,00,2,2,01,B01
201200029812,0,07,000,00,2,3,20,A01
201200029812,0,07,000,00,2,2,01,B01
201200029813,0,31,000,00,5,0,01,A01
201200029814,0,03,000,00,2,1,17,A01
201200029814,0,20,000,00,2,3,15,B01
201200029815,0,07,000,00,2,1,01,A01
201200029815,0,01,000,00,2,8,01,B01
201200029816,0,07,000,00,2,1,01,A01
201200029816,0,07,000,00,2,4,01,B01
201200029816,0,07,000,00,2,4,01,C01
201200029817,0,10,000,00,2,3,01,A01
201200029817,0,01,000,00,2,1,01,B01
201200029818,0,01,000,00,2,1,19,A01
201200029818,0,10,000,00,2,2,15,B01
201200029819,0,07,000,00,9,1,01,A01
201200029819,0,01,000,00,2,3,19,B01
201200029820,0,07,000,01,2,1,01,A01
201200029820,0,07,000,00,2,1,01,B01
201200029821,0,02,000,00,1,1,01,A01
201200029822,0,07,000,00,2,7,11,A01
201200029822,0,07,000,00,2,1,01,B01
201200029823,0,07,000,00,2,1,01,A01
201200029823,0,07,000,00,2,7,01,B01
201200029824,0,33,000,00,0,0,00,A01
201200029825,0,07,000,00,0,0,00,A01
201200029826,0,07,000,00,2,1,15,A01
201200029826,0,02,000,00,2,1,01,B01
201200029827,0,07,000,00,2,1,02,A01
201200029827,0,07,000,00,2,4,02,B01
201200029827,0,07,000,00,2,1,02,C01
201200029828,0,07,000,00,2,1,01,A01
201200029828,0,07,000,00,2,4,01,B01
201200029829,1,07,000,00,0,0,00,A01
201200029829,0,13,000,09,0,0,00,B01
201200029830,0,07,000,00,2,0,23,A01
201200029830,0,07,000,00,2,1,01,B01
201200029831,0,07,000,00,2,3,15,A01
201200029831,0,02,000,00,2,1,01,B01
201200029832,0,07,000,00,1,1,01,A01
201200029833,0,01,000,00,1,1,00,A01
201200029834,0,02,000,00,2,1,01,A01
201200029834,0,07,000,00,2,3,01,B01
201200029835,0,07,000,00,2,8,16,A01
201200029835,0,07,000,00,2,1,01,B01
201200029836,0,07,000,00,2,1,01,A01
201200029836,0,07,000,00,2,7,01,B01
201200029837,0,07,000,00,1,8,00,A01
201200029838,0,07,000,00,2,8,01,B01
201200029838,0,07,000,00,2,1,01,A01
201200029839,0,07,000,03,0,2,01,A01
201200029840,0,02,000,00,0,0,01,A01
201200029841,0,07,000,00,1,4,20,A01
201200029842,0,07,000,00,2,2,15,B01
201200029842,0,07,000,00,2,1,01,A01
201200029843,0,07,000,00,2,7,15,A01
201200029843,0,33,000,00,2,3,01,B01
201200029844,0,07,000,00,1,4,04,A01
201200029845,0,07,000,00,9,3,01,B01
201200029845,0,30,000,00,2,2,16,A01
201200029846,0,07,000,00,2,4,02,B01
201200029846,0,07,000,00,2,1,02,A01
201200029847,0,07,000,00,1,1,01,A01
201200029848,0,07,000,00,2,2,15,A01
201200029848,0,07,000,00,2,1,01,B01
201200029849,0,07,000,00,2,1,13,A01
201200029849,0,07,000,00,2,3,01,B01
201200029849,0,07,000,00,2,1,01,C01
201200029850,0,07,000,00,2,1,01,A01
201200029850,0,07,000,00,2,4,02,B01
201200029850,0,07,000,00,0,4,02,C01
201200029851,0,07,000,12,0,1,16,A01
201200029852,0,02,000,00,0,8,01,A01
201200029853,0,07,000,00,2,3,02,A01
201200029853,0,02,000,00,2,1,21,B01
201200029854,0,30,000,00,0,8,01,A01
201200029855,0,30,000,00,2,7,14,A01
201200029855,0,07,000,00,2,8,01,B01
201200029856,0,02,000,00,2,1,15,A01
201200029856,0,07,000,00,2,1,01,B01
201200029857,1,07,000,02,1,2,14,Y01
201200029858,0,07,000,00,2,2,01,B01
201200029858,0,07,000,00,2,3,00,A01
201200029859,0,02,000,14,0,1,01,A01
201200029860,0,13,000,00,2,1,02,A01
201200029860,0,15,000,00,0,4,02,B01
201200029861,0,07,000,00,2,1,02,A01
201200029861,0,10,000,00,2,4,02,B01
201200029861,0,07,000,00,0,4,02,C01
201200029862,0,07,000,01,0,2,14,A01
201200029863,0,07,000,00,2,1,02,A01
201200029863,0,07,000,00,2,4,02,B01
201200029864,0,02,000,00,0,8,01,A01
201200029865,1,07,000,00,1,3,01,A01
201200029866,0,07,000,00,2,2,01,A01
201200029866,0,07,000,15,2,3,01,B01
201200029867,0,07,000,12,9,3,01,A01
201200029868,0,07,000,00,2,1,02,A01
201200029868,0,07,000,00,2,4,02,B01
201200029868,0,07,000,00,2,4,02,C01
201200029868,0,07,000,00,2,4,02,D01
201200029869,0,07,000,14,0,1,14,A01
201200029870,0,30,000,00,2,0,02,A01
201200029870,0,07,000,00,2,4,23,B01
201200029871,0,30,000,01,0,1,01,A01
201200029871,0,07,000,00,2,4,23,B01
201200029872,0,07,000,00,1,1,16,A01
201200029873,0,07,000,00,2,8,01,A01
201200029873,0,30,000,00,2,7,01,B01
201200029874,0,07,000,00,2,3,01,B01
201200029874,0,07,000,00,2,2,01,A01
201200029875,0,07,000,00,1,1,15,A01
201200029876,0,30,000,00,0,0,21,A01
201200029877,0,07,000,00,2,7,14,A01
201200029877,0,01,000,00,2,8,02,B01
201200029878,0,07,000,00,1,2,01,A01
201200029879,0,07,000,12,0,1,01,A01
201200029880,0,07,000,00,2,2,15,A01
201200029880,0,33,000,00,2,1,01,B01
201200029881,0,07,000,12,0,7,14,A01
201200029882,0,33,000,00,2,7,01,B01
201200029882,0,07,000,00,2,3,16,A01
201200029883,0,07,000,00,2,1,02,A01
201200029883,0,33,000,00,2,4,02,B01
201200029883,0,07,000,00,2,4,02,C01
201200029884,0,30,000,00,9,8,21,A01
201200029885,0,10,000,00,2,5,15,A01
201200029885,0,07,000,00,2,1,01,B01
201200029886,0,33,000,00,0,1,02,A01
201200029887,0,07,000,02,0,1,14,A01
201200029888,0,01,000,00,2,5,01,B01
201200029888,0,07,000,00,9,3,00,A01
201200029889,0,01,000,01,0,1,15,A01
201200029889,0,07,000,00,9,3,00,B01
201200029890,0,07,000,00,2,3,16,A01
201200029890,0,07,000,00,2,2,01,B01
201200029891,0,07,000,00,2,2,13,A01
201200029891,0,07,000,00,2,2,01,B01
201200029892,0,07,000,13,0,2,14,A01
201200029893,0,07,000,00,2,1,01,C01
201200029893,0,30,000,00,2,1,01,B01
201200029893,0,07,000,00,2,8,15,A01
201200029894,0,07,000,08,2,7,01,B01
201200029894,0,02,000,00,2,8,01,A01
201200029895,0,07,000,00,2,3,15,A01
201200029895,0,33,000,00,2,8,01,B01
201200029896,0,07,000,00,2,3,17,A01
201200029896,0,07,000,00,2,8,01,B01
201200029896,0,07,000,00,2,4,01,C01
201200029896,0,07,000,00,2,3,01,D01
201200029897,0,02,000,00,2,1,01,B01
201200029897,0,07,000,00,2,8,16,A01
201200029898,0,02,000,00,2,1,15,A01
201200029898,0,07,000,00,2,1,01,B01
201200029899,0,02,000,00,2,3,01,A01
201200029899,0,07,000,00,2,3,15,B01
201200029900,0,07,000,00,1,7,01,A01
201200029901,0,07,000,00,2,2,15,A01
201200029901,0,02,000,00,2,1,01,B01
201200029902,0,30,000,00,2,1,01,A01
201200029902,0,07,000,00,2,3,16,B01
201200029903,0,07,000,00,2,7,16,A01
201200029903,0,02,000,00,2,8,01,B01
201200029904,0,10,000,00,2,3,15,A01
201200029904,0,33,000,00,2,1,01,B01
201200029905,0,07,000,12,1,8,16,A01
201200029906,0,07,000,00,1,1,01,A01
201200029907,0,30,000,00,2,7,15,B01
201200029907,0,07,000,00,2,3,15,A01
201200029908,0,07,000,13,2,2,06,A01
201200029908,0,07,000,00,2,3,01,B01
201200029909,0,33,000,14,0,8,01,A01
201200029910,0,03,000,08,0,1,01,A01
201200029911,0,07,000,01,2,1,17,A01
201200029911,0,07,000,00,2,3,15,B01
201200029912,0,33,000,00,2,1,01,A01
201200029912,0,07,000,00,2,8,01,B01
201200029913,0,02,000,00,2,8,00,B01
201200029913,0,07,000,00,2,3,00,A01
201200029914,0,07,000,06,0,1,01,A01
201200029915,0,07,000,00,2,7,01,A01
201200029915,0,07,000,00,2,6,15,B01
201200029916,0,07,000,00,2,3,11,A01
201200029916,0,33,000,00,2,7,15,B01
201200029917,0,07,000,00,2,3,15,A01
201200029917,0,33,000,00,2,1,01,B01
201200029918,0,33,000,00,2,1,17,A01
201200029918,0,07,000,00,2,3,15,B01
201200029919,0,07,000,00,2,1,01,A01
201200029919,0,07,000,00,2,1,01,B01
201200029920,0,07,000,00,1,7,01,A01
201200029921,0,30,000,00,2,6,15,B01
201200029921,0,07,000,00,2,8,09,A01
201200029922,0,07,000,00,1,0,00,A01
201200029923,0,07,000,13,0,1,13,A01
201200029924,0,07,000,00,1,4,04,A01
201200029925,0,07,000,02,0,1,06,A01
201200029926,0,07,000,00,2,1,01,A01
201200029926,0,07,000,00,2,4,02,B01
201200029926,0,07,000,00,2,4,02,C01
201200029927,0,07,000,00,1,3,16,A01
201200029928,0,07,000,00,1,3,16,A01
201200029929,0,07,000,00,2,2,13,A01
201200029929,0,07,000,00,2,1,01,B01
201200029930,0,02,000,00,2,7,14,A01
201200029930,0,07,000,00,2,6,13,B01
201200029931,0,01,000,00,2,1,01,B01
201200029931,0,07,000,00,2,3,01,A01
201200029932,0,07,000,00,2,3,09,A01
201200029932,0,01,000,00,2,1,00,B01
201200029933,0,07,000,15,0,1,01,A01
201200029934,0,01,000,00,2,1,01,A01
201200029934,1,10,000,00,2,7,16,B01
201200029935,0,07,000,00,2,3,01,A01
201200029935,0,07,000,00,2,2,01,B01
201200029936,0,30,000,00,0,0,01,A01
201200029937,0,14,000,00,0,7,15,A01
201200029938,0,02,000,00,0,8,01,A01
201200029939,0,07,000,00,1,2,17,A01
201200029940,0,01,000,00,2,1,01,A01
201200029940,0,07,000,00,2,3,01,B01
201200029941,0,07,000,00,2,3,01,A01
201200029941,0,07,000,00,2,4,01,B01
201200029941,0,07,000,00,2,4,01,C01
201200029941,1,07,000,00,2,1,01,D01
201200029941,1,07,000,00,2,4,01,E01
201200029942,0,07,000,00,0,7,01,A01
201200029943,0,02,000,00,2,1,01,A01
201200029943,0,07,000,00,2,4,01,B01
201200029944,0,01,000,00,0,0,01,A01
201200029945,0,10,000,00,2,7,16,A01
201200029945,0,02,000,00,2,8,01,B01
201200029946,0,31,000,00,6,0,01,A01
201200029947,0,01,000,00,2,1,01,A01
201200029947,0,07,000,00,2,3,01,B01
201200029948,0,07,000,15,2,7,01,A01
201200029948,0,07,000,00,2,1,01,B01
201200029949,0,15,000,00,2,1,01,A01
201200029949,0,10,000,00,2,4,01,B01
201200029949,0,10,000,00,2,4,01,C01
201200029950,0,07,000,00,1,4,04,A01
201200029951,0,07,000,00,2,1,01,B01
201200029951,0,07,000,00,2,7,01,A01
201200029952,0,02,000,00,0,1,01,A01
201200029953,0,07,000,00,2,5,20,A01
201200029953,0,02,000,00,2,1,01,B01
201200029954,0,02,000,00,2,3,01,B01
201200029954,1,07,000,00,2,1,09,Z01
201200029954,0,07,000,00,2,8,01,C01
201200029955,0,07,000,00,2,3,01,A01
201200029955,0,99,000,00,2,3,01,B01
201200029956,0,10,000,00,2,7,01,B01
201200029956,0,07,000,00,2,1,01,A01
201200029957,0,07,000,00,2,6,13,A01
201200029957,0,07,000,00,2,8,01,B01
201200029957,0,07,000,00,2,4,24,C01
201200029958,0,02,000,00,2,1,01,A01
201200029958,0,07,000,00,2,8,11,B01
201200029959,0,30,000,15,0,1,01,A01
201200029959,0,07,000,00,2,4,00,B01
201200029960,0,30,000,13,0,0,01,A01
201200029961,1,07,000,00,1,7,01,Z01
201200029962,0,07,000,00,2,1,01,A01
201200029962,0,10,000,00,2,4,01,B01
201200029962,0,07,000,00,2,4,01,C01
201200029963,0,07,000,02,0,1,01,A01
201200029964,0,07,000,00,1,1,16,A01
201200029965,0,07,000,00,2,2,15,A01
201200029965,0,07,000,00,2,2,01,B01
201200029966,0,07,000,00,2,3,01,A01
201200029966,0,02,000,00,2,7,01,B01
201200029967,0,07,000,13,0,2,01,A01
201200029968,0,01,000,00,2,1,01,A01
201200029968,0,07,000,00,2,6,15,B01
201200029969,0,07,000,06,0,2,01,A01
201200029970,0,31,000,00,2,1,01,A01
201200029970,0,10,000,00,2,7,15,B01
201200029971,0,07,000,00,2,3,09,A01
201200029971,0,99,000,00,2,3,01,B01
201200029972,0,07,000,00,2,0,15,A01
201200029972,0,10,000,00,2,1,00,B01
201200029973,0,07,000,00,2,8,15,A01
201200029973,0,30,000,00,2,1,17,B01
201200029974,0,30,000,00,0,7,01,A01
201200029975,1,07,000,00,2,7,17,A01
201200029975,0,07,000,08,2,8,01,B01
201200029976,0,07,000,00,2,2,01,A01
201200029976,0,07,000,00,2,4,01,B01
201200029977,0,02,000,00,0,1,01,A01
201200029978,0,07,000,00,2,1,01,A01
201200029978,0,07,000,00,1,4,01,B01
201200029979,0,07,000,15,0,3,01,A01
201200029980,0,07,000,00,2,1,05,A01
201200029980,0,07,000,00,2,1,01,B01
201200029981,0,07,000,00,1,2,14,A01
201200029982,0,02,000,00,0,1,01,A01
201200029983,0,07,000,04,0,1,01,A01
201200029983,0,07,000,00,2,3,01,B01
201200029984,0,07,000,00,2,1,01,A01
201200029984,0,02,000,00,2,4,23,B01
201200029985,0,01,000,00,0,1,01,A01
201200029986,0,10,000,04,0,3,01,A01
201200029987,0,33,000,00,2,1,00,B01
201200029987,0,14,000,00,2,3,09,A01
201200029988,0,21,000,00,0,8,01,A01
201200029989,0,30,000,00,2,1,01,A01
201200029989,0,07,000,00,2,8,01,B01
201200029990,0,02,000,00,5,7,01,A01
201200029991,0,07,000,00,1,3,01,A01
201200029992,0,07,000,00,2,2,01,A01
201200029992,0,01,000,00,2,3,15,B01
201200029993,0,30,000,00,0,7,01,A01
201200029994,0,02,000,02,0,1,21,A01
201200029995,0,01,000,12,2,1,01,A01
201200029996,0,03,000,00,1,2,20,A01
201200029997,0,07,000,00,2,2,15,A01
201200029997,0,07,000,00,2,1,01,B01
201200029998,0,07,000,00,1,4,04,A01
201200029999,0,07,000,04,0,1,16,A01
201200030000,0,10,000,00,1,4,04,A01
201200030001,0,01,000,00,0,0,01,A01
201200030002,0,07,000,15,0,2,01,A01
201200030003,0,02,000,00,0,0,01,A01
201200030004,0,07,000,00,2,1,02,A01
201200030004,0,07,000,00,2,4,01,B01
201200030005,0,02,000,00,0,7,01,A01
201200030006,0,33,000,00,2,0,01,A01
201200030006,0,07,000,00,2,4,01,B01
201200030006,0,07,000,00,9,3,01,C01
201200030007,0,01,000,00,2,0,02,A01
201200030007,0,07,000,00,2,7,17,B01
201200030008,0,02,000,00,2,1,01,A01
201200030008,0,07,000,00,2,4,02,B01
201200030009,0,07,000,15,0,1,01,A01
201200030010,0,30,000,00,0,1,01,A01
201200030011,0,10,000,01,0,2,01,A01
201200030011,0,13,000,00,2,4,24,B01
201200030012,0,07,000,04,0,1,01,A01
201200030013,0,30,000,15,2,3,01,A01
201200030014,0,07,000,04,0,1,01,A01
201200030015,0,07,000,00,1,0,00,A01
201200030016,0,07,000,00,1,7,00,A01
201200030017,0,30,000,05,0,3,01,A01
201200030018,0,10,000,00,2,1,01,A01
201200030018,0,07,000,00,2,4,01,B01
201200030019,0,02,000,00,0,8,00,A01
201200030020,0,30,000,00,2,1,02,A01
201200030020,0,07,000,00,2,6,23,B01
201200030021,0,30,000,00,2,1,02,A01
201200030021,0,07,000,00,2,4,23,B01
201200030022,0,30,000,00,2,2,01,B01
201200030022,0,07,000,00,2,1,15,A01
201200030023,1,07,000,00,1,4,04,A01
201200030024,0,07,000,00,1,3,01,A01
201200030025,0,07,000,00,2,1,01,B01
201200030025,0,07,000,00,2,2,15,A01
201200030026,0,07,000,00,2,3,16,B01
201200030026,0,07,000,00,2,8,13,A01
201200030027,0,33,000,12,0,2,13,A01
201200030028,0,33,000,00,0,0,01,A01
201200030029,0,10,000,00,2,1,01,B01
201200030029,0,07,000,00,2,2,15,A01
201200030030,0,07,000,08,0,1,14,A01
201200030031,0,07,000,00,2,4,23,D01
201200030031,0,07,000,00,2,4,23,C01
201200030031,0,07,000,00,2,1,02,A01
201200030031,0,30,000,00,2,4,23,B01
201200030032,0,07,000,08,0,1,14,A01
201200030033,0,07,000,00,2,4,02,B01
201200030033,0,07,000,00,2,1,02,A01
201200030034,0,07,000,00,2,7,17,A01
201200030034,0,01,000,00,2,8,02,B01
201200030035,0,30,000,00,0,0,01,A01
201200030036,0,07,000,00,2,3,19,A01
201200030036,0,37,001,00,2,1,01,B01
201200030037,0,07,000,00,2,3,01,A01
201200030037,0,33,000,00,2,1,01,B01
201200030038,0,07,000,00,1,2,16,A01
201200030039,0,30,000,00,0,8,01,A01
201200030040,0,10,000,00,1,4,04,A01
201200030041,0,07,000,00,1,2,01,A01
201200030042,0,07,000,00,2,1,15,A01
201200030042,0,33,000,00,2,1,01,B01
201200030043,0,07,000,15,0,1,13,A01
201200030044,0,07,000,00,2,1,02,A01
201200030044,0,03,000,00,2,4,23,B01
201200030045,0,10,000,00,2,1,19,A01