Num_Acc,senc,catv,occutc,obs,obsm,choc,manv,num_veh
201200032360,0,01,000,00,2,1,01,B01
201200032360,0,07,000,00,2,2,01,A01
201200032361,0,07,000,00,2,3,01,B01
201200032361,0,01,000,00,2,1,01,A01
201200032362,0,02,000,01,0,1,14,A01
201200032363,0,02,000,00,2,8,01,A01
201200032363,0,07,000,00,2,7,01,B01
201200032364,0,01,000,00,2,3,19,B01
201200032364,0,07,000,00,1,1,01,A01
201200032365,0,07,000,00,2,1,01,A01
201200032365,0,33,000,00,2,1,01,B01
201200032366,0,30,000,00,2,3,01,A01
201200032366,0,07,000,00,2,1,15,B01
201200032367,1,07,000,00,0,0,00,Z01
201200032368,0,07,000,00,2,7,15,A01
201200032368,0,07,000,00,2,1,01,B01
201200032369,0,07,000,00,2,2,15,A01
201200032369,0,33,000,00,2,1,15,B01
201200032370,0,32,000,00,2,8,02,A01
201200032370,0,07,000,00,2,8,11,B01
201200032371,0,07,000,00,1,1,01,A01
201200032372,0,07,000,00,2,9,01,B01
201200032372,0,07,000,00,2,1,01,A01
201200032372,0,14,000,00,2,4,01,C01
201200032373,2,07,000,00,2,1,01,Z01
201200032373,0,33,000,00,2,8,15,B01
201200032373,0,07,000,08,2,3,15,C01
201200032374,0,07,000,08,2,3,01,B01
201200032374,0,07,000,00,2,2,01,A01
201200032375,0,07,000,01,1,1,13,A01
201200032375,0,07,000,01,0,0,24,B01
201200032376,0,33,000,01,0,1,01,A01
201200032377,0,07,000,00,2,1,01,B01
201200032377,0,07,000,00,2,1,15,A01
201200032378,0,07,000,00,2,4,02,B01
201200032378,0,33,000,00,2,1,02,A01
201200032379,0,07,000,00,1,1,01,A01
201200032380,0,31,000,00,2,7,01,B01
201200032380,0,07,000,00,2,1,01,A01
201200032381,2,07,000,00,2,1,01,A01
201200032381,0,01,000,00,2,1,01,B01
201200032382,0,10,000,00,1,2,15,A01
201200032383,0,33,000,00,2,2,17,A01
201200032383,0,07,000,00,2,8,15,B01
201200032384,0,07,000,00,1,1,01,A01
201200032385,0,07,000,00,1,1,01,A01
201200032386,0,07,000,00,2,3,02,C01
201200032386,0,10,000,00,2,3,02,B01
201200032386,0,33,000,00,2,1,17,A01
201200032387,0,33,000,12,0,1,01,A01
201200032388,0,07,000,00,2,4,23,B01
201200032388,0,07,000,00,2,1,02,A01
201200032389,0,07,000,00,2,8,01,A01
201200032389,0,01,000,00,2,1,01,B01
201200032390,0,07,000,00,2,8,10,A01
201200032390,0,33,000,00,2,1,01,B01
201200032391,0,33,000,00,2,7,01,B01
201200032391,0,13,000,00,2,2,01,A01
201200032392,0,07,000,00,2,1,01,A01
201200032392,0,01,000,00,2,8,00,B01
201200032393,0,07,000,00,1,1,15,A01
201200032394,0,03,000,01,0,1,01,A01
201200032395,0,10,000,00,2,1,01,A01
201200032395,0,30,000,00,2,4,01,B01
201200032396,0,07,000,00,1,1,01,A01
201200032397,0,07,000,00,2,1,01,A01
201200032397,0,02,000,15,2,1,01,B01
201200032398,0,07,000,00,2,2,02,A01
201200032398,2,07,000,00,2,1,02,B01
201200032399,0,07,000,00,1,1,01,A01
201200032400,0,07,000,00,2,1,05,A01
201200032400,0,07,000,00,2,1,01,B01
201200032401,0,01,000,00,2,4,11,B01
201200032401,0,07,000,00,2,2,01,A01
201200032402,0,07,000,00,2,5,15,B01
201200032402,0,31,000,00,2,1,01,A01
201200032403,0,07,000,00,1,2,01,A01
201200032404,0,07,000,00,1,7,02,A01
201200032404,0,01,000,00,2,8,02,B01
201200032405,0,07,000,00,2,3,01,B01
201200032405,0,07,000,00,2,2,15,A01
201200032406,0,07,000,00,1,2,15,A01
201200032407,0,07,000,00,2,1,02,B01
201200032407,0,07,000,00,2,8,02,A01
201200032408,0,32,000,00,2,1,02,A01
201200032408,0,07,000,00,2,4,02,B01
201200032409,0,01,000,00,2,1,01,A01
201200032409,0,07,000,00,2,1,01,B01
201200032410,0,30,000,00,2,8,01,A01
201200032410,0,07,000,00,2,7,01,B01
201200032411,0,07,000,00,2,0,09,A01
201200032411,0,33,000,00,0,0,01,B01
201200032412,0,07,000,00,2,3,11,A01
201200032412,0,02,000,00,2,7,01,B01
201200032413,0,01,000,00,2,1,01,A01
201200032413,0,10,000,00,2,1,01,B01
201200032414,0,07,000,00,0,4,01,B01
201200032414,0,07,000,00,2,1,00,A01
201200032415,0,07,000,00,2,1,15,A01
201200032415,0,02,000,00,2,8,01,B01
201200032416,0,07,000,00,2,1,15,A01
201200032416,0,07,000,00,2,1,01,B01
201200032417,0,07,000,00,1,3,01,A01
201200032418,0,33,000,00,0,0,01,A01
201200032419,0,31,000,00,2,1,01,B01
201200032419,0,07,000,00,2,3,09,A01
201200032420,0,07,000,00,1,1,01,A01
201200032421,1,07,000,00,0,0,00,Z01
201200032422,0,07,000,00,1,2,01,A01
201200032423,0,02,000,00,0,0,14,A01
201200032424,0,07,000,00,2,1,01,B01
201200032424,0,07,000,00,2,8,02,A01
201200032425,0,07,000,00,1,1,15,A01
201200032426,0,07,000,00,0,0,24,B01
201200032426,1,07,000,00,0,0,00,Z01
201200032426,0,10,000,00,0,0,24,C01
201200032426,0,34,000,01,2,4,01,A01
201200032427,0,07,000,00,2,1,00,A01
201200032427,0,07,000,00,2,2,01,B01
201200032428,0,37,001,00,1,7,01,A01
201200032429,0,07,000,04,0,2,01,A01
201200032430,0,07,000,00,1,4,04,A01
201200032431,0,01,000,00,2,0,01,B01
201200032431,0,07,000,00,2,2,10,A01
201200032432,0,37,003,00,2,5,01,A01
201200032432,0,14,000,00,2,1,16,B01
201200032433,0,07,000,00,1,1,16,A01
201200032434,0,07,000,00,2,1,15,A01
201200032434,0,07,000,00,2,3,01,B01
201200032435,0,03,000,00,2,1,01,A01
201200032435,0,07,000,00,2,1,01,B01
201200032436,0,01,000,00,2,0,01,B01
201200032436,0,07,000,00,2,2,15,A01
201200032437,0,07,000,00,1,1,15,A01
201200032438,0,07,000,00,2,3,15,A01
201200032438,0,03,000,00,2,1,02,B01
201200032439,0,02,000,00,2,1,01,B01
201200032439,0,07,000,00,2,1,15,A01
201200032440,0,07,000,00,2,1,15,A01
201200032440,0,01,000,00,2,7,02,B01
201200032441,0,07,000,00,2,5,15,A01
201200032441,0,07,000,00,2,3,01,B01
201200032442,0,02,000,00,2,1,01,B01
201200032442,0,07,000,00,2,1,09,A01
201200032443,0,01,000,00,2,1,01,B01
201200032443,0,07,000,00,2,3,09,A01
201200032444,0,07,000,00,1,5,01,A01
201200032445,0,07,000,06,1,1,01,A01
201200032446,0,07,000,02,0,1,13,A01
201200032447,0,33,000,00,2,7,00,B01
201200032447,0,07,000,00,2,3,00,A01
201200032447,0,33,000,00,2,8,00,C01
201200032448,0,07,000,00,2,3,15,A01
201200032448,0,34,000,00,2,1,01,B01
201200032449,0,07,000,00,1,3,01,A01
201200032450,0,07,000,01,2,7,17,A01
201200032450,0,03,000,00,2,8,24,C01
201200032450,0,07,000,00,2,3,01,B01
201200032451,0,07,000,00,2,1,01,A01
201200032451,0,33,000,00,2,1,01,B01
201200032452,0,07,000,00,2,1,01,B01
201200032452,0,07,000,00,2,1,01,A01
201200032453,0,01,000,00,2,1,01,A01
201200032453,0,07,000,00,2,3,01,B01
201200032454,0,07,000,00,2,1,01,A01
201200032454,0,07,000,00,2,4,09,B01
201200032455,0,07,000,00,1,1,09,A01
201200032456,0,07,000,00,1,1,15,A01
201200032457,0,30,000,00,2,1,02,A01
201200032457,0,07,000,00,2,4,01,B01
201200032458,0,07,000,00,1,3,15,A01
201200032458,0,01,000,00,2,1,01,B01
201200032459,0,07,000,09,0,9,01,A01
201200032460,0,07,000,00,0,0,01,A01
201200032461,0,14,000,01,2,1,01,A01
201200032461,0,07,000,00,2,2,01,B01
201200032462,0,01,000,01,0,1,01,B01
201200032462,0,07,000,00,2,3,24,A01
201200032463,0,01,000,00,2,1,13,A01
201200032463,0,14,000,00,2,8,01,B01
201200032464,0,07,000,00,2,1,01,A01
201200032464,0,07,000,00,2,4,23,C01
201200032464,0,07,000,00,2,4,23,D01
201200032464,0,07,000,00,2,4,23,B01
201200032465,0,10,000,00,1,7,09,A01
201200032466,0,07,000,00,2,8,09,A01
201200032466,0,02,000,00,2,1,01,B01
201200032467,0,07,000,00,2,6,24,B01
201200032467,0,30,000,01,0,2,01,A01
201200032468,0,07,000,00,2,1,01,B01
201200032468,0,07,000,08,2,5,15,A01
201200032469,0,33,000,01,2,1,01,B01
201200032469,0,07,000,00,2,1,05,A01
201200032470,0,07,000,00,2,2,16,A01
201200032470,0,01,000,00,2,1,01,B01
201200032471,0,37,001,00,0,0,01,B01
201200032471,0,33,000,00,1,1,01,A01
201200032472,0,07,000,00,2,4,01,B01
201200032472,0,07,000,00,2,4,02,C01
201200032472,0,33,000,00,2,1,01,A01
201200032473,0,07,000,00,0,0,01,A01
201200032474,0,37,001,00,1,7,00,A01
201200032475,0,07,000,02,0,1,19,A01
201200032476,0,07,000,00,1,1,01,A01
201200032477,0,07,000,00,1,1,14,A01
201200032478,0,30,000,00,2,7,01,A01
201200032478,1,99,000,00,0,0,00,Z01
201200032479,0,07,000,00,2,1,01,B01
201200032479,0,07,000,00,2,1,01,A01
201200032480,0,07,000,00,2,1,02,A01
201200032480,0,07,000,00,2,4,02,B01
201200032481,0,07,000,00,1,1,01,A01
201200032482,0,02,000,00,0,0,01,A01
201200032483,0,07,000,00,2,1,16,A01
201200032483,0,01,000,00,2,0,02,B01
201200032484,0,07,000,00,1,1,01,A01
201200032485,0,07,000,00,1,1,01,A01
201200032486,0,07,000,01,1,1,01,A01
201200032487,0,07,000,00,2,1,15,A01
201200032487,0,01,000,00,2,8,01,B01
201200032488,0,07,000,00,1,1,01,A01
201200032489,0,07,000,00,1,1,01,A01
201200032490,0,07,000,00,2,4,23,C01
201200032490,0,07,000,00,2,4,01,D01
201200032490,0,07,000,00,2,4,23,B01
201200032490,0,07,000,00,2,1,01,A01
201200032491,0,07,000,00,1,1,01,A01
201200032492,0,01,000,00,2,4,01,A01
201200032492,1,07,000,00,0,0,00,Z01
201200032493,0,07,000,00,2,1,01,B01
201200032493,2,07,000,00,2,8,09,A01
201200032494,0,07,000,00,2,1,10,A01
201200032494,0,07,000,00,2,1,01,B01
201200032495,0,07,000,00,2,4,23,B01
201200032495,0,07,000,00,2,1,01,C01
201200032495,1,07,000,00,2,1,01,A01
201200032496,0,07,000,00,2,1,01,C01
201200032496,0,07,000,00,2,9,01,B01
201200032496,0,10,000,00,2,4,09,A01
201200032497,2,07,000,00,2,2,01,A01
201200032497,0,07,000,00,2,6,01,B01
201200032498,0,01,000,00,2,1,01,B01
201200032498,0,07,000,00,2,1,01,A01
201200032499,0,07,000,00,2,3,19,A01
201200032499,0,01,000,00,2,1,01,C01
201200032499,0,07,000,01,2,3,01,B01
201200032500,0,07,000,00,1,3,00,A01
201200032501,0,01,000,00,2,1,01,B01
201200032501,0,07,000,00,2,2,01,A01
201200032502,0,07,000,00,2,8,01,A01
201200032502,0,33,000,00,2,1,01,B01
201200032503,0,07,000,00,2,3,01,B01
201200032503,0,07,000,00,2,3,15,A01
201200032504,0,07,000,00,2,1,01,B01
201200032504,0,07,000,00,2,9,12,A01
201200032505,0,07,000,00,1,2,01,A01
201200032506,0,07,000,00,2,3,00,A01
201200032506,0,02,000,00,2,1,00,B01
201200032507,0,07,000,00,1,1,15,A01
201200032508,0,07,000,12,0,1,01,A01
201200032509,0,07,000,00,1,7,01,A01
201200032510,1,02,000,00,2,1,01,A01
201200032510,0,07,000,00,2,8,09,B01
201200032511,0,07,000,00,1,1,01,A01
201200032512,0,07,000,00,2,1,01,A01
201200032512,0,07,000,00,2,4,23,C01
201200032512,0,07,000,00,2,4,23,B01
201200032513,2,07,000,00,2,1,05,A01
201200032513,0,07,000,00,2,1,01,B01
201200032514,0,07,000,00,1,1,01,A01
201200032515,0,07,000,00,1,1,01,A01
201200032516,0,01,000,00,2,1,02,B01
201200032516,0,07,000,00,2,3,09,A01
201200032517,0,02,000,01,0,7,01,A01
201200032518,0,07,000,00,2,8,09,A01
201200032518,0,02,000,00,2,1,01,B01
201200032519,1,99,000,00,1,1,01,Z01
201200032520,0,16,000,00,2,8,15,B01
201200032520,0,33,000,00,2,1,13,A01
201200032521,0,07,000,00,1,0,00,A01
201200032522,0,03,000,00,1,0,04,A01
201200032523,0,02,000,00,2,4,23,B01
201200032524,0,30,000,00,2,1,01,A01
201200032524,0,07,000,00,2,2,00,B01
201200032525,0,07,000,01,2,1,01,A01
201200032525,0,07,000,00,2,2,15,B01
201200032526,0,15,000,00,2,1,01,B01
201200032526,0,07,000,00,2,1,13,A01
201200032526,0,07,000,00,9,1,02,C01
201200032527,0,07,000,00,1,2,15,A01
201200032527,0,33,000,00,2,1,01,B01
201200032528,0,07,000,00,2,3,13,A01
201200032528,0,07,000,00,2,3,01,B01
201200032529,2,07,000,09,0,1,00,A01
201200032530,0,01,000,00,2,1,01,A01
201200032530,0,07,000,00,2,2,00,B01
201200032531,0,07,000,00,2,1,01,B01
201200032531,0,07,000,00,2,4,01,A01
201200032532,0,14,000,00,1,1,16,A01
201200032533,0,37,002,00,2,1,01,B01
201200032533,0,07,000,00,2,3,15,A01
201200032534,0,07,000,00,1,2,01,A01
201200032535,0,07,000,00,1,1,01,A01
201200032536,0,32,000,00,2,1,01,A01
201200032536,0,07,000,00,2,3,01,B01
201200032537,0,30,000,00,2,1,01,A01
201200032537,0,07,000,00,2,7,01,B01
201200032538,0,07,000,00,2,1,09,A01
201200032538,0,07,000,00,2,2,01,B01
201200032539,0,07,000,00,1,1,15,A01
201200032540,0,01,000,00,2,8,18,B01
201200032540,0,15,000,00,2,7,01,A01
201200032541,0,07,000,00,2,1,01,A01
201200032541,0,07,000,00,2,1,01,B01
201200032542,0,07,000,00,2,1,01,A01
201200032542,0,07,000,14,2,1,13,B01
201200032543,0,02,000,00,2,7,01,B01
201200032543,0,07,000,00,2,1,09,A01
201200032544,0,07,000,00,1,3,01,A01
201200032545,1,07,000,00,1,0,01,Z01
201200032546,0,07,000,09,1,0,01,A01
201200032547,0,07,000,00,2,1,01,A01
201200032547,0,07,000,00,2,4,00,B01
201200032548,0,07,000,00,0,0,01,A01
201200032549,0,07,000,00,2,3,13,A01
201200032549,0,07,000,00,2,3,01,B01
201200032550,0,07,000,00,2,3,15,A01
201200032550,0,07,000,00,2,1,01,B01
201200032551,0,07,000,00,1,3,15,A01
201200032551,0,01,000,00,2,3,01,B01
201200032552,0,07,000,00,2,4,01,B01
201200032552,0,07,000,00,2,4,01,A01
201200032553,0,07,000,00,2,4,01,B01
201200032553,0,32,000,00,2,1,01,A01
201200032554,0,07,000,00,1,1,01,A01
201200032555,0,02,000,00,2,1,01,B01
201200032555,0,07,000,00,2,1,01,A01
201200032556,0,02,000,00,2,1,01,B01
201200032556,0,10,000,00,2,7,16,A01
201200032557,0,01,000,00,2,0,01,B01
201200032557,0,07,000,00,2,1,01,A01
201200032558,0,07,000,00,2,1,01,A01
201200032558,0,07,000,00,2,0,01,C01
201200032558,0,07,000,00,2,0,01,B01
201200032559,0,07,000,00,2,3,23,B01
201200032559,0,31,000,00,2,1,01,A01
201200032560,0,10,000,00,2,1,15,A01
201200032560,0,01,000,00,2,1,01,B01
201200032561,0,07,000,00,1,1,01,A01
201200032562,0,01,000,00,2,8,19,B01
201200032562,0,07,000,00,2,1,01,A01
201200032563,0,07,000,00,2,2,09,A01
201200032563,0,33,000,00,2,1,01,B01
201200032564,0,07,000,00,2,1,01,B01
201200032564,0,07,000,00,2,7,01,A01
201200032565,0,07,000,00,1,1,01,A01
201200032566,0,30,000,00,2,1,01,B01
201200032566,0,07,000,00,2,5,15,A01
201200032567,0,02,000,01,0,1,02,A01
201200032568,0,07,000,01,0,2,01,A01
201200032569,1,07,000,00,1,0,01,A01
201200032570,0,07,000,00,2,2,15,B01
201200032570,0,07,000,00,2,1,01,A01
201200032571,0,07,000,00,2,1,10,A01
201200032571,0,07,000,00,2,7,01,B01
201200032572,0,02,000,12,0,1,01,A01
201200032573,0,07,000,00,1,1,01,A01
201200032574,0,07,000,00,2,2,01,A01
201200032574,0,30,000,00,2,8,01,B01
201200032575,0,07,000,00,2,8,01,B01
201200032575,0,07,000,00,2,1,01,A01
201200032576,0,07,000,00,2,3,01,B01
201200032576,0,07,000,00,2,1,01,C01
201200032576,2,07,000,00,2,1,01,A01
201200032577,0,07,000,00,1,1,01,A01
201200032578,0,07,000,00,1,3,09,A01
201200032579,0,02,000,00,2,1,01,B01
201200032579,1,07,000,00,2,1,09,Z01
201200032580,0,07,000,00,2,3,10,A01
201200032580,0,07,000,00,2,2,01,B01
201200032581,0,07,000,00,1,1,01,A01
201200032582,1,07,000,00,0,0,00,Z01
201200032583,0,02,000,00,2,1,01,B01
201200032583,0,07,000,00,2,2,16,A01
201200032584,0,07,000,00,1,1,01,A01
201200032585,0,07,000,00,1,1,15,A01
201200032586,0,30,000,00,2,1,01,B01
201200032586,0,07,000,00,2,2,15,A01
201200032587,0,07,000,00,2,2,01,B01
201200032587,0,07,000,01,2,1,09,A01
201200032588,0,07,000,00,4,3,23,A01
201200032588,0,39,000,00,2,1,01,B01
201200032589,0,33,000,00,2,1,01,B01
201200032589,0,07,000,00,2,3,09,A01
201200032590,0,07,000,00,2,1,02,A01
201200032590,0,07,000,00,2,4,02,B01
201200032591,0,07,000,00,2,4,15,B01
201200032591,2,07,000,00,2,1,01,A01
201200032592,0,14,000,00,2,3,15,B01
201200032592,0,33,000,00,2,1,17,A01
201200032593,0,07,000,00,1,1,01,A01
201200032594,0,07,000,00,1,1,11,A01
201200032595,0,07,000,00,1,1,01,A01
201200032596,0,07,000,00,1,1,16,A01
201200032597,0,07,000,00,2,1,16,A01
201200032597,0,32,000,00,2,2,01,B01
201200032598,0,07,000,00,2,3,15,B01
201200032598,0,02,000,00,2,1,17,A01
201200032599,0,07,000,00,1,1,01,A01
201200032600,0,07,000,00,2,1,01,B01
201200032600,0,07,000,00,2,1,05,A01
201200032601,0,07,000,00,1,1,01,A01
201200032602,0,31,000,00,1,1,01,A01
201200032603,0,07,000,00,2,0,00,B01
201200032603,1,07,000,00,2,4,04,Z01
201200032604,0,07,000,00,2,1,00,C01
201200032604,0,07,000,00,2,4,01,B01
201200032604,0,07,000,00,2,1,01,A01
201200032604,0,07,000,00,2,1,01,D01
201200032605,0,07,000,00,2,3,02,B01
201200032605,0,02,000,00,2,1,01,A01
201200032606,0,07,000,00,2,2,01,A01
201200032606,0,02,000,00,2,2,01,B01
201200032607,0,07,000,00,2,1,01,C01
201200032607,0,07,000,00,2,1,01,B01
201200032607,0,07,000,00,2,4,01,A01
201200032608,0,07,000,00,2,3,15,A01
201200032608,0,37,002,00,2,1,08,B01
201200032609,0,07,000,00,2,1,02,A01
201200032609,0,01,000,00,2,0,02,B01
201200032610,0,07,000,00,1,1,15,A01
201200032611,0,07,000,00,1,1,01,A01
201200032612,0,02,000,00,2,3,15,A01
201200032612,0,07,000,00,2,1,15,B01
201200032613,0,07,000,00,1,1,01,A01
201200032614,0,07,000,00,1,1,01,A01
201200032615,0,07,000,00,1,2,01,A01
201200032616,0,07,000,09,0,0,01,A01
201200032617,0,07,000,01,0,7,01,A01
201200032618,0,01,000,00,1,1,01,A01
201200032619,0,07,000,00,2,7,01,B01
201200032619,0,07,000,00,2,1,01,A01
201200032620,0,07,000,00,2,6,15,A01
201200032620,0,33,000,00,2,1,01,B01
201200032621,0,07,000,00,2,3,23,B01
201200032621,0,07,000,00,2,1,12,A01
201200032621,0,07,000,00,2,4,23,D01
201200032621,0,07,000,00,2,4,23,E01
201200032621,0,07,000,00,2,4,23,C01
201200032622,0,07,000,00,2,1,01,B01
201200032622,0,07,000,00,2,5,01,A01
201200032623,1,07,000,00,1,1,01,Z01
201200032624,0,30,000,00,2,1,17,A01
201200032624,0,01,000,00,2,6,19,B01
201200032625,0,02,000,08,2,8,01,B01
201200032625,0,07,000,00,2,7,00,A01
201200032626,0,01,000,00,2,1,01,B01
201200032626,0,03,000,00,2,3,15,A01
201200032627,2,02,000,00,1,1,01,A01
201200032628,0,07,000,00,2,2,01,B01
201200032628,0,07,000,00,2,3,15,A01
201200032629,0,07,000,00,2,4,01,B01
201200032629,0,02,000,00,2,1,01,A01
201200032630,0,07,000,00,1,2,01,A01
201200032631,0,07,000,00,2,1,01,B01
201200032631,0,07,000,00,2,3,15,A01
201200032632,0,33,000,00,2,1,01,B01
201200032632,0,07,000,00,2,3,17,A01
201200032633,0,01,000,00,2,6,01,B01
201200032633,1,07,000,00,2,1,00,Z01
201200032634,0,02,000,00,2,1,02,B01
201200032634,0,07,000,00,2,5,16,A01
201200032635,0,07,000,00,1,1,16,A01
201200032636,0,07,000,00,1,1,01,A01
201200032637,0,07,000,00,0,8,09,B01
201200032637,0,07,000,00,2,1,01,A01
201200032638,0,10,000,00,1,2,01,A01
201200032639,0,07,000,00,2,1,11,A01
201200032639,0,15,000,00,2,1,01,B01
201200032640,0,17,000,06,2,1,01,B01
201200032640,0,07,000,00,2,3,01,A01
201200032641,0,07,000,00,2,2,01,A01
201200032641,0,30,000,00,2,8,01,B01
201200032642,0,07,000,00,1,2,01,A01
201200032643,0,07,000,00,0,3,00,A01
201200032644,0,07,000,00,2,1,21,C01
201200032644,0,07,000,00,2,9,13,A01
201200032644,0,07,000,00,2,7,21,B01
201200032645,1,99,000,00,2,1,01,Z01
201200032645,0,01,000,00,2,8,15,Y01
201200032646,0,07,000,00,2,9,09,A01
201200032646,0,10,000,04,2,3,01,C01
201200032646,0,07,000,00,2,3,09,B01
201200032647,0,07,000,00,2,1,02,A01
201200032647,0,07,000,00,2,4,02,B01
201200032648,0,07,000,00,1,1,01,A01
201200032649,0,10,000,00,1,3,01,A01
201200032650,0,07,000,00,2,1,15,A01
201200032650,0,07,000,15,2,3,01,B01
201200032651,0,07,000,00,1,2,02,A01
201200032652,0,30,000,00,2,8,02,B01
201200032652,0,07,000,00,2,2,01,A01
201200032653,0,07,000,00,1,3,15,A01
201200032654,0,07,000,01,2,8,01,A01
201200032654,0,07,000,00,2,1,01,B01
201200032655,0,07,000,00,1,1,16,A01
201200032656,0,07,000,00,2,1,01,B01
201200032656,0,07,000,00,2,1,13,A01
201200032657,0,07,000,00,1,1,01,A01
201200032658,0,07,000,00,1,1,15,A01
201200032659,0,07,000,00,1,1,02,A01
201200032660,0,30,000,00,2,0,05,A01
201200032660,0,07,000,00,2,2,15,B01
201200032661,0,07,000,00,1,1,04,A01
201200032662,0,07,000,00,2,1,01,B01
201200032662,0,30,000,00,2,1,05,A01
201200032663,0,07,000,00,1,3,15,A01
201200032664,0,10,000,00,2,3,01,B01
201200032664,0,10,000,00,2,1,12,A01
201200032665,0,07,000,00,1,1,01,A01
201200032666,0,07,000,00,1,8,01,A01
201200032667,0,07,000,00,2,1,01,B01
201200032667,0,07,000,00,2,3,16,A01
201200032668,0,01,000,00,2,1,05,B01
201200032668,0,07,000,00,2,1,15,A01
201200032669,0,07,000,00,1,2,01,A01
201200032670,0,07,000,00,1,1,01,A01
201200032671,0,10,000,00,2,1,01,B01
201200032671,0,07,000,00,2,1,15,A01
201200032672,0,07,000,01,0,1,01,A01
201200032673,0,07,000,00,2,8,15,B01
201200032673,0,31,000,00,2,7,17,A01
201200032674,0,07,000,00,2,0,00,B01
201200032674,0,07,000,00,2,0,00,A01
201200032675,0,33,000,00,2,9,01,B01
201200032675,0,07,000,00,2,1,01,A01
201200032676,0,07,000,00,1,1,01,A01
201200032677,0,07,000,06,0,1,01,A01
201200032678,0,07,000,00,1,1,16,A01
201200032679,0,07,000,00,2,1,02,A01
201200032679,0,07,000,00,2,4,02,B01
201200032680,0,07,000,00,1,1,01,A01
201200032681,0,07,000,00,1,3,15,A01
201200032682,1,99,000,00,0,0,00,A01
201200032683,0,07,000,00,2,7,01,A01
201200032683,0,07,000,00,2,1,01,B01
201200032684,0,07,000,00,2,4,23,B01
201200032684,0,07,000,14,0,1,01,A01
201200032685,0,07,000,00,1,3,16,A01
201200032686,0,07,000,00,1,1,01,A01
201200032687,0,02,000,00,2,8,01,B01
201200032687,0,07,000,00,2,2,16,A01
201200032688,0,07,000,00,1,2,01,A01
201200032689,0,07,000,00,2,7,15,A01
201200032689,0,07,000,00,2,1,01,B01
201200032690,0,07,000,00,1,1,02,A01
201200032691,0,07,000,00,1,1,15,A01
201200032692,0,07,000,00,2,3,01,B01
201200032692,0,07,000,00,2,3,13,A01
201200032693,0,07,000,15,2,2,02,B01
201200032693,0,07,000,15,2,6,02,A01
201200032694,0,10,000,00,2,1,19,A01
201200032694,0,07,000,00,2,7,01,B01
201200032695,0,02,000,00,2,1,17,A01
201200032695,0,07,000,00,2,6,15,B01
201200032696,1,32,000,00,0,0,00,Z01
201200032697,0,33,000,00,2,9,01,B01
201200032697,0,07,000,00,2,3,15,A01
201200032698,0,07,000,14,4,9,01,A01
201200032698,0,40,000,00,2,1,01,B01
201200032698,0,07,000,00,2,1,23,D01
201200032698,0,07,000,00,2,1,23,C01
201200032699,0,37,010,00,2,1,02,A01
201200032699,0,07,000,00,2,4,23,B01
201200032700,0,07,000,00,1,2,01,B01
201200032701,0,07,000,00,2,2,15,A01
201200032701,0,07,000,00,2,2,01,B01
201200032702,1,32,000,00,0,0,00,Z01
201200032703,0,07,000,00,5,8,01,A01
201200032704,0,07,000,00,2,1,02,A01
201200032704,0,07,000,00,2,4,02,B01
201200032704,0,07,000,00,2,4,02,C01
201200032705,0,07,000,00,2,1,01,C01
201200032705,0,07,000,00,2,3,15,B01
201200032705,0,07,000,00,2,6,15,A01
201200032706,0,07,000,00,1,1,01,A01
201200032707,0,31,000,00,2,0,01,A01
201200032707,0,07,000,00,2,0,09,B01
201200032708,0,07,000,00,2,3,01,B01
201200032708,0,01,000,00,2,1,01,A01
201200032709,0,07,000,00,2,3,01,A01
201200032709,0,03,000,00,2,1,01,B01
201200032710,0,07,000,00,1,1,15,A01
201200032711,0,07,000,00,1,1,01,A01
201200032712,0,07,000,00,1,2,01,A01
201200032713,0,07,000,00,2,2,17,A01
201200032713,0,07,000,00,2,1,01,B01
201200032714,0,10,000,00,2,1,15,A01
201200032714,0,10,000,00,2,1,01,B01
201200032715,0,07,000,00,2,1,01,A01
201200032715,0,01,000,00,2,8,01,B01
201200032716,0,30,000,14,0,1,02,A01
201200032716,0,07,000,00,2,6,23,B01
201200032717,0,07,000,00,9,1,24,A01
201200032718,0,01,000,00,1,1,16,A01
201200032719,0,07,000,00,2,3,09,A01
201200032719,0,33,000,00,9,7,02,B01
201200032720,0,07,000,00,0,4,02,B01
201200032720,0,07,000,00,2,1,02,A01
201200032721,0,07,000,00,2,8,11,A01
201200032721,1,07,000,00,0,0,04,B01
201200032722,0,07,000,00,1,2,01,A01
201200032723,0,07,000,00,2,7,22,A01
201200032723,0,30,000,01,2,1,18,B01
201200032723,0,07,000,00,2,6,24,C01
201200032724,1,15,000,00,0,0,00,Z01
201200032725,0,07,000,02,0,1,21,A01
201200032725,1,30,000,00,0,0,00,B01
201200032726,0,07,000,00,1,2,01,A01
201200032727,0,32,000,00,2,1,01,A01
201200032727,0,07,000,00,9,5,15,B01
201200032728,0,07,000,00,2,1,01,A01
201200032728,0,07,000,00,2,8,02,B01
201200032729,0,03,000,00,2,3,15,B01
201200032729,1,07,000,00,2,1,02,Z01
201200032730,0,07,000,01,0,2,02,A01
201200032731,0,33,000,00,2,1,01,B01
201200032731,0,10,000,00,2,2,15,A01
201200032732,0,01,000,14,0,1,02,A01
201200032732,0,07,000,00,9,4,02,B01
201200032733,0,02,000,00,2,1,17,A01
201200032733,0,07,000,00,2,8,15,B01
201200032734,0,07,000,01,0,1,00,A01
201200032735,0,10,000,00,1,2,12,A01