Num_Acc,senc,catv,occutc,obs,obsm,choc,manv,num_veh
201200033111,0,07,000,00,2,1,01,B01
201200033111,0,07,000,00,2,3,15,A01
201200033112,0,07,000,00,1,2,01,A01
201200033113,0,10,000,00,0,4,02,B01
201200033113,0,07,000,00,0,4,02,D01
201200033113,0,07,000,00,2,1,01,A01
201200033113,0,07,000,00,0,4,02,C01
201200033114,0,07,000,02,0,1,00,A01
201200033115,0,07,000,00,2,3,24,C01
201200033115,0,07,000,14,2,2,01,A01
201200033115,0,07,000,00,2,3,01,B01
201200033116,0,07,000,01,2,2,01,A01
201200033116,0,07,000,01,2,1,15,B01
201200033117,0,07,000,00,2,3,01,A01
201200033117,0,07,000,00,2,1,06,B01
201200033118,0,07,000,00,2,3,01,B01
201200033118,0,07,000,00,2,2,02,A01
201200033119,0,10,000,01,0,1,02,A01
201200033120,0,07,000,00,0,3,15,A01
201200033120,0,32,000,00,0,3,01,B01
201200033121,0,07,000,00,1,1,01,A01
201200033122,0,07,000,00,2,1,01,A01
201200033122,0,07,000,00,2,8,05,B01
201200033123,0,07,000,00,1,1,01,A01
201200033124,0,07,000,00,1,7,01,A01
201200033125,0,07,000,00,2,2,01,B01
201200033125,0,07,000,00,2,7,15,A01
201200033126,0,30,000,00,2,1,01,B01
201200033126,0,07,000,00,0,3,15,A01
201200033127,0,10,000,00,0,7,12,A01
201200033127,0,07,000,00,0,8,01,B01
201200033128,0,03,000,00,1,1,16,A01
201200033129,2,07,000,00,2,1,00,A01
201200033129,0,07,000,00,2,1,01,B01
201200033130,0,07,000,00,1,7,01,A01
201200033131,0,10,000,00,1,3,01,A01
201200033132,0,07,000,00,2,1,01,B01
201200033132,0,07,000,00,0,1,01,C01
201200033132,0,07,000,00,2,2,15,A01
201200033133,0,07,000,00,2,1,01,A01
201200033133,0,07,000,00,2,8,09,B01
201200033134,0,03,000,00,2,1,01,A01
201200033134,0,07,000,00,2,4,01,B01
201200033135,0,07,000,00,1,2,17,A01
201200033136,0,07,000,00,1,1,01,A01
201200033137,0,02,000,00,2,1,01,A01
201200033137,0,07,000,00,2,1,19,B01
201200033138,0,10,000,00,2,2,22,A01
201200033138,0,01,000,01,0,1,01,B01
201200033139,0,07,000,00,2,3,01,A01
201200033139,0,07,000,00,2,6,15,B01
201200033140,0,01,000,00,2,0,01,B01
201200033140,0,07,000,00,2,0,00,A01
201200033141,0,07,000,00,1,3,01,A01
201200033142,0,07,000,00,1,1,01,A01
201200033143,0,07,000,00,2,2,13,A01
201200033143,0,33,000,00,2,7,01,B01
201200033144,0,07,000,02,0,3,00,A01
201200033145,0,07,000,00,1,2,01,A01
201200033146,0,07,000,02,0,3,01,A01
201200033147,0,07,000,00,0,4,01,C01
201200033147,0,07,000,00,2,1,01,B01
201200033147,0,07,000,00,2,1,01,A01
201200033148,0,07,000,00,1,1,01,A01
201200033149,0,07,000,01,2,1,01,A01
201200033149,0,07,000,00,2,3,01,B01
201200033150,0,33,000,00,2,1,01,B01
201200033150,0,07,000,00,2,2,09,A01
201200033151,0,07,000,00,2,3,13,A01
201200033151,0,07,000,00,2,9,01,C01
201200033151,0,07,000,00,2,6,01,F02
201200033151,0,07,000,00,2,8,01,B01
201200033151,0,07,000,00,2,1,01,E01
201200033151,0,07,000,00,2,1,01,D01
201200033152,0,07,000,00,2,3,01,B01
201200033152,0,07,000,00,2,3,16,A01
201200033153,0,02,000,01,0,1,15,A01
201200033154,0,07,000,00,2,0,00,B01
201200033154,0,07,000,08,2,0,00,A01
201200033155,0,37,000,00,1,2,01,A01
201200033156,0,07,000,15,0,1,01,A01
201200033157,0,30,000,00,2,1,13,A01
201200033157,0,07,000,00,2,3,01,B01
201200033158,0,30,000,00,2,3,01,B01
201200033158,0,07,000,00,2,2,01,A01
201200033159,0,07,000,00,2,0,15,A01
201200033159,0,07,000,00,2,0,01,B01
201200033160,0,33,000,00,2,1,01,B01
201200033160,0,07,000,00,2,7,15,A01
201200033161,0,33,000,00,2,8,01,A01
201200033161,0,07,000,00,2,6,01,B01
201200033162,0,07,000,00,2,1,10,A01
201200033162,0,33,000,00,2,1,17,B01
201200033163,0,07,000,09,0,1,01,A01
201200033164,0,07,000,00,1,2,01,A01
201200033165,0,07,000,00,2,4,01,B01
201200033165,0,07,000,00,2,4,01,C01
201200033165,0,07,000,00,2,1,01,A01
201200033166,0,07,000,00,2,2,01,B01
201200033166,0,07,000,00,2,3,09,A01
201200033167,0,30,000,03,0,7,17,A01
201200033167,0,07,000,00,0,0,01,B01
201200033168,0,30,000,00,2,1,01,A01
201200033168,0,07,000,00,2,4,02,B01
201200033169,0,34,000,00,2,7,01,B01
201200033169,0,07,000,00,2,1,01,A01
201200033170,0,07,000,00,1,4,04,A01
201200033171,0,07,000,00,2,3,15,A01
201200033171,0,33,000,00,2,1,01,B01
201200033172,0,07,000,00,1,1,01,A01
201200033173,0,30,000,05,0,0,01,A01
201200033174,0,07,000,00,1,1,01,A01
201200033175,0,07,000,00,2,8,00,A01
201200033175,0,07,000,00,2,3,01,B01
201200033176,0,01,000,00,2,0,19,B01
201200033176,0,07,000,00,2,1,01,A01
201200033177,0,07,000,00,2,1,01,A01
201200033177,0,07,000,00,2,4,01,B01
201200033178,0,07,000,00,2,2,20,A01
201200033178,0,30,000,00,2,8,01,B01
201200033179,0,07,000,00,1,1,01,A01
201200033180,0,37,001,00,1,1,01,A01
201200033181,0,07,000,00,1,8,04,A01
201200033182,0,07,000,00,2,0,00,A01
201200033182,0,07,000,09,0,7,01,C01
201200033182,0,01,000,00,2,4,01,B01
201200033183,0,31,000,09,0,1,00,A01
201200033184,0,07,000,01,0,9,00,A01
201200033185,0,30,000,12,0,1,13,A01
201200033186,0,30,000,00,2,1,01,B01
201200033186,0,07,000,00,2,7,01,A01
201200033187,0,07,000,00,2,1,06,A01
201200033187,0,03,000,00,2,3,01,B01
201200033188,0,07,000,00,1,1,01,A01
201200033189,0,07,000,00,2,1,01,B01
201200033189,0,07,000,00,2,1,05,A01
201200033190,0,30,000,00,2,1,01,B01
201200033190,0,07,000,00,2,4,15,A01
201200033191,0,07,000,00,1,1,01,A01
201200033192,0,07,000,00,2,4,01,B01
201200033192,0,07,000,00,2,1,01,A01
201200033193,0,07,000,00,2,3,00,A01
201200033193,0,07,000,00,2,3,01,B01
201200033194,0,33,000,08,0,1,01,A01
201200033195,0,13,000,00,2,1,09,A01
201200033195,0,07,000,00,2,7,01,B01
201200033196,0,07,000,00,2,1,01,A01
201200033196,0,07,000,00,2,4,01,C01
201200033196,0,07,000,00,2,0,01,B01
201200033197,0,33,000,00,2,1,01,A01
201200033197,0,07,000,00,2,4,01,B01
201200033198,0,33,000,00,2,6,15,B01
201200033198,0,07,000,00,2,3,15,A01
201200033199,0,07,000,00,2,8,15,A01
201200033199,0,30,000,00,2,7,13,B01
201200033200,0,07,000,00,2,3,01,B01
201200033200,0,07,000,00,2,0,15,A01
201200033201,0,07,000,00,2,2,16,A01
201200033201,0,30,000,01,2,1,01,B01
201200033202,0,07,000,00,2,1,01,A01
201200033202,0,01,000,00,2,4,01,B01
201200033203,0,07,000,00,2,1,17,A01
201200033203,0,07,000,00,2,1,01,B01
201200033204,0,07,000,00,1,1,00,A01
201200033205,0,03,000,02,0,1,00,A01
201200033206,0,07,000,00,1,0,00,A01
201200033207,0,07,000,00,2,1,15,B01
201200033207,0,32,000,00,2,1,01,A01
201200033208,0,30,000,00,2,1,01,B01
201200033208,0,07,000,00,2,3,17,A01
201200033209,0,07,000,00,2,1,01,B01
201200033209,0,07,000,00,2,1,13,A01
201200033210,0,30,000,00,2,1,01,B01
201200033210,0,07,000,00,2,3,10,A01
201200033211,0,01,000,00,2,1,19,B01
201200033211,0,07,000,00,2,2,01,A01
201200033212,0,07,000,00,2,8,16,A01
201200033212,0,30,000,00,2,8,01,B01
201200033213,0,07,000,00,1,1,01,A01
201200033214,0,07,000,00,1,1,16,A01
201200033215,0,07,000,00,2,2,01,B01
201200033215,0,07,000,00,2,8,09,A01
201200033216,0,07,000,03,2,1,05,A01
201200033216,0,07,000,00,2,1,01,B01
201200033217,0,01,000,00,2,6,19,B01
201200033217,1,07,000,00,2,1,16,Z01
201200033218,0,07,000,00,1,1,01,A01
201200033219,0,14,000,00,1,8,01,A01
201200033220,0,07,000,00,2,7,17,A01
201200033220,0,07,000,00,2,8,01,B01
201200033221,0,07,000,00,2,8,01,C01
201200033221,0,07,000,00,2,6,01,B01
201200033221,0,07,000,02,2,3,13,A01
201200033221,0,07,000,00,2,2,01,D01
201200033222,0,07,000,00,2,1,01,A01
201200033222,0,10,000,00,2,8,15,B01
201200033223,0,02,000,00,2,1,01,A01
201200033223,0,07,000,00,2,8,01,B01
201200033224,0,02,000,00,2,8,01,A01
201200033225,0,07,000,08,2,0,00,A01
201200033225,0,07,000,00,2,0,00,B01
201200033226,0,07,000,00,2,2,15,A01
201200033226,0,30,000,00,2,1,01,B01
201200033227,0,30,000,00,2,7,01,B01
201200033227,0,17,000,00,2,1,01,A01
201200033228,0,07,000,00,2,3,09,A01
201200033228,0,33,000,00,2,1,01,B01
201200033229,0,07,000,00,1,0,01,A01
201200033230,0,07,000,00,2,1,01,A01
201200033230,0,07,000,00,2,1,01,B01
201200033230,0,07,000,00,2,4,01,C01
201200033231,0,07,000,00,2,8,24,A01
201200033231,0,01,000,01,0,1,01,B01
201200033232,0,07,000,06,2,2,01,A01
201200033232,0,07,000,00,2,1,01,B01
201200033233,0,07,000,00,1,2,01,A01
201200033234,0,07,000,00,2,3,15,A01
201200033234,0,33,000,00,2,1,01,B01
201200033235,0,07,000,00,1,1,01,A01
201200033236,0,02,000,00,2,1,01,B01
201200033236,0,07,000,00,2,1,15,A01
201200033237,0,07,000,00,1,3,01,A01
201200033238,0,33,000,00,1,1,01,A01
201200033239,0,07,000,00,1,1,01,A01
201200033240,0,07,000,00,0,4,01,C01
201200033240,0,10,000,00,2,1,01,A01
201200033240,0,07,000,00,2,4,01,B01
201200033241,0,07,000,00,1,1,01,A01
201200033242,0,07,000,00,2,5,09,A01
201200033242,0,07,000,00,2,6,01,B01
201200033242,0,07,000,00,2,1,01,C01
201200033243,0,02,000,00,2,7,01,B01
201200033243,0,07,000,00,2,1,15,A01
201200033244,0,01,000,00,0,7,19,B01
201200033244,0,07,000,00,0,3,01,A01
201200033245,0,07,000,00,2,3,01,B01
201200033245,0,07,000,00,2,1,13,A01
201200033246,0,07,000,00,2,2,19,A01
201200033246,0,02,000,00,2,8,17,B01
201200033247,0,07,000,00,2,3,09,A01
201200033247,0,07,000,00,2,3,01,B01
201200033248,0,07,000,00,1,3,01,A01
201200033249,0,07,000,00,1,1,01,A01
201200033250,0,07,000,00,2,7,01,A01
201200033250,0,07,000,00,2,1,01,B01
201200033251,0,07,000,00,2,2,15,B01
201200033251,0,32,000,00,2,1,17,A01
201200033252,0,07,000,00,1,3,01,A01
201200033253,0,38,001,00,1,7,20,A01
201200033254,0,37,001,00,2,2,01,B01
201200033254,0,07,000,00,2,3,09,A01
201200033255,0,07,000,00,2,3,17,A01
201200033255,0,07,000,13,2,3,01,B01
201200033256,0,07,000,00,2,2,01,B01
201200033256,0,07,000,06,2,3,09,A01
201200033257,0,07,000,00,2,1,01,B01
201200033257,0,07,000,00,2,7,13,A01
201200033258,1,36,000,00,1,1,00,A01
201200033259,0,01,000,00,2,1,01,B01
201200033259,0,07,000,00,2,2,09,A01
201200033260,2,07,000,00,1,1,16,A01
201200033261,0,30,000,00,2,1,17,A01
201200033261,0,07,000,00,2,3,01,B01
201200033262,0,33,000,00,0,5,09,A01
201200033262,0,07,000,12,2,1,01,B01
201200033263,0,07,000,00,2,3,22,A01
201200033263,0,01,000,00,2,7,19,B01
201200033263,0,07,000,00,2,2,01,C01
201200033264,0,07,000,00,2,1,01,A01
201200033264,0,01,000,00,2,8,19,B01
201200033265,0,07,000,00,2,1,13,A01
201200033265,0,07,000,03,2,1,01,B01
201200033266,0,07,000,00,2,3,24,A01
201200033266,0,01,000,00,2,2,01,B01
201200033267,0,37,001,00,2,7,17,A01
201200033267,0,01,000,00,2,8,01,B01
201200033268,0,07,000,00,1,6,04,A01
201200033269,0,33,000,00,2,7,17,B01
201200033269,0,07,000,00,2,2,09,A01
201200033270,0,07,000,00,1,2,01,A01
201200033271,0,07,000,00,1,2,01,A01
201200033272,0,07,000,00,1,3,01,A01
201200033273,0,07,000,00,1,2,01,A01
201200033274,0,07,000,13,2,7,13,A01
201200033274,0,07,000,13,2,1,01,B01
201200033275,0,38,001,00,1,7,16,A01
201200033276,0,07,000,00,1,2,01,A01
201200033277,0,07,000,00,2,2,24,B01
201200033277,0,07,000,00,2,2,19,A01
201200033278,0,07,000,00,1,2,15,A01
201200033279,0,07,000,00,1,2,00,A01
201200033280,0,07,000,00,1,1,15,A01
201200033281,0,07,000,00,2,1,02,A01
201200033281,0,10,000,00,2,4,02,C01
201200033281,0,07,000,00,2,4,02,B01
201200033282,0,07,000,00,1,2,01,A01
201200033283,0,07,000,03,0,1,16,A01
201200033284,0,33,000,00,2,0,01,A01
201200033284,1,10,000,00,2,0,00,B01
201200033285,0,31,000,00,2,1,17,A01
201200033285,0,07,000,00,2,3,15,B01
201200033286,0,07,000,00,2,1,13,A01
201200033286,0,07,000,00,2,1,01,B01
201200033287,0,07,000,00,2,3,13,A01
201200033287,0,07,000,00,2,1,01,B01
201200033288,0,07,000,00,0,9,17,A01
201200033289,0,33,000,00,2,1,01,B01
201200033289,0,07,000,00,2,1,13,A01
201200033290,0,07,000,00,1,7,01,A01
201200033291,0,07,000,13,0,1,14,A01
201200033292,0,37,002,00,1,2,01,A01
201200033293,0,07,000,00,2,3,15,A01
201200033293,0,33,000,00,2,1,01,B01
201200033294,0,07,000,00,1,3,01,A01
201200033295,0,07,000,00,1,1,00,A01
201200033296,0,07,000,00,2,1,01,B01
201200033296,0,07,000,00,2,8,01,A01
201200033297,0,07,000,00,1,3,01,A01
201200033298,2,07,000,00,2,8,01,B01
201200033298,0,07,000,00,2,1,01,A01
201200033299,0,07,000,00,2,3,01,B01
201200033299,0,07,000,00,2,2,01,A01
201200033300,0,33,000,00,2,8,01,B01
201200033300,0,07,000,00,2,5,12,A01
201200033301,0,07,000,00,2,1,01,B01
201200033301,0,07,000,00,2,1,05,A01
201200033302,0,07,000,00,2,1,09,A01
201200033302,0,33,000,00,2,4,01,B01
201200033303,0,07,000,03,0,1,17,A01
201200033304,0,07,000,00,1,1,01,B01
201200033305,0,07,000,00,1,6,04,A01
201200033306,0,07,000,00,2,3,00,B01
201200033306,0,07,000,00,2,3,09,A01
201200033307,0,07,000,00,1,2,01,A01
201200033308,0,07,000,04,0,3,13,A01
201200033309,1,07,000,00,1,0,00,Z01
201200033310,0,07,000,00,2,7,01,A01
201200033310,0,07,000,00,2,1,01,B01
201200033311,0,30,000,00,2,1,19,B01
201200033311,0,07,000,00,2,2,01,A01
201200033312,0,30,000,00,2,1,01,B01
201200033312,0,07,000,00,2,3,15,A01
201200033313,0,31,000,00,2,1,01,A01
201200033313,0,07,000,00,2,1,15,B01
201200033314,0,02,000,00,0,2,01,A01
201200033315,0,07,000,00,2,1,01,A01
201200033315,0,07,000,00,2,7,19,B01
201200033316,0,02,000,00,0,1,01,A01
201200033317,0,30,000,00,2,4,15,A01
201200033317,0,33,000,00,2,2,01,B01
201200033318,0,07,000,00,1,4,04,A01
201200033319,1,07,000,00,0,0,00,X01
201200033319,0,30,000,00,2,1,01,A01
201200033320,0,07,000,00,2,1,15,A01
201200033320,0,33,000,00,2,1,01,B01
201200033321,0,07,000,00,1,2,01,A01
201200033322,0,07,000,00,1,1,01,A01
201200033323,0,07,000,00,2,3,19,A01
201200033323,0,10,000,00,2,2,01,B01
201200033324,0,13,000,00,1,1,15,A01
201200033325,0,07,000,00,1,1,15,A01
201200033326,0,07,000,00,1,8,00,A01
201200033327,0,07,000,00,2,1,01,B01
201200033327,0,07,000,00,2,1,01,A01
201200033328,0,07,000,00,2,1,01,A01
201200033328,0,07,000,00,2,3,15,B01
201200033329,0,33,000,13,1,1,01,A01
201200033330,0,07,000,00,1,2,01,A01
201200033331,0,07,000,00,1,2,01,A01
201200033332,0,07,000,00,2,1,01,C01
201200033332,0,07,000,00,2,3,17,A01
201200033332,0,17,000,00,2,3,01,D01
201200033332,0,07,000,00,2,3,01,B01
201200033333,0,02,000,00,2,1,01,B01
201200033333,0,07,000,00,2,3,01,A01
201200033334,0,07,000,00,1,4,04,A01
201200033335,0,33,000,00,2,7,01,B01
201200033335,0,07,000,00,2,3,15,A01
201200033336,0,02,000,00,2,7,19,A01
201200033336,0,07,000,00,2,1,01,B01
201200033337,0,07,000,00,2,1,02,A01
201200033337,0,07,000,00,2,4,02,B01
201200033338,0,10,000,08,0,3,00,A01
201200033339,0,33,000,00,2,2,02,A01
201200033339,0,13,000,00,0,6,15,B01
201200033340,0,01,000,00,2,7,00,B01
201200033340,0,07,000,00,0,1,09,A01
201200033341,0,07,000,00,2,2,17,A01
201200033341,0,07,000,08,2,6,01,B01
201200033342,0,02,000,00,2,1,01,B01
201200033342,0,07,000,00,2,6,20,A01
201200033343,0,07,000,00,2,2,15,B01
201200033343,0,30,000,00,2,1,01,A01
201200033344,0,07,000,00,2,3,01,A01
201200033344,0,07,000,00,2,3,13,B01
201200033345,0,02,000,12,0,2,14,A01
201200033346,0,02,000,00,2,8,01,A01
201200033346,0,07,000,00,2,5,17,B01
201200033347,0,02,000,00,0,4,01,B01
201200033347,0,30,000,00,2,1,02,A01
201200033348,0,07,000,00,2,1,13,A01
201200033348,0,07,000,00,2,3,01,B01
201200033349,1,99,000,00,0,0,00,A01
201200033350,0,02,000,00,2,2,01,B01
201200033350,0,07,000,00,2,1,15,A01
201200033351,0,33,000,02,0,1,01,A01
201200033352,0,07,000,00,2,8,13,B01
201200033352,0,07,000,00,2,1,01,A01
201200033353,0,07,000,00,1,2,01,A01
201200033354,0,07,000,00,2,1,02,B01
201200033354,0,07,000,00,0,4,02,A01
201200033355,0,07,000,04,0,1,00,A01
201200033356,0,01,000,00,2,5,01,B01
201200033356,0,07,000,00,2,3,09,A01
201200033357,0,07,000,00,0,3,15,B01
201200033357,0,30,000,00,2,1,01,A01
201200033358,0,07,000,00,2,6,01,B01
201200033358,0,07,000,00,2,1,01,A01
201200033359,0,07,000,00,1,1,16,A01
201200033360,0,10,000,00,1,3,01,A01
201200033361,2,02,000,12,0,0,01,A01
201200033362,0,02,000,00,0,0,00,A01
201200033363,0,07,000,00,2,4,23,C01
201200033363,0,07,000,00,2,4,02,B01
201200033363,0,07,000,01,0,4,02,A01
201200033364,0,34,000,00,0,8,02,A01
201200033364,0,07,000,00,2,2,09,B01
201200033365,0,10,000,00,2,1,15,A01
201200033365,0,33,000,00,0,1,01,B01
201200033366,0,30,000,00,0,0,01,A01
201200033367,0,07,000,00,2,1,02,A01
201200033367,0,14,000,00,0,4,23,B01
201200033368,0,07,000,08,0,9,13,A01
201200033369,0,07,000,02,0,1,00,A01
201200033370,0,30,000,00,0,1,01,A01
201200033371,0,07,000,04,0,1,00,A01
201200033372,0,07,000,00,1,2,01,A01
201200033373,0,33,000,00,0,8,01,A01
201200033374,0,33,000,12,9,7,01,A01
201200033375,0,07,000,00,0,1,02,C01
201200033375,0,07,000,00,0,0,02,B01
201200033375,0,07,000,00,0,4,02,A01
201200033376,0,07,000,00,2,4,02,B01
201200033376,0,07,000,00,2,1,02,A01
201200033377,0,33,000,14,0,1,02,A01
201200033377,0,07,000,00,2,4,02,B01
201200033378,0,07,000,06,0,3,00,A01
201200033379,0,07,000,00,1,8,01,A01
201200033380,0,33,000,00,2,8,01,B01
201200033380,0,07,000,00,2,1,19,A01
201200033381,0,07,000,00,1,1,02,A01
201200033382,0,07,000,00,9,1,02,A01
201200033382,0,01,000,00,2,8,13,B01
201200033383,0,33,000,00,0,1,01,A01
201200033384,0,10,000,00,2,1,00,B01
201200033384,0,07,000,12,0,8,00,A01
201200033385,0,07,000,00,2,2,01,A01
201200033385,0,07,000,00,2,3,09,B01
201200033386,0,07,000,00,0,4,20,B01
201200033386,0,33,000,00,2,1,02,A01
201200033387,0,30,000,00,0,7,02,A01
201200033388,0,17,000,00,0,1,02,A01
201200033389,0,07,000,00,2,1,00,B01
201200033389,0,07,000,00,2,3,08,A01
201200033390,0,07,000,00,1,2,01,A01
201200033391,1,99,000,00,0,0,00,A01
201200033392,0,30,000,00,2,1,15,A01
201200033392,0,07,000,00,2,1,00,B01
201200033393,0,33,000,00,2,1,01,B01
201200033393,0,07,000,00,0,2,15,A01
201200033394,0,07,000,00,2,2,01,B01
201200033394,0,07,000,00,2,8,10,A01
201200033395,0,07,000,00,1,1,01,A01
201200033396,0,07,000,00,2,1,01,A01
201200033396,0,07,000,00,0,1,01,B01
201200033397,0,10,000,00,0,1,02,A01
201200033397,0,07,000,00,0,4,02,B01
201200033398,0,07,000,12,0,9,01,A01
201200033399,0,07,000,00,2,3,05,A01
201200033399,0,07,000,00,2,3,05,B01
201200033399,0,07,000,00,2,0,00,C01
201200033400,0,07,000,00,0,8,22,A01
201200033400,0,01,000,01,0,1,17,B01
201200033401,0,07,000,00,2,0,01,B01
201200033401,0,07,000,00,2,1,00,A01
201200033402,0,07,000,07,0,3,02,A01
201200033403,0,33,000,00,2,0,13,B01
201200033403,0,07,000,00,0,0,00,A01
201200033404,0,07,000,03,0,3,13,A01
201200033405,0,07,000,00,1,2,00,A01
201200033406,0,07,000,00,1,3,01,A01
201200033407,0,07,000,00,0,1,00,A01
201200033408,0,07,000,00,0,0,04,B01
201200033408,0,30,000,00,0,0,01,A01
201200033409,0,07,000,00,0,7,00,A01
201200033409,0,07,000,00,2,1,00,B01
201200033410,0,07,000,03,2,0,01,B01
201200033410,0,07,000,03,2,0,09,A01
201200033411,0,07,000,00,2,3,15,B01
201200033411,0,07,000,00,2,3,00,A01
201200033412,0,07,000,00,1,2,17,A01
201200033413,0,07,000,00,2,1,13,A01
201200033413,0,07,000,00,2,3,00,B01
201200033413,0,07,000,00,2,3,23,C01
201200033414,0,07,000,00,0,8,15,A01
201200033414,0,02,000,00,0,1,15,B01
201200033415,0,07,000,00,1,5,15,A01
201200033415,0,01,000,00,2,0,02,B01
201200033416,0,07,000,08,0,1,00,A01
201200033417,0,07,000,00,1,1,15,A01
201200033418,0,07,000,00,2,3,00,C01
201200033418,0,07,000,00,2,1,17,B01
201200033418,0,07,000,00,2,1,05,A01
201200033419,0,07,000,01,2,1,14,A01
201200033420,0,07,000,00,0,4,04,A01
201200033421,0,07,000,00,1,3,01,A01
201200033422,0,07,000,00,1,1,09,A01
201200033423,0,07,000,00,1,7,01,A01
201200033424,0,07,000,00,1,2,15,A01
201200033425,0,07,000,00,1,2,02,A01
201200033426,0,07,000,00,1,0,15,A01
201200033427,0,07,000,06,0,1,01,A01
201200033428,0,07,000,00,0,9,01,A01
201200033429,0,07,000,00,2,1,02,A01
201200033429,0,07,000,00,0,5,02,D01
201200033429,0,07,000,00,2,4,02,C01
201200033429,0,07,000,00,2,4,02,B01
201200033430,1,99,000,00,0,0,00,A01
201200033430,0,01,000,00,2,4,05,B01
201200033431,0,07,000,00,2,3,05,A01
201200033431,0,17,000,00,2,3,05,B01
201200033432,0,07,000,00,1,1,02,A01
201200033433,1,07,000,01,0,3,19,A01
201200033433,0,07,000,00,0,6,00,B01
201200033434,0,07,000,00,1,1,00,A01
201200033435,1,99,000,00,1,0,00,A01
201200033436,0,07,000,00,2,1,01,B01
201200033436,0,07,000,00,2,2,17,A01
201200033437,0,01,000,00,0,0,02,B01
201200033437,0,07,000,00,9,4,05,A01
201200033438,0,07,000,02,0,3,13,A01
201200033439,0,07,000,00,2,3,15,B01
201200033439,0,01,000,00,2,1,01,A01
201200033440,0,07,000,06,2,6,01,B01
201200033440,0,07,000,06,2,3,01,A01
201200033441,0,02,000,01,0,8,05,A01
201200033442,0,07,000,00,2,1,13,D01
201200033442,0,07,000,00,2,1,01,A01
201200033442,0,07,000,00,2,9,01,B01
201200033442,0,07,000,00,2,1,01,C01
201200033443,0,07,000,00,0,1,00,A01
201200033444,0,07,000,00,2,1,13,A01
201200033444,0,07,000,00,2,8,01,C01
201200033444,0,07,000,13,2,2,21,B01
201200033445,0,07,000,00,2,1,05,A01
201200033445,0,07,000,00,2,3,01,B01
201200033446,0,10,000,00,1,2,10,A01
201200033447,0,07,000,00,0,4,00,A01
201200033447,0,01,000,00,2,1,02,B01
201200033448,0,02,000,00,0,7,02,A01
201200033449,0,07,000,00,0,4,24,B01
201200033449,1,07,000,00,2,1,02,A01
201200033450,0,07,000,00,2,3,19,A01
201200033450,0,07,000,00,2,1,01,B01
201200033451,0,07,000,00,1,3,01,A01
201200033452,0,30,000,00,0,8,00,A01
201200033453,0,07,000,00,1,4,04,A01
201200033454,0,07,000,00,1,2,01,A01
201200033455,0,07,000,04,0,1,02,A01
201200033455,0,07,000,15,0,1,01,B01
201200033456,0,37,003,00,1,7,01,A01
201200033457,0,02,000,00,2,7,01,A01
201200033457,0,07,000,00,2,3,01,B01
201200033458,0,07,000,00,2,1,01,A01
201200033458,0,01,000,00,2,8,19,B01
201200033459,0,07,000,00,1,4,04,A01
201200033460,0,07,000,06,0,1,01,A01
201200033461,0,07,000,14,0,3,01,A01
201200033461,0,07,000,00,0,5,00,B01
201200033462,0,07,000,00,2,1,15,A01
201200033462,0,33,000,00,2,2,01,B01
201200033463,0,07,000,00,2,1,02,B01
201200033463,0,01,000,00,2,4,02,A01
201200033464,0,02,000,00,0,4,02,B01
201200033464,1,07,000,00,2,1,02,Z01
201200033465,0,03,000,00,2,5,01,A01
201200033465,0,07,000,00,2,2,01,B01
201200033466,0,07,000,00,1,2,01,A01
201200033467,0,07,000,08,0,3,01,A01
201200033468,0,07,000,07,0,3,02,A01
201200033469,0,30,000,00,0,8,01,A01
201200033470,0,02,000,00,2,1,01,A01
201200033470,0,07,000,00,2,3,15,B01
201200033471,0,30,000,00,0,0,02,B01
201200033471,0,07,000,00,0,0,20,A01
201200033472,0,07,000,00,1,1,01,A01
201200033473,0,07,000,00,0,4,15,B01
201200033473,0,07,000,00,2,3,01,A01
201200033474,1,07,000,00,0,3,05,Z01
201200033474,0,02,000,00,2,8,01,B01
201200033475,1,07,000,00,1,0,01,Z01
201200033476,0,07,000,00,9,2,05,A01
201200033476,0,01,000,00,2,1,00,B01
201200033477,0,07,000,00,2,3,01,B01
201200033477,0,07,000,00,2,3,13,A01
201200033478,0,30,000,01,0,1,01,A01
201200033479,0,02,000,00,2,8,00,B01
201200033479,0,07,000,00,2,3,15,A01
201200033480,1,30,000,00,2,0,05,A01
201200033480,0,01,000,00,2,1,01,B01
201200033481,0,01,000,00,2,5,01,B01
201200033481,0,07,000,00,9,2,01,A01
201200033482,0,07,000,00,2,1,00,A01
201200033482,0,01,000,00,2,7,01,B01
201200033483,0,01,000,00,2,6,01,B01
201200033483,1,07,000,00,9,3,01,A01
201200033484,0,03,000,00,1,2,01,A01
201200033485,0,07,000,00,1,4,04,A01
201200033486,0,07,000,09,0,1,01,A01
201200033487,1,07,000,00,1,1,01,Z01
201200033488,0,07,000,00,1,2,01,A01
201200033489,0,07,000,04,0,3,00,A01
201200033490,0,07,000,00,2,3,10,A01
201200033490,0,02,000,00,2,1,01,B01
201200033491,0,02,000,08,0,1,00,A01
201200033492,0,13,000,13,9,9,00,A01
201200033493,0,07,000,00,2,2,15,A01
201200033493,0,33,000,00,2,1,01,B01
201200033494,0,07,000,00,2,2,12,A01
201200033494,0,30,000,00,0,8,01,B01
201200033495,0,10,000,00,1,7,02,A01
201200033496,0,33,000,00,2,1,01,B01
201200033496,0,10,000,00,2,2,15,A01
201200033497,0,14,000,00,2,4,23,C01