Num_Acc,senc,catv,occutc,obs,obsm,choc,manv,num_veh
201200034948,1,30,000,00,2,1,17,Z01
201200034949,0,07,000,00,0,9,00,A01
201200034950,0,02,000,00,2,1,01,A01
201200034950,0,07,000,00,2,3,01,C01
201200034950,0,07,000,00,2,6,23,B01
201200034951,0,07,000,00,2,1,13,A01
201200034951,0,07,000,00,2,1,01,B01
201200034952,0,07,000,00,2,0,00,A01
201200034952,0,07,000,00,9,1,01,B01
201200034953,0,10,000,00,2,3,09,A01
201200034953,0,30,000,00,2,1,02,B01
201200034954,0,07,000,00,2,4,13,A01
201200034954,0,07,000,00,2,1,01,B01
201200034955,0,07,000,00,1,2,01,A01
201200034956,0,02,000,00,2,1,01,B01
201200034956,0,07,000,00,2,3,15,A01
201200034957,0,07,000,00,2,3,13,A01
201200034957,0,14,000,00,2,6,15,B01
201200034958,0,07,000,00,2,4,14,A01
201200034958,0,07,000,00,2,1,01,B01
201200034959,0,07,000,00,0,4,02,C01
201200034959,0,07,000,00,2,1,02,B01
201200034959,0,07,000,00,2,1,02,A01
201200034960,0,07,000,00,0,4,02,B01
201200034960,0,01,000,00,2,1,02,A01
201200034961,0,02,000,00,9,1,02,A01
201200034961,0,02,000,00,0,4,02,B01
201200034962,0,30,000,00,2,1,01,B01
201200034962,0,07,000,00,2,1,15,A01
201200034963,0,07,000,00,2,3,01,B01
201200034963,0,07,000,15,2,3,13,A01
201200034964,0,10,000,00,0,4,02,B01
201200034964,0,10,000,00,2,1,02,A01
201200034965,0,07,000,00,2,1,01,A01
201200034965,0,07,000,00,2,4,02,B01
201200034965,0,07,000,00,2,4,02,C01
201200034966,0,02,000,00,2,1,01,A01
201200034966,0,07,000,00,2,3,01,B01
201200034967,0,07,000,00,2,6,15,B01
201200034967,0,02,000,00,2,1,17,A01
201200034968,0,07,000,00,2,1,01,B01
201200034968,0,02,000,00,2,1,09,A01
201200034969,0,07,000,00,1,1,01,A01
201200034970,0,07,000,00,2,1,02,A01
201200034970,0,07,000,00,2,5,01,B01
201200034971,0,07,000,03,0,1,14,A01
201200034972,0,07,000,00,2,8,09,A01
201200034972,0,30,000,00,2,1,01,B01
201200034973,0,07,000,00,2,6,09,A01
201200034973,0,01,000,00,2,1,01,B01
201200034974,0,32,000,00,2,7,01,B01
201200034974,0,07,000,00,2,1,15,A01
201200034975,0,02,000,12,0,1,14,A01
201200034976,0,02,000,00,2,7,17,B01
201200034976,0,07,000,00,2,1,15,A01
201200034977,0,33,000,00,2,1,17,B01
201200034977,0,07,000,00,2,2,15,A01
201200034978,0,07,000,00,2,6,15,A01
201200034978,0,02,000,00,2,1,01,B01
201200034979,0,02,000,00,2,1,17,A01
201200034979,0,07,000,00,2,3,15,B01
201200034980,0,31,000,00,2,0,21,B01
201200034980,0,07,000,00,2,8,09,A01
201200034981,0,33,000,00,2,1,00,A01
201200034981,0,07,000,00,2,8,01,C01
201200034981,0,07,000,00,2,8,01,B01
201200034982,0,07,000,00,1,1,01,A01
201200034983,0,32,000,16,0,7,01,A01
201200034984,0,33,000,12,0,1,01,A01
201200034985,0,32,000,00,2,1,17,B01
201200034985,0,07,000,00,2,8,15,A01
201200034986,0,07,000,00,1,2,01,A01
201200034987,0,02,000,16,0,7,01,A01
201200034988,0,33,000,01,0,8,18,A01
201200034989,0,33,000,00,2,1,01,B01
201200034989,0,07,000,00,2,3,23,A01
201200034990,0,33,000,00,2,2,17,B01
201200034990,0,07,000,00,2,3,15,A01
201200034991,0,31,000,16,0,7,14,A01
201200034992,0,02,000,00,2,1,01,B01
201200034992,0,07,000,00,2,2,13,A01
201200034993,0,07,000,03,0,1,13,A01
201200034994,0,07,000,00,2,3,15,B01
201200034994,0,02,000,00,2,1,16,A01
201200034995,0,32,000,00,2,1,01,B01
201200034995,0,07,000,00,2,3,09,A01
201200034996,0,07,000,00,2,3,01,B01
201200034996,0,33,000,00,2,1,02,A01
201200034997,0,21,000,00,2,3,15,B01
201200034997,0,02,000,00,2,1,17,A01
201200034998,0,07,000,00,2,5,15,A01
201200034998,0,33,000,00,2,1,01,B01
201200034999,0,02,000,00,2,1,02,A01
201200034999,0,07,000,00,2,5,01,B01
201200035000,0,07,000,00,2,3,13,A01
201200035000,0,32,000,00,2,1,17,B01
201200035001,0,33,000,00,2,1,17,A01
201200035001,0,07,000,00,2,6,15,B01
201200035002,0,33,000,00,2,6,01,B01
201200035002,0,07,000,00,2,3,13,A01
201200035003,0,07,000,00,2,4,01,C01
201200035003,0,02,000,00,2,4,01,B01
201200035003,0,07,000,00,2,1,02,A01
201200035004,0,07,000,00,1,1,02,A01
201200035005,0,33,000,05,0,8,17,A01
201200035006,0,02,000,00,0,0,02,A01
201200035007,0,34,000,00,2,1,13,A01
201200035007,0,10,000,00,2,3,01,B01
201200035008,0,07,000,00,2,2,19,A01
201200035008,0,32,000,00,2,1,01,B01
201200035009,0,07,000,00,1,2,01,A01
201200035010,0,02,000,00,2,1,17,A01
201200035010,0,07,000,00,2,8,15,B01
201200035011,0,32,000,00,2,1,01,B01
201200035011,0,10,000,00,0,7,15,A01
201200035012,0,07,000,06,0,2,01,A01
201200035013,0,07,000,00,2,1,01,B01
201200035013,0,07,000,00,2,1,17,A01
201200035014,0,33,000,00,0,4,01,B01
201200035014,0,07,000,00,2,1,02,A01
201200035015,0,07,000,00,1,1,01,A01
201200035016,0,07,000,00,2,7,13,A01
201200035016,0,30,000,00,2,1,01,B01
201200035017,0,02,000,00,2,1,01,B01
201200035017,0,07,000,00,2,8,09,A01
201200035018,0,07,000,00,2,3,09,A01
201200035018,0,02,000,00,2,7,02,B01
201200035019,0,07,000,00,2,1,02,A01
201200035019,0,07,000,00,2,4,23,B01
201200035019,0,07,000,00,2,4,23,C01
201200035019,0,07,000,00,2,4,23,D01
201200035020,0,07,000,00,2,3,01,A01
201200035020,0,07,000,00,2,2,01,B01
201200035021,0,07,000,00,2,2,01,A01
201200035021,0,07,000,00,2,3,00,B01
201200035022,0,32,000,00,1,7,01,A01
201200035023,0,38,026,00,2,3,00,B01
201200035023,0,01,000,00,2,1,01,A01
201200035024,0,33,000,00,2,7,01,A01
201200035024,0,07,000,00,2,3,15,B01
201200035025,0,07,000,00,2,3,01,B01
201200035025,0,07,000,00,2,2,09,A01
201200035026,0,07,000,00,1,1,00,A01
201200035027,0,07,000,00,2,2,01,A01
201200035027,0,07,000,00,2,3,15,B01
201200035028,0,07,000,00,2,3,09,A01
201200035028,0,14,000,00,2,7,00,B01
201200035029,0,07,000,00,2,1,01,B01
201200035029,0,07,000,00,2,3,15,A01
201200035030,0,07,000,00,2,3,01,B01
201200035030,0,07,000,00,2,3,01,C01
201200035030,1,10,000,00,2,3,01,A01
201200035031,0,07,000,00,2,2,15,A01
201200035031,0,02,000,00,2,1,01,B01
201200035032,0,07,000,00,2,4,01,B01
201200035032,0,07,000,00,2,2,02,A01
201200035033,0,01,000,00,2,4,13,B01
201200035033,0,07,000,00,9,1,01,A01
201200035034,0,07,000,00,2,3,04,A01
201200035034,0,30,000,01,2,1,01,B01
201200035034,0,07,000,00,9,5,24,C01
201200035035,0,01,000,00,2,2,01,B01
201200035035,0,07,000,00,9,3,02,A01
201200035036,0,02,000,00,2,1,01,B01
201200035036,0,10,000,00,2,1,15,A01
201200035037,0,07,000,00,2,1,01,B01
201200035037,0,07,000,00,2,3,01,A01
201200035038,0,07,000,00,1,2,09,A01
201200035039,0,07,000,00,2,8,01,B01
201200035039,0,15,000,00,2,1,12,A01
201200035040,0,32,000,00,2,1,01,B01
201200035040,0,07,000,00,2,6,10,A01
201200035041,0,07,000,00,1,8,17,A01
201200035042,0,07,000,00,2,6,01,B01
201200035042,0,07,000,00,2,1,06,A01
201200035043,0,33,000,00,2,2,13,A01
201200035043,0,07,000,00,2,3,01,B01
201200035043,0,33,000,00,0,1,13,C01
201200035044,0,07,000,00,2,2,01,A01
201200035044,0,07,000,00,2,1,01,B01
201200035045,0,07,000,00,1,3,01,A01
201200035046,0,07,000,00,2,7,01,A01
201200035046,0,01,000,00,2,8,15,B01
201200035047,0,07,000,00,1,2,01,A01
201200035048,0,07,000,00,2,1,15,A01
201200035048,0,07,000,00,2,8,01,B01
201200035049,0,07,000,00,2,1,01,A01
201200035049,0,07,000,00,4,8,15,B01
201200035050,0,07,000,00,2,1,13,A01
201200035050,0,07,000,00,2,1,01,B01
201200035051,0,15,000,00,1,2,01,A01
201200035052,0,30,000,00,2,8,02,A01
201200035052,0,07,000,00,2,7,17,B01
201200035053,0,07,000,00,2,8,01,B01
201200035053,0,07,000,00,2,1,19,A01
201200035054,0,07,000,00,2,1,02,A01
201200035054,0,07,000,00,2,4,02,B01
201200035055,0,07,000,06,2,8,01,B01
201200035055,0,07,000,00,2,1,00,A01
201200035056,0,07,000,00,2,3,13,A01
201200035056,0,07,000,00,2,3,01,B01
201200035057,0,07,000,00,2,3,01,B01
201200035057,0,07,000,00,2,3,13,A01
201200035058,0,07,000,00,1,2,15,A01
201200035059,0,01,000,00,2,1,01,B01
201200035059,0,07,000,00,2,2,15,A01
201200035060,0,14,000,15,0,1,00,A01
201200035061,0,07,000,00,1,1,01,A01
201200035062,0,07,000,06,0,1,00,A01
201200035063,0,07,000,00,2,1,01,B01
201200035063,0,07,000,00,2,1,13,A01
201200035064,0,07,000,00,1,2,09,A01
201200035065,0,07,000,00,2,1,01,A01
201200035065,0,31,000,00,2,8,01,B01
201200035066,0,02,000,00,2,1,19,A01
201200035066,0,07,000,00,2,8,01,B01
201200035067,0,07,000,00,2,4,01,B01
201200035067,0,07,000,00,2,4,01,A01
201200035067,0,07,000,00,2,1,01,C01
201200035068,0,07,000,00,2,7,01,B01
201200035068,0,07,000,00,2,1,01,A01
201200035069,0,01,000,00,2,1,01,B01
201200035069,0,07,000,00,2,2,16,A01
201200035070,0,07,000,00,2,1,02,A01
201200035070,0,07,000,00,2,4,15,B01
201200035071,0,07,000,00,2,3,01,A01
201200035071,0,07,000,00,2,8,15,B01
201200035072,0,33,000,00,2,8,01,B01
201200035072,0,07,000,00,2,5,15,A01
201200035073,0,10,000,00,1,4,04,A01
201200035074,0,01,000,00,2,1,01,B01
201200035074,0,07,000,00,2,7,16,A01
201200035075,0,01,000,00,2,6,01,B01
201200035075,0,07,000,00,2,2,09,A01
201200035076,0,03,000,00,2,4,23,B01
201200035076,0,07,000,00,2,1,02,A01
201200035077,0,07,000,00,2,2,01,B01
201200035077,0,01,000,00,2,1,19,A01
201200035078,0,07,000,00,2,1,02,C01
201200035078,0,07,000,08,2,1,13,A01
201200035078,0,07,000,00,2,1,01,B01
201200035079,0,13,000,00,2,5,01,A01
201200035079,0,01,000,00,2,8,01,B01
201200035080,0,31,000,00,2,1,01,B01
201200035080,0,07,000,00,2,7,15,A01
201200035081,0,07,000,00,2,7,09,A01
201200035081,0,01,000,00,2,4,16,B01
201200035082,0,07,000,00,0,4,02,B01
201200035082,1,07,000,00,0,0,17,A01
201200035083,0,07,000,00,2,1,19,A01
201200035083,0,07,000,15,2,7,15,B01
201200035084,0,07,000,00,1,1,15,A01
201200035085,0,01,000,00,2,8,01,B01
201200035085,0,07,000,00,2,1,01,A01
201200035086,0,17,000,00,2,7,01,A01
201200035086,0,07,000,00,2,1,16,B01
201200035087,0,15,000,00,2,1,02,C01
201200035087,0,07,000,00,2,3,13,A01
201200035087,0,15,000,00,2,3,01,B01
201200035088,0,07,000,00,2,1,01,B01
201200035088,0,07,000,00,2,6,01,C01
201200035088,0,07,000,08,0,3,01,D01
201200035088,0,07,000,00,2,8,19,A01
201200035089,0,33,000,00,2,1,01,B01
201200035089,0,07,000,00,2,5,19,A01
201200035090,0,02,000,00,2,1,02,A01
201200035090,0,07,000,00,2,4,02,B01
201200035091,0,07,000,00,2,9,02,B01
201200035091,0,07,000,00,2,4,02,D01
201200035091,0,07,000,00,2,1,02,A01
201200035091,0,07,000,00,2,9,02,C01
201200035092,0,07,000,00,2,5,19,A01
201200035092,0,02,000,00,2,1,19,B01
201200035093,0,07,000,00,2,3,16,A01
201200035093,0,30,000,00,2,1,01,B01
201200035094,0,07,000,00,2,3,01,B01
201200035094,0,33,000,00,2,2,12,A01
201200035095,0,01,000,00,2,7,19,B01
201200035095,0,07,000,00,2,1,19,A01
201200035096,0,33,000,00,2,1,17,A01
201200035096,0,07,000,00,2,4,15,B01
201200035097,0,07,000,00,1,1,01,A01
201200035098,0,07,000,00,2,1,01,B01
201200035098,0,07,000,00,2,8,00,A01
201200035099,0,07,000,00,2,4,01,C01
201200035099,0,07,000,00,2,1,01,A01
201200035099,0,07,000,00,2,4,01,B01
201200035100,0,10,000,00,1,3,15,A01
201200035101,0,01,000,00,2,1,01,A01
201200035101,0,07,000,00,2,8,15,B01
201200035102,0,07,000,00,1,1,01,A01
201200035103,0,07,000,00,2,2,15,A01
201200035104,0,07,000,00,2,1,02,A01
201200035104,0,07,000,00,2,4,02,B01
201200035104,0,07,000,00,2,4,02,C01
201200035105,0,33,000,00,2,1,17,A01
201200035105,0,07,000,00,0,0,00,B01
201200035105,0,07,000,00,2,8,23,C01
201200035106,0,07,000,00,0,0,01,A01
201200035107,0,07,000,00,2,6,24,C01
201200035107,0,02,000,01,2,0,18,A01
201200035107,0,07,000,00,2,5,20,B01
201200035108,0,01,000,00,2,1,16,B01
201200035108,0,07,000,01,2,2,01,A01
201200035109,0,07,000,00,2,1,02,A01
201200035109,0,07,000,00,2,4,02,B01
201200035110,0,07,000,01,0,1,15,A01
201200035111,0,07,000,00,2,1,01,B01
201200035111,0,07,000,00,2,1,01,A01
201200035112,0,07,000,00,1,2,16,A01
201200035113,0,07,000,00,2,1,02,A01
201200035113,0,07,000,00,2,4,02,B01
201200035114,0,02,000,00,2,1,01,B01
201200035114,0,07,000,00,2,8,10,A01
201200035115,0,21,000,00,2,8,15,B01
201200035115,0,07,000,00,2,7,17,A01
201200035116,0,07,000,00,2,5,19,A01
201200035116,0,07,000,00,2,1,01,B01
201200035117,0,07,000,00,1,1,01,A01
201200035118,0,02,000,00,2,1,01,B01
201200035118,0,07,000,00,2,7,15,A01
201200035119,0,07,000,15,0,5,16,A01
201200035120,0,07,000,01,0,1,00,A01
201200035121,0,07,000,00,0,1,00,A01
201200035122,0,07,000,00,2,1,00,A01
201200035122,0,07,000,00,2,7,01,B01
201200035123,0,07,000,00,2,4,03,C01
201200035123,0,07,000,00,2,1,02,B01
201200035123,0,07,000,00,2,1,02,A01
201200035124,0,07,000,00,2,4,02,B01
201200035124,0,07,000,00,2,1,01,A01
201200035125,0,02,000,00,2,3,01,A01
201200035125,0,07,000,00,2,2,16,B01
201200035126,0,30,000,00,2,2,01,A01
201200035126,0,07,000,00,2,1,15,B01
201200035127,0,07,000,00,9,1,00,A01
201200035127,0,01,000,00,2,1,00,B01
201200035128,0,07,000,00,2,1,01,A01
201200035128,0,07,000,00,2,8,01,B01
201200035129,0,07,000,00,2,3,22,A01
201200035129,0,01,000,00,2,1,01,B01
201200035130,0,07,000,00,2,4,02,B01
201200035130,0,30,000,00,2,1,02,A01
201200035131,0,07,000,00,2,1,01,A01
201200035131,0,07,000,00,2,4,01,B01
201200035132,0,07,000,00,2,1,15,A01
201200035132,0,07,000,00,2,1,01,B01
201200035133,0,10,000,00,9,1,01,B01
201200035133,0,01,000,00,2,1,15,A01
201200035134,0,07,000,00,2,3,01,A01
201200035134,0,07,000,00,2,5,23,B01
201200035135,0,07,000,00,2,1,19,A01
201200035135,0,07,000,00,2,1,01,B01
201200035135,0,07,000,00,2,1,23,C01
201200035136,0,07,000,00,2,1,02,A01
201200035136,0,07,000,00,2,4,02,C01
201200035136,0,07,000,00,2,4,02,B01
201200035137,0,01,000,00,2,7,01,B01
201200035137,0,07,000,00,2,3,15,A01
201200035138,0,07,000,00,2,1,01,A01
201200035138,0,07,000,00,2,4,01,B01
201200035139,0,10,000,00,1,1,01,A01
201200035140,1,07,000,00,2,2,09,A01
201200035140,0,01,000,00,2,8,01,B01
201200035141,0,14,000,00,1,2,16,A01
201200035142,0,01,000,00,0,1,01,B01
201200035142,0,10,000,00,0,3,15,A01
201200035143,0,07,000,00,2,3,02,A01
201200035143,0,01,000,00,2,2,02,B01
201200035144,0,07,000,00,2,1,02,A01
201200035144,0,07,000,00,2,4,02,B01
201200035145,0,07,000,02,0,2,14,A01
201200035146,0,07,000,00,2,8,19,A01
201200035146,0,07,000,00,2,1,01,B01
201200035147,0,07,000,00,2,3,01,A01
201200035147,0,07,000,00,2,6,19,B01
201200035148,0,07,000,08,0,7,13,A01
201200035149,0,07,000,00,1,4,04,A01
201200035150,0,07,000,00,1,3,01,A01
201200035151,0,33,000,00,2,1,02,A01
201200035151,0,07,000,00,2,4,02,B01
201200035152,0,07,000,00,2,4,01,C01
201200035152,0,07,000,00,2,4,01,B01
201200035152,0,07,000,00,2,1,01,A01
201200035153,0,07,000,00,1,1,01,A01
201200035154,0,02,000,00,2,1,21,B01
201200035154,0,07,000,00,2,3,09,A01
201200035155,0,07,000,00,2,2,21,B01
201200035155,0,07,000,00,2,3,09,A01
201200035156,0,07,000,00,1,1,01,A01
201200035157,0,07,000,00,2,7,00,B01
201200035157,0,07,000,00,2,1,01,A01
201200035158,0,07,000,00,2,8,01,B01
201200035158,0,07,000,00,2,1,01,A01
201200035159,0,07,000,00,2,1,01,B01
201200035159,0,07,000,04,2,1,14,A01
201200035160,0,07,000,00,2,1,01,A01
201200035160,0,07,000,00,2,8,15,B01
201200035161,0,07,000,00,2,4,01,C01
201200035161,0,07,000,00,2,1,01,A01
201200035161,0,07,000,00,2,4,01,B01
201200035161,0,31,000,00,2,4,01,D01
201200035162,0,07,000,00,2,1,01,A01
201200035162,0,07,000,00,2,4,01,B01
201200035163,0,07,000,00,2,0,01,C01
201200035163,0,07,000,00,2,0,01,A01
201200035163,0,07,000,00,2,0,01,B01
201200035164,0,07,000,00,1,1,01,A01
201200035165,0,07,000,00,1,2,01,A01
201200035166,0,07,000,00,1,2,15,A01
201200035167,0,07,000,00,2,3,15,A01
201200035167,0,07,000,00,2,3,01,B01
201200035168,0,02,000,00,2,1,01,A01
201200035168,0,07,000,00,2,1,21,B01
201200035169,0,02,000,00,2,7,05,A01
201200035169,0,07,000,00,2,1,17,B01
201200035170,0,07,000,00,2,3,02,A01
201200035170,0,07,000,00,2,2,02,B01
201200035171,0,17,000,00,2,4,23,B01
201200035171,0,10,000,00,2,1,01,A01
201200035172,0,33,000,00,2,5,16,B01
201200035172,0,07,000,00,2,1,01,A01
201200035173,0,01,000,00,2,7,01,B01
201200035173,0,07,000,00,2,1,01,A01
201200035174,0,07,000,00,2,1,01,A01
201200035174,0,07,000,00,2,4,01,B01
201200035175,0,33,000,00,2,1,01,A01
201200035175,0,07,000,00,2,8,15,B01
201200035176,0,07,000,00,1,6,15,A01
201200035177,0,32,000,00,2,1,01,B01
201200035177,0,07,000,00,2,2,15,A01
201200035178,0,07,000,00,1,1,16,A01
201200035179,0,07,000,00,2,8,15,B01
201200035179,0,32,000,00,2,1,17,A01
201200035180,0,07,000,00,2,4,02,B01
201200035180,0,07,000,00,2,4,02,C01
201200035180,0,07,000,00,2,1,02,A01
201200035181,0,07,000,00,2,3,21,B01
201200035181,0,07,000,00,2,8,19,A01
201200035182,0,07,000,00,2,3,15,A01
201200035182,0,33,000,00,2,2,01,B01
201200035183,0,07,000,00,2,1,01,A01
201200035183,0,07,000,00,2,4,23,B01
201200035184,0,07,000,00,2,1,01,A01
201200035184,0,07,000,00,2,4,23,C01
201200035184,0,07,000,00,2,4,23,B01
201200035185,0,07,000,00,1,2,01,A01
201200035186,0,30,000,00,2,8,01,A01
201200035186,0,07,000,00,2,1,01,B01
201200035187,0,33,000,00,2,1,01,B01
201200035187,0,07,000,00,2,2,01,A01
201200035188,0,07,000,00,2,5,12,A01
201200035188,0,34,000,00,2,3,01,B01
201200035189,0,07,000,00,1,6,04,A01
201200035190,0,07,000,00,1,1,01,A01
201200035191,0,07,000,00,2,7,16,A01
201200035191,0,32,000,00,2,3,01,B01
201200035192,0,01,000,00,2,1,01,B01
201200035192,0,07,000,00,2,1,01,A01
201200035193,0,07,000,00,2,8,01,B01
201200035193,0,07,000,00,2,1,13,A01
201200035194,0,07,000,00,2,1,13,A01
201200035194,0,07,000,03,2,4,01,B01
201200035195,0,07,000,00,2,8,15,B01
201200035195,0,33,000,00,2,1,17,A01
201200035196,0,32,000,00,2,1,13,A01
201200035196,0,07,000,00,2,3,01,B01
201200035197,0,07,000,00,2,4,23,B01
201200035197,0,07,000,00,2,1,01,A01
201200035197,0,07,000,00,2,4,23,C01
201200035198,0,07,000,00,1,3,16,A01
201200035199,0,07,000,00,1,8,01,A01
201200035200,0,07,000,00,2,8,01,C01
201200035200,0,07,000,00,2,3,17,A01
201200035200,0,07,000,00,2,5,17,B01
201200035201,0,33,000,01,2,1,17,A01
201200035201,0,07,000,00,2,8,13,B01
201200035202,0,07,000,00,1,1,01,A01
201200035203,0,07,000,00,2,3,01,B01
201200035203,0,07,000,00,2,1,19,A01
201200035204,0,07,000,00,1,1,15,A01
201200035205,0,07,000,01,1,3,00,A01
201200035206,0,07,000,00,2,4,23,B01
201200035206,0,07,000,00,2,4,23,A01
201200035207,0,33,000,00,2,1,12,A01
201200035207,0,07,000,00,2,8,01,B01
201200035208,0,07,000,00,2,1,19,A01
201200035208,0,33,000,00,2,3,01,B01
201200035209,0,33,000,00,2,1,01,B01
201200035209,0,07,000,00,2,7,15,A01
201200035210,0,32,000,00,2,7,01,B01
201200035210,0,07,000,00,2,1,09,A01
201200035211,0,07,000,00,2,1,15,A01
201200035211,0,07,000,00,1,1,23,B01
201200035212,0,30,000,00,2,1,01,A01
201200035212,0,07,000,00,2,2,01,B01
201200035213,0,07,000,00,2,3,19,A01
201200035213,0,31,000,00,2,7,01,B01
201200035214,0,07,000,00,2,1,01,A01
201200035214,0,07,000,00,2,8,15,B01
201200035215,0,07,000,00,1,3,15,A01
201200035216,0,07,000,00,2,4,02,C01
201200035216,0,07,000,00,2,4,02,B01
201200035216,0,07,000,00,2,1,01,A01
201200035217,0,07,000,00,2,4,23,B01
201200035217,0,07,000,00,2,1,01,A01
201200035218,0,33,000,01,0,1,01,A01
201200035219,0,07,000,00,2,7,16,A01
201200035219,0,01,000,00,2,8,01,B01
201200035220,0,07,000,00,2,3,16,A01
201200035220,0,07,000,00,2,3,01,B01
201200035221,0,07,000,00,1,1,23,B01
201200035221,0,07,000,00,1,3,01,A01
201200035222,0,31,000,00,1,1,01,A01
201200035223,0,07,000,00,1,1,01,A01
201200035224,0,07,000,00,1,1,01,A01
201200035225,0,33,000,00,2,1,21,B01
201200035225,0,07,000,00,2,2,10,A01
201200035226,0,07,000,00,2,1,21,B01
201200035226,0,30,000,00,2,1,13,A01
201200035227,0,07,000,00,2,8,10,A01
201200035227,0,33,000,00,2,1,21,B01
201200035228,0,07,000,00,1,1,15,A01
201200035229,0,07,000,03,0,7,01,A01
201200035230,0,07,000,00,2,3,21,A01
201200035230,0,07,000,00,,2,23,B01
201200035231,0,07,000,00,2,0,01,B01
201200035231,0,07,000,00,2,2,19,A01
201200035232,0,07,000,00,2,1,15,B01
201200035232,0,07,000,00,2,1,01,A01
201200035233,0,07,000,00,2,6,02,A01
201200035233,0,02,000,00,2,7,17,B01
201200035234,0,34,000,00,2,1,21,B01
201200035234,0,07,000,00,2,8,10,A01
201200035235,0,07,000,00,2,7,15,A01
201200035235,0,02,000,00,2,1,01,B01
201200035236,0,01,000,00,2,1,19,B01
201200035236,0,07,000,00,2,6,04,A01
201200035237,0,07,000,00,1,1,01,A01
201200035238,0,07,000,00,2,3,19,A01
201200035238,0,30,000,00,2,1,21,B01
201200035239,0,07,000,00,2,4,01,B01
201200035239,0,07,000,00,2,1,01,A01
201200035240,0,07,000,00,2,3,01,B01
201200035240,0,07,000,00,2,3,01,A01
201200035241,0,33,000,00,2,1,01,A01
201200035241,0,07,000,00,2,1,01,B01
201200035242,0,01,000,00,2,3,23,B01
201200035242,0,07,000,00,2,2,16,A01
201200035243,0,07,000,00,2,8,10,A01
201200035243,0,07,000,00,2,1,01,B01
201200035244,0,33,000,00,2,1,02,B01
201200035244,0,07,000,00,2,6,10,A01
201200035245,0,07,000,00,2,3,24,C01
201200035245,0,07,000,00,2,3,21,B01
201200035245,0,07,000,00,2,7,01,A01
201200035246,0,07,000,00,1,1,15,A01
201200035247,0,07,000,00,2,1,02,A01
201200035247,0,07,000,00,2,4,02,B01
201200035247,0,07,000,00,2,4,02,C01
201200035247,0,07,000,00,2,4,02,D01
201200035248,0,07,000,00,2,4,02,B01
201200035248,0,07,000,00,2,1,02,A01
201200035249,0,02,000,00,2,8,21,B01
201200035249,0,07,000,00,2,1,15,A01
201200035250,0,07,000,00,2,6,01,B01
201200035250,0,33,000,00,2,1,01,A01
201200035251,0,02,000,00,2,1,02,A01
201200035251,0,07,000,00,2,4,02,B01
201200035252,0,07,000,00,2,2,21,B01
201200035252,0,07,000,00,2,3,09,A01
201200035253,0,01,000,00,2,1,02,B01
201200035253,0,07,000,00,2,6,04,A01
201200035254,0,07,000,00,2,4,01,B01
201200035254,0,02,000,00,2,1,01,A01
201200035255,0,33,000,00,2,1,21,A01
201200035255,0,07,000,00,2,4,12,B01
201200035256,0,02,000,00,2,1,01,B01
201200035256,0,07,000,00,2,2,16,A01
201200035257,0,33,000,00,2,1,01,B01
201200035257,0,07,000,00,2,2,15,A01
201200035258,0,07,000,00,2,1,02,A01
201200035258,0,07,000,00,2,4,02,C01
201200035258,0,07,000,00,2,4,02,B01
201200035259,0,10,000,00,2,1,01,B01
201200035259,0,07,000,00,2,1,13,A01
201200035260,0,07,000,00,2,1,01,A01
201200035260,0,07,000,00,2,4,23,B01
201200035260,0,07,000,00,2,4,23,C01
201200035261,0,07,000,00,2,4,01,B01
201200035261,0,07,000,00,2,1,01,A01
201200035261,0,07,000,00,2,4,23,C01
201200035262,0,30,000,00,1,0,01,A01
201200035263,0,07,000,00,2,8,15,B01
201200035263,0,07,000,06,2,2,17,A01
201200035264,0,07,000,00,2,1,01,B01
201200035264,0,33,000,00,2,7,01,A01
201200035265,0,07,000,00,2,1,13,A01
201200035265,0,07,000,00,2,3,01,B01
201200035266,1,07,000,00,1,4,04,Z01
201200035267,0,07,000,00,2,3,13,A01
201200035267,0,07,000,00,2,3,00,B01
201200035268,0,07,000,00,2,5,16,A01
201200035268,0,01,000,00,2,1,01,B01
201200035269,0,30,000,00,2,1,01,B01
201200035269,0,07,000,00,2,1,15,A01
201200035270,0,07,000,00,1,2,01,A01
201200035271,0,07,000,00,2,4,23,B01
201200035271,0,07,000,00,2,1,01,A01
201200035272,0,07,000,00,1,1,01,A01
201200035273,0,07,000,00,2,1,15,A01
201200035273,0,32,000,00,2,1,01,B01
201200035274,0,07,000,00,2,1,01,A01
201200035274,0,07,000,00,2,4,01,B01
201200035275,0,07,000,00,1,0,04,A01
201200035276,0,07,000,00,2,6,01,A01
201200035276,0,07,000,00,2,2,17,B01
201200035277,0,07,000,00,1,1,15,A01
201200035278,0,07,000,00,2,1,15,A01
201200035278,0,30,000,00,2,1,21,B01
201200035279,0,07,000,00,2,5,19,A01
201200035279,0,32,000,00,2,1,21,B01
201200035280,0,07,000,06,0,1,01,A01
201200035281,0,07,000,00,2,4,02,C01
201200035281,0,07,000,00,2,1,02,A01
201200035281,0,07,000,00,2,4,02,B01
201200035282,0,01,000,00,2,1,19,B01
201200035282,0,07,000,00,2,7,15,A01
201200035283,0,30,000,00,2,8,18,A01
201200035283,0,07,000,00,2,7,14,B01
201200035284,0,01,000,00,2,1,19,A01
201200035284,0,07,000,00,2,3,01,B01
201200035285,0,07,000,00,1,7,01,A01
201200035286,0,33,000,00,2,1,01,B01