Num_Acc,senc,catv,occutc,obs,obsm,choc,manv,num_veh
201200035643,0,10,000,00,2,1,15,A01
201200035644,0,02,000,00,2,4,20,B01
201200035644,0,01,000,00,2,1,01,A01
201200035645,0,01,000,01,0,1,01,B01
201200035645,0,07,000,00,2,8,24,A01
201200035646,0,33,000,00,1,3,01,A01
201200035647,0,33,000,00,2,1,01,B01
201200035647,0,01,000,00,2,4,01,A01
201200035648,0,07,000,00,2,1,01,A01
201200035648,0,32,000,00,2,4,01,B01
201200035649,0,34,000,00,2,3,01,B01
201200035649,0,07,000,00,2,5,01,A01
201200035650,0,01,000,00,2,3,01,A01
201200035650,0,07,000,00,2,5,16,B01
201200035651,0,07,000,00,2,3,01,A01
201200035651,0,30,000,00,2,3,13,B01
201200035652,0,30,000,00,2,7,01,A01
201200035652,0,07,000,00,2,6,01,B01
201200035653,0,33,000,00,2,1,17,A01
201200035653,0,07,000,00,2,3,15,B01
201200035654,0,02,000,00,2,5,17,A01
201200035654,0,07,000,00,2,8,15,B01
201200035655,0,07,000,00,2,1,02,A01
201200035655,0,07,000,00,2,4,02,B01
201200035656,0,07,000,00,2,2,01,B01
201200035656,0,07,000,00,2,1,01,A01
201200035657,1,99,000,00,1,1,01,Z01
201200035658,0,07,000,00,1,2,16,A01
201200035659,0,01,000,00,2,1,01,A01
201200035659,0,10,000,00,2,2,01,B01
201200035660,0,07,000,00,2,3,09,A01
201200035660,0,30,000,00,2,1,01,B01
201200035661,0,01,000,00,2,4,01,B01
201200035661,0,02,000,00,2,1,17,A01
201200035662,0,07,000,00,2,1,01,B01
201200035662,0,07,000,00,2,7,01,A01
201200035663,0,07,000,00,2,7,15,A01
201200035663,0,33,000,00,2,1,01,B01
201200035664,0,30,000,00,2,1,17,B01
201200035664,0,07,000,00,2,3,15,A01
201200035665,0,07,000,09,0,1,01,A01
201200035666,0,33,000,00,2,1,01,B01
201200035666,0,07,000,00,2,5,12,A01
201200035667,0,31,000,00,2,6,01,A01
201200035667,0,07,000,00,2,2,01,B01
201200035668,0,07,000,01,0,1,01,A01
201200035669,0,33,000,00,2,7,01,A01
201200035669,1,07,000,00,2,1,01,B01
201200035670,0,30,000,14,0,1,01,A01
201200035671,0,07,000,00,2,1,05,A01
201200035671,0,07,000,00,2,1,01,B01
201200035672,0,07,000,00,2,4,01,B01
201200035672,0,07,000,00,2,1,01,A01
201200035673,0,40,000,00,1,1,01,A01
201200035674,0,01,000,00,2,2,19,A01
201200035674,0,07,000,02,2,3,01,B01
201200035675,0,07,000,00,2,1,09,B01
201200035675,0,07,000,00,2,3,01,A01
201200035676,0,01,000,01,0,2,01,B01
201200035676,0,07,000,00,2,8,24,A01
201200035677,0,07,000,00,1,1,14,A01
201200035678,0,07,000,09,0,3,01,A01
201200035679,0,07,000,00,2,1,16,B01
201200035679,0,07,000,02,2,8,01,A01
201200035680,0,30,000,00,2,1,01,A01
201200035680,0,07,000,00,2,3,15,B01
201200035681,0,01,000,00,1,1,15,A01
201200035682,0,30,000,00,2,1,01,A01
201200035682,0,07,000,00,2,6,01,B01
201200035683,0,01,000,00,2,1,01,B01
201200035683,0,07,000,00,2,8,24,A01
201200035684,0,07,000,00,2,1,02,A01
201200035684,0,10,000,00,2,4,02,B01
201200035685,0,07,000,00,1,1,01,A01
201200035686,0,07,000,00,2,1,01,B01
201200035686,0,07,000,00,2,1,01,A01
201200035687,0,01,000,00,2,1,18,A01
201200035687,1,07,000,00,2,1,01,Z01
201200035688,0,07,000,00,2,1,15,A01
201200035688,0,07,000,00,2,2,01,B01
201200035689,0,31,000,00,2,1,01,A01
201200035689,0,07,000,00,2,6,01,B01
201200035690,0,07,000,00,2,8,10,B01
201200035690,0,07,000,00,2,1,02,A01
201200035691,0,07,000,00,2,3,01,B01
201200035691,0,07,000,00,2,1,01,A01
201200035692,0,07,000,00,2,5,09,A01
201200035692,0,33,000,00,2,1,01,B01
201200035693,0,02,000,00,9,1,01,A01
201200035694,0,37,001,00,0,0,01,C01
201200035694,1,10,000,00,2,3,15,A01
201200035694,0,37,003,00,2,4,15,B01
201200035695,0,07,000,00,2,3,10,A01
201200035695,0,33,000,00,2,2,01,B01
201200035696,0,02,000,00,2,1,01,A01
201200035696,0,07,000,00,2,4,01,B01
201200035697,0,31,000,00,2,1,01,B01
201200035697,0,07,000,00,2,1,15,A01
201200035698,0,37,001,00,2,5,00,C01
201200035698,1,30,000,00,2,0,00,Z01
201200035698,0,01,000,00,2,1,01,B01
201200035699,0,07,000,00,1,2,01,A01
201200035700,0,07,000,00,2,2,01,A01
201200035700,0,01,000,00,2,0,19,B01
201200035701,0,07,000,00,2,2,01,A01
201200035701,0,01,000,00,2,6,16,B01
201200035702,0,07,000,00,1,3,01,A01
201200035703,0,07,000,00,2,4,23,B01
201200035703,0,07,000,00,2,1,01,A01
201200035704,0,07,000,00,1,1,01,A01
201200035705,1,07,000,00,1,1,16,Z01
201200035706,0,07,000,00,2,1,01,A01
201200035706,0,07,000,00,2,4,23,C01
201200035706,0,07,000,00,2,4,23,B01
201200035707,0,02,000,00,2,8,15,A01
201200035707,0,07,000,00,2,1,01,B01
201200035708,0,02,000,00,2,1,01,A01
201200035708,0,07,000,00,2,3,15,B01
201200035709,0,01,000,00,1,1,01,A01
201200035710,0,07,000,00,2,2,01,B01
201200035710,0,02,000,00,2,1,15,A01
201200035711,0,40,000,00,2,1,01,B01
201200035711,0,01,000,00,4,1,15,A01
201200035712,0,07,000,00,1,1,01,A01
201200035713,0,02,000,00,0,3,01,A01
201200035714,0,10,000,00,2,2,01,B01
201200035714,0,07,000,00,2,8,15,A01
201200035715,0,07,000,00,2,2,01,B01
201200035715,0,33,000,00,2,3,01,A01
201200035716,0,01,000,00,2,1,15,A01
201200035716,0,01,000,00,2,1,16,B01
201200035717,0,10,000,00,2,2,01,A01
201200035717,0,01,000,00,2,1,01,B01
201200035718,0,07,000,00,1,2,01,A01
201200035719,0,07,000,00,2,3,01,B01
201200035719,0,03,000,00,2,2,01,A01
201200035720,0,07,000,00,2,2,01,B01
201200035720,0,02,000,00,2,8,01,A01
201200035721,0,07,000,00,2,1,16,A01
201200035721,0,01,000,00,2,0,01,B01
201200035722,0,07,000,00,2,1,16,A01
201200035722,0,01,000,00,2,1,00,B01
201200035723,1,07,000,00,2,7,00,Z01
201200035723,0,02,000,00,2,8,01,A01
201200035724,0,37,048,00,2,2,15,B01
201200035724,0,07,000,00,2,3,10,A01
201200035725,0,07,000,00,2,1,01,B01
201200035725,0,01,000,00,2,5,01,A01
201200035726,0,15,000,00,2,7,15,A01
201200035726,0,02,000,00,2,1,01,B01
201200035727,0,07,000,00,1,2,15,A01
201200035728,0,07,000,00,2,4,14,A01
201200035728,0,01,000,00,2,3,01,B01
201200035729,0,07,000,00,2,3,15,A01
201200035729,0,01,000,00,2,1,19,B01
201200035730,0,07,000,00,2,1,01,A01
201200035730,0,02,000,00,2,8,01,B01
201200035731,0,01,000,00,2,0,19,A01
201200035731,0,07,000,00,2,1,01,B01
201200035732,0,10,000,00,2,8,15,A01
201200035732,0,10,000,00,2,8,01,B01
201200035733,1,99,000,00,0,0,00,A01
201200035734,0,02,000,00,2,1,01,A01
201200035734,0,07,000,00,2,7,15,B01
201200035735,0,07,000,00,2,6,18,B01
201200035735,0,01,000,00,2,1,01,A01
201200035736,0,07,000,00,2,3,15,A01
201200035736,0,01,000,00,2,1,01,B01
201200035737,0,37,020,00,1,8,15,A01
201200035738,0,07,000,00,2,3,13,A01
201200035738,0,07,000,00,2,3,17,B01
201200035739,0,01,000,00,2,1,19,B01
201200035739,0,07,000,00,2,1,01,A01
201200035740,0,07,000,00,2,1,12,A01
201200035740,0,01,000,00,2,7,19,B01
201200035741,0,01,000,00,2,1,01,A01
201200035741,0,07,000,00,2,3,15,B01
201200035742,0,07,000,00,2,7,01,C01
201200035742,0,07,000,00,2,4,01,B01
201200035742,0,14,000,00,2,1,01,A01
201200035743,0,03,000,14,0,1,01,A01
201200035743,0,07,000,00,2,4,23,B01
201200035744,0,07,000,00,2,1,16,A01
201200035744,0,01,000,00,2,1,19,B01
201200035745,0,31,000,00,2,7,01,B01
201200035745,0,07,000,00,2,8,15,A01
201200035746,0,02,000,00,0,7,15,A01
201200035747,0,01,000,00,2,1,01,B01
201200035747,0,01,000,00,2,4,15,A01
201200035748,0,01,000,00,4,7,19,A01
201200035748,0,40,000,00,2,1,01,B01
201200035749,0,07,000,00,9,3,01,A01
201200035750,0,07,000,01,2,5,01,B01
201200035750,0,07,000,00,2,1,01,A01
201200035751,0,07,000,00,2,3,19,A01
201200035751,0,01,000,00,2,1,01,B01
201200035752,0,07,000,00,1,2,01,A01
201200035753,0,31,000,00,2,1,01,A01
201200035753,0,03,000,00,2,3,01,B01
201200035754,0,01,000,00,2,1,01,B01
201200035754,0,07,000,00,2,7,17,A01
201200035755,0,33,000,00,2,1,01,A01
201200035755,0,07,000,00,2,5,15,B01
201200035756,0,01,000,00,2,4,01,A01
201200035756,0,07,000,00,2,2,01,B01
201200035757,0,07,000,00,2,8,15,A01
201200035757,0,32,000,00,2,7,17,B01
201200035758,0,14,000,00,1,7,01,A01
201200035759,0,07,000,00,2,1,01,C01
201200035759,0,07,000,00,2,1,15,A01
201200035759,0,33,000,00,2,1,01,B01
201200035760,0,07,000,00,2,2,03,A01
201200035760,0,07,000,00,2,3,01,B01
201200035761,0,30,000,15,0,1,00,A01
201200035762,1,02,000,00,1,1,01,Z01
201200035763,0,07,000,00,2,1,01,B01
201200035763,0,07,000,00,2,7,01,A01
201200035764,1,33,000,00,2,1,15,Z01
201200035764,0,01,000,00,2,4,19,A01
201200035765,0,02,000,00,2,1,01,B01
201200035765,0,10,000,00,2,1,15,A01
201200035766,0,40,000,00,1,1,01,A01
201200035767,0,07,000,00,2,1,12,A01
201200035767,0,31,000,00,2,2,15,B01
201200035768,0,07,000,08,0,1,01,A01
201200035769,0,31,000,14,2,0,01,A01
201200035769,0,07,000,00,2,1,01,B01
201200035770,0,10,000,00,1,1,01,A01
201200035771,0,30,000,00,2,8,18,A01
201200035771,0,14,000,00,2,7,16,B01
201200035772,0,07,000,00,2,7,12,A01
201200035772,0,31,000,00,2,8,01,B01
201200035773,0,07,000,00,2,1,00,A01
201200035773,0,01,000,00,2,8,00,B01
201200035774,0,40,000,00,1,2,01,A01
201200035775,0,07,000,00,2,2,01,B01
201200035775,0,07,000,00,2,1,15,A01
201200035776,1,07,000,00,2,0,01,Z01
201200035776,0,07,000,00,2,3,13,A01
201200035777,0,10,000,00,2,3,01,C01
201200035777,0,07,000,00,2,3,01,A01
201200035777,0,07,000,00,2,4,01,B01
201200035778,0,07,000,00,2,1,15,A01
201200035778,0,02,000,00,2,1,00,B01
201200035779,0,01,000,00,1,1,19,A01
201200035780,0,30,000,05,0,1,01,A01
201200035781,0,01,000,00,2,1,19,A01
201200035781,0,07,000,00,2,3,01,B01
201200035782,0,07,000,00,2,8,01,B01
201200035782,0,02,000,00,2,1,01,A01
201200035783,0,10,000,00,2,8,20,A01
201200035783,0,07,000,00,2,2,01,B01
201200035784,0,10,000,00,1,2,16,A01
201200035785,0,07,000,00,1,8,15,A01
201200035786,0,07,000,00,2,3,15,A01
201200035786,0,07,000,00,2,1,01,B01
201200035787,0,07,000,00,1,4,04,A01
201200035788,0,07,000,00,2,2,01,A01
201200035788,0,01,000,00,2,1,01,B01
201200035789,0,07,000,00,1,3,01,A01
201200035790,0,07,000,00,2,1,01,B01
201200035790,0,01,000,00,2,1,01,A01
201200035791,0,07,000,00,2,1,01,A01
201200035791,0,07,000,00,2,5,01,B01
201200035792,1,10,000,00,2,1,01,Z01
201200035792,0,07,000,00,2,8,15,A01
201200035793,0,07,000,00,2,2,15,A01
201200035793,0,01,000,00,2,1,01,B01
201200035794,1,07,000,00,2,1,16,Z01
201200035794,0,01,000,00,2,8,19,B01
201200035795,0,07,000,00,1,1,15,A01
201200035796,1,07,000,00,2,1,15,Z01
201200035796,0,01,000,00,2,8,19,A01
201200035797,0,01,000,00,2,1,19,A01
201200035797,0,07,000,00,2,8,01,B01
201200035798,0,02,000,00,2,1,17,B01
201200035798,0,10,000,00,2,8,15,A01
201200035799,0,07,000,00,2,7,16,A01
201200035799,0,33,000,00,2,1,01,B01
201200035800,0,01,000,00,2,1,19,B01
201200035800,0,17,000,00,2,2,14,A01
201200035801,0,07,000,00,2,2,15,A01
201200035801,0,02,000,00,2,1,01,B01
201200035802,0,07,000,00,2,5,15,A01
201200035802,1,07,000,00,2,0,01,Z01
201200035803,0,02,000,00,0,0,01,A01
201200035804,0,01,000,00,2,7,19,A01
201200035804,0,07,000,00,2,3,01,B01
201200035805,0,07,000,03,1,1,15,A01
201200035806,0,07,000,00,2,1,15,A01
201200035806,0,01,000,00,2,7,01,B01
201200035807,0,07,000,00,2,6,01,B01
201200035807,0,07,000,00,2,1,19,A01
201200035808,0,01,000,00,2,1,01,A01
201200035808,0,07,000,00,0,1,15,B01
201200035809,0,07,000,00,2,7,01,A01
201200035809,0,07,000,00,2,1,01,B01
201200035810,0,07,000,00,2,1,01,B01
201200035810,0,01,000,00,2,1,19,A01
201200035811,0,07,000,00,2,1,01,A01
201200035812,0,33,000,00,2,1,01,B01
201200035812,0,10,000,00,2,8,01,A01
201200035813,0,07,000,00,2,4,01,B01
201200035813,0,07,000,00,2,2,01,A01
201200035814,0,07,000,00,2,1,01,A01
201200035814,0,01,000,00,2,7,19,B01
201200035815,0,07,000,00,2,2,01,A01
201200035815,0,07,000,00,2,1,01,B01
201200035816,0,07,000,00,1,1,01,A01
201200035817,0,07,000,00,1,1,01,A01
201200035818,0,07,000,00,1,3,01,A01
201200035819,0,01,000,00,2,1,15,B01
201200035819,0,07,000,00,2,5,01,A01
201200035820,0,07,000,00,1,2,01,A01
201200035821,0,07,000,00,9,1,00,A01
201200035822,0,07,000,06,0,1,01,A01
201200035823,0,02,000,00,2,1,19,A01
201200035823,0,07,000,00,0,8,15,B01
201200035824,0,37,001,00,1,1,01,A01
201200035825,0,07,000,00,2,1,01,B01
201200035825,0,07,000,01,2,3,15,A01
201200035826,0,07,000,00,2,1,01,A01
201200035826,0,07,000,00,2,4,01,B01
201200035827,0,07,000,00,1,1,01,A01
201200035828,0,01,000,00,4,8,19,A01
201200035828,0,40,000,00,2,1,01,B01
201200035829,0,07,000,00,2,1,01,A01
201200035830,0,07,000,00,1,1,01,A01
201200035831,0,07,000,00,1,1,15,A01
201200035832,0,07,000,00,1,2,01,A01
201200035833,0,07,000,00,1,2,01,A01
201200035834,0,07,000,00,2,7,01,B01
201200035834,0,01,000,00,2,1,01,A01
201200035835,0,07,000,00,2,8,01,B01
201200035835,0,30,000,00,2,1,18,A01
201200035836,0,40,000,00,2,1,01,B01
201200035836,0,07,000,00,4,8,14,A01
201200035837,0,07,000,00,2,2,15,A01
201200035837,0,02,000,00,2,3,01,B01
201200035838,0,30,000,00,2,1,01,B01
201200035838,0,07,000,00,2,6,19,A01
201200035839,0,07,000,00,1,1,15,A01
201200035840,0,31,000,00,2,1,01,B01
201200035840,0,07,000,00,2,3,15,A01
201200035841,0,07,000,00,1,5,01,A01
201200035842,0,10,000,00,1,3,15,A01
201200035843,0,07,000,00,1,2,01,A01
201200035844,0,07,000,00,1,2,01,A01
201200035845,0,07,000,00,1,2,01,A01
201200035846,0,07,000,00,2,1,19,A01
201200035846,0,07,000,00,2,3,01,B01
201200035847,0,07,000,00,2,8,01,B01
201200035847,0,07,000,00,2,1,01,A01
201200035848,0,07,000,00,2,1,01,B01
201200035848,0,01,000,00,2,1,19,A01
201200035849,0,07,000,00,1,4,20,A01
201200035850,0,07,000,00,1,2,16,A01
201200035851,0,07,000,00,2,1,11,A01
201200035851,0,01,000,00,2,8,19,B01
201200035852,0,07,000,00,2,3,17,A01
201200035852,0,07,000,00,2,3,01,B01
201200035853,0,07,000,00,2,3,16,A01
201200035853,0,02,000,00,2,1,16,B02
201200035854,0,07,000,00,2,2,01,A01
201200035854,0,01,000,00,2,1,01,B01
201200035855,0,07,000,00,1,1,01,A01
201200035856,0,02,000,00,2,1,05,A01
201200035856,0,07,000,00,2,1,01,B01
201200035857,0,07,000,01,0,2,01,A01
201200035858,0,07,000,00,2,2,17,A01
201200035858,0,07,000,00,2,6,15,B01
201200035859,2,07,000,00,1,2,01,Z01
201200035860,0,02,000,00,2,1,01,A01
201200035860,0,07,000,00,2,2,12,B01
201200035861,0,01,000,00,2,8,05,B01
201200035861,0,07,000,00,2,1,09,A01
201200035862,0,07,000,08,0,2,21,A01
201200035862,0,07,000,00,0,0,15,B01
201200035863,0,01,000,00,1,1,01,A01
201200035864,0,07,000,00,2,1,09,A01
201200035864,0,01,000,00,2,1,09,B01
201200035865,0,07,000,00,1,3,15,A01
201200035866,0,33,000,00,2,1,01,B01
201200035866,0,07,000,00,2,2,15,A01
201200035866,0,33,000,00,2,7,01,C01
201200035867,0,07,000,00,2,7,01,B01
201200035867,0,07,000,00,2,1,01,A01
201200035868,0,07,000,00,2,4,01,B01
201200035868,0,07,000,00,2,1,01,A01
201200035869,0,07,000,00,2,1,01,A01
201200035869,0,07,000,00,2,8,01,B01
201200035870,0,07,000,00,1,3,01,A01
201200035871,0,07,000,00,2,2,01,B01
201200035871,0,07,000,00,2,1,15,A01
201200035872,0,01,000,00,2,8,13,B01
201200035872,0,07,000,00,2,7,13,A01
201200035873,0,02,000,00,2,1,01,A01
201200035873,0,07,000,00,2,1,01,B01
201200035874,0,07,000,00,2,7,15,B01
201200035874,0,07,000,08,2,3,01,A01
201200035875,0,07,000,00,1,1,01,A01
201200035876,0,02,000,00,2,1,01,A02
201200035876,0,02,000,00,2,1,01,A01
201200035877,0,07,000,00,1,2,01,A01
201200035878,0,07,000,00,1,1,01,A01
201200035879,0,07,000,00,2,1,01,A01
201200035879,0,07,000,00,2,1,02,C01
201200035879,0,07,000,00,2,4,02,B01
201200035879,0,07,000,00,2,4,11,D01
201200035880,0,01,000,00,2,1,01,A01
201200035880,1,02,000,00,2,1,00,Z01
201200035881,1,07,000,,,,,B01
201200035881,0,01,000,00,2,1,01,A01
201200035882,0,01,000,00,1,1,01,A01
201200035883,0,07,000,00,2,0,16,A01
201200035883,0,30,000,00,2,1,01,B01
201200035884,0,07,000,12,2,2,15,A01
201200035884,0,07,000,00,2,8,01,B01
201200035885,0,07,000,00,2,7,09,A01
201200035885,0,02,000,00,2,1,01,B01
201200035886,0,07,000,00,2,1,09,A01
201200035886,0,07,000,01,2,3,01,B01
201200035887,0,02,000,00,1,1,01,A01
201200035888,0,07,000,00,2,3,09,A01
201200035888,0,02,000,00,2,1,01,B01
201200035889,0,07,000,00,2,4,23,C01
201200035889,0,07,000,00,2,4,23,B01
201200035889,0,07,000,00,2,1,02,A01
201200035890,0,01,000,00,2,4,01,B01
201200035890,0,07,000,00,2,3,01,A01
201200035891,0,07,000,00,2,3,15,A01
201200035891,0,07,000,00,2,1,01,B01
201200035892,0,02,000,00,2,1,01,B02
201200035892,0,07,000,00,2,3,09,A01
201200035893,0,07,000,02,0,1,01,A01
201200035894,0,07,000,00,2,1,09,A01
201200035894,0,01,000,00,2,1,01,B01
201200035895,0,02,000,00,2,1,01,A02
201200035895,0,07,000,00,2,1,15,A01
201200035896,0,31,000,00,1,1,09,A01
201200035897,0,07,000,00,1,1,15,A01
201200035898,0,01,000,00,2,6,19,B01
201200035898,0,07,000,00,2,1,01,A01
201200035899,0,07,000,00,1,1,16,A01
201200035900,0,07,000,00,2,1,02,A01
201200035900,0,07,000,00,2,4,01,B01
201200035901,0,07,000,00,1,1,01,A01
201200035902,0,07,000,00,2,3,11,A01
201200035902,0,02,000,00,2,8,01,B01
201200035903,0,01,000,00,2,6,01,B01
201200035903,0,07,000,00,2,2,19,A01
201200035904,0,07,000,00,2,1,13,B01
201200035904,0,07,000,00,2,1,01,A01
201200035905,0,07,000,00,2,1,01,B01
201200035905,0,07,000,00,2,7,05,A01
201200035906,0,10,000,00,1,1,01,A01
201200035907,0,10,000,00,1,2,01,A01
201200035908,0,07,000,00,1,3,01,A01
201200035909,2,07,000,00,1,1,01,A01
201200035910,0,33,000,03,2,1,09,A01
201200035911,0,07,000,00,1,3,01,A01
201200035912,0,01,000,00,2,2,01,B01
201200035912,0,07,000,00,2,8,05,A01
201200035913,0,07,000,00,2,3,01,B01
201200035913,0,07,000,00,2,3,05,A01
201200035914,0,07,000,00,1,3,01,A01
201200035915,0,40,001,00,1,1,01,A01
201200035916,2,07,000,00,1,9,01,A01
201200035917,0,07,000,00,0,1,01,A01
201200035917,0,07,000,00,2,8,01,B01
201200035918,0,33,000,00,2,1,01,B01
201200035918,0,07,000,00,9,3,15,A01
201200035919,2,07,000,00,2,8,00,A01
201200035919,0,07,000,00,2,1,01,B01
201200035920,0,33,000,00,2,1,01,B01
201200035920,0,07,000,00,2,3,15,A01
201200035921,0,07,000,00,1,7,01,A01
201200035922,0,07,000,00,1,2,01,A01
201200035923,0,07,000,00,1,1,01,A01
201200035924,0,07,000,00,1,1,10,A01
201200035925,0,03,000,00,2,1,01,A01
201200035925,0,01,000,00,2,7,19,B01
201200035926,0,07,000,00,1,7,01,A01
201200035927,0,07,000,00,1,2,01,A01
201200035928,0,07,000,00,2,1,01,A01
201200035928,0,07,000,00,0,4,01,B01
201200035929,2,30,000,07,0,1,01,A01
201200035930,0,07,000,00,1,2,01,A01
201200035931,0,40,001,00,1,2,01,A01
201200035932,0,07,000,00,1,3,15,A01
201200035933,0,07,000,01,1,1,01,A01
201200035934,0,07,000,00,1,1,01,A01
201200035935,0,07,000,00,2,3,15,A01
201200035935,0,33,000,00,2,1,01,B01
201200035936,0,07,000,00,1,1,01,A01
201200035937,0,07,000,02,0,3,01,A01
201200035938,0,07,000,00,2,3,15,B01
201200035938,0,32,000,00,2,7,17,A01
201200035939,0,07,000,00,2,1,01,B01
201200035939,0,07,000,00,2,3,15,A01
201200035940,0,07,000,00,1,6,01,A01
201200035941,0,07,000,00,2,6,01,A01
201200035941,1,07,000,00,2,0,00,Z01
201200035942,0,31,000,00,2,1,01,B01
201200035942,0,07,000,00,2,3,15,A01
201200035943,0,07,000,00,1,3,16,Z01
201200035944,0,07,000,00,2,1,01,A01
201200035944,0,07,000,00,2,6,16,B01
201200035945,0,07,000,00,2,1,15,B01
201200035945,0,07,000,00,2,1,01,A01
201200035946,0,02,000,00,2,1,01,B01
201200035946,0,07,000,00,9,3,06,A01
201200035947,0,07,000,00,2,1,01,A01
201200035947,0,07,000,00,1,5,01,B01
201200035948,0,01,000,00,2,0,01,B01
201200035948,0,10,000,00,2,0,17,A01
201200035949,0,07,000,00,1,1,01,A01
201200035950,0,14,000,00,1,6,15,A01
201200035951,0,07,000,00,2,1,01,B01
201200035951,0,07,000,00,2,8,01,A01
201200035952,0,30,000,07,2,7,01,A01
201200035952,0,07,000,00,2,1,01,B01
201200035953,0,07,000,00,2,3,09,A01
201200035953,0,30,000,00,2,1,01,B01
201200035954,0,10,000,00,2,1,01,A01
201200035954,0,07,000,00,2,7,01,B01
201200035955,0,10,000,00,2,4,00,C01
201200035955,0,07,000,03,2,4,00,B01
201200035955,0,07,000,00,2,1,02,A01
201200035956,0,07,000,00,1,1,01,A01
201200035957,2,07,000,00,1,3,01,Z01
201200035958,0,07,000,00,2,8,01,B01
201200035958,0,15,000,00,0,2,12,A01
201200035959,0,07,000,01,1,1,01,A01
201200035960,0,07,000,00,1,1,01,A01
201200035961,0,01,000,00,2,1,01,B01
201200035961,0,10,000,00,2,1,16,A01
201200035962,0,07,000,00,1,4,04,A01
201200035963,0,07,000,00,2,1,15,A01
201200035963,0,30,000,00,2,8,01,B01
201200035964,0,07,000,00,1,1,23,A01
201200035965,0,07,000,00,1,1,01,A01
201200035966,0,01,000,00,2,3,15,B01
201200035966,0,07,000,00,2,3,21,A01
201200035967,0,07,000,00,2,3,15,B01
201200035967,0,31,000,00,2,1,01,A01
201200035968,0,07,000,00,2,1,01,B01
201200035968,0,07,000,00,2,8,15,A01
201200035969,0,07,000,00,1,1,01,A01
201200035970,0,07,000,00,2,2,16,B01
201200035970,0,33,000,00,2,1,18,A01
201200035971,0,07,000,00,2,6,20,D01
201200035971,0,10,000,00,2,1,01,A01
201200035971,0,07,000,00,2,4,02,C01
201200035971,0,07,000,00,2,4,02,B01
201200035972,0,33,000,00,2,2,01,B01
201200035972,0,07,000,00,2,2,19,A01
201200035973,0,07,000,00,1,2,01,A01
201200035974,0,07,000,00,2,3,09,A01
201200035974,0,02,000,00,2,1,01,B01
201200035975,0,33,000,00,2,1,01,B01
201200035975,0,07,000,00,0,3,10,A01
201200035976,0,07,000,00,1,1,01,A01
201200035977,0,07,000,03,2,1,02,B01
201200035977,0,07,000,03,2,1,03,A01
201200035978,0,01,000,00,2,3,01,B01
201200035978,0,07,000,00,2,2,09,A01
201200035979,0,07,000,00,2,8,15,A01
201200035979,0,33,000,00,2,1,17,B01
201200035980,0,07,000,00,0,4,02,B01
201200035980,0,07,000,00,2,1,01,A01
201200035981,0,07,000,00,2,6,10,A01
201200035981,0,33,000,00,2,1,01,B01
201200035982,0,40,001,00,1,2,01,A01
201200035983,0,07,000,00,2,1,02,A01
201200035983,0,07,000,00,2,4,02,B01
201200035984,1,10,000,00,1,2,15,Z01
201200035985,0,07,000,00,2,1,13,A01
201200035985,0,07,000,00,2,1,01,B01
201200035986,0,07,000,00,1,8,05,A01
201200035987,2,07,000,00,2,1,01,A01
201200035987,0,07,000,00,2,2,15,B01
201200035988,0,07,000,00,1,2,15,A01
201200035989,0,07,000,00,2,2,01,A01
201200035989,0,07,000,00,2,2,15,B01
201200035990,0,07,000,00,2,3,15,A01
201200035990,0,07,000,00,2,1,01,C01
201200035990,0,33,000,00,2,3,01,B01
201200035991,0,10,000,00,2,1,01,A01
201200035991,0,07,000,00,2,4,01,B01
201200035992,0,33,000,00,2,2,17,A01
201200035992,0,07,000,00,2,8,00,B01
201200035993,0,07,000,00,2,1,15,A01
201200035993,0,07,000,00,2,1,02,B01
201200035994,0,07,000,00,1,1,01,A01
201200035995,0,31,000,00,2,0,01,A01
201200035995,0,07,000,00,2,0,15,B01
201200035996,0,30,000,00,0,0,00,A01
201200035997,0,07,000,00,2,4,01,A01
201200035997,1,07,000,00,2,1,01,Z01
201200035998,0,30,000,00,2,8,01,B01
201200035998,0,07,000,00,2,1,01,A01
201200035999,0,07,000,00,1,3,01,A01
201200036000,0,07,000,00,1,2,01,A01
201200036001,0,07,000,00,1,2,01,A01
201200036002,0,07,000,00,1,1,01,A01
201200036003,0,07,000,06,0,2,06,A01
201200036004,0,07,000,00,2,4,01,A01
201200036004,0,31,000,00,2,1,01,B01
201200036005,2,07,000,00,2,1,01,A01
201200036005,0,07,000,00,2,4,01,B01
201200036006,0,07,000,00,1,3,15,A01
201200036007,0,07,000,00,2,1,01,A01
201200036007,0,07,000,00,2,4,23,B01
201200036007,0,07,000,00,2,4,23,C01
201200036007,0,07,000,00,2,4,23,D01
201200036008,0,32,000,12,0,1,13,A01
201200036009,0,40,020,00,2,3,01,A01
201200036009,0,07,000,00,4,2,01,B01
201200036010,0,07,000,00,2,3,02,A01
201200036010,0,07,000,00,2,5,02,B01
201200036011,0,07,000,00,2,2,23,A01
201200036011,0,34,000,14,2,3,13,B01
201200036012,0,07,000,00,0,1,06,A01
201200036013,0,34,000,00,2,1,17,A01
201200036013,0,07,000,00,2,6,15,B01
201200036014,0,33,000,00,0,8,21,A01
201200036014,0,10,000,00,0,0,15,B01
201200036015,0,07,000,00,2,1,01,A01
201200036015,0,07,000,00,2,4,02,B01
201200036016,0,10,000,00,2,1,01,A01
201200036016,0,10,000,00,2,5,01,B01
201200036017,0,14,000,00,2,2,01,A01
201200036017,0,07,000,00,2,4,23,B01