Num_Acc,senc,catv,occutc,obs,obsm,choc,manv,num_veh
201200037917,0,07,000,00,1,1,01,A01
201200037918,0,07,000,00,0,7,15,A01
201200037918,0,07,000,00,0,1,01,B01
201200037919,0,07,000,00,2,1,13,A01
201200037919,0,38,038,00,2,1,01,B01
201200037920,0,07,000,00,2,2,13,A01
201200037920,0,15,000,00,2,2,01,B01
201200037921,0,07,000,01,0,0,00,A01
201200037921,0,07,000,00,2,3,09,B01
201200037921,0,07,000,00,2,2,01,C01
201200037922,0,07,000,00,2,1,05,A01
201200037922,0,15,000,00,2,3,01,B01
201200037923,0,07,000,02,0,7,01,A01
201200037924,0,07,000,00,2,7,01,A01
201200037924,0,01,000,00,2,1,01,B01
201200037925,0,33,000,00,2,1,02,B01
201200037925,0,07,000,00,2,7,15,A01
201200037926,0,07,000,00,2,2,15,A01
201200037926,0,33,000,00,2,1,01,B01
201200037927,0,07,000,00,2,3,13,A01
201200037927,0,07,000,00,2,3,01,B01
201200037928,0,13,000,00,2,2,01,A01
201200037928,0,07,000,00,2,0,05,B01
201200037929,0,33,000,10,2,9,01,A01
201200037929,0,10,000,00,9,2,01,C01
201200037929,0,07,000,00,9,5,15,B01
201200037930,0,07,000,00,1,2,01,A01
201200037931,0,07,000,00,2,2,17,A01
201200037931,0,07,000,00,2,6,01,B01
201200037931,0,07,000,15,2,1,01,C01
201200037931,0,07,000,00,2,1,01,D01
201200037932,1,07,000,00,9,2,00,A01
201200037932,0,01,000,00,2,8,02,B01
201200037933,0,30,000,00,2,1,01,A01
201200037933,0,07,000,00,0,8,15,B01
201200037934,0,07,000,00,2,7,01,A01
201200037934,0,30,000,00,2,1,01,B01
201200037935,0,10,000,00,1,4,04,A01
201200037936,0,07,000,00,2,1,02,A01
201200037936,0,07,000,00,1,1,02,B01
201200037937,0,02,000,00,2,1,17,A01
201200037937,0,07,000,00,0,8,15,B01
201200037938,0,07,000,00,2,1,13,A01
201200037938,0,07,000,00,2,8,01,B01
201200037939,0,33,000,00,2,1,17,A01
201200037939,0,07,000,00,2,3,15,B01
201200037940,0,07,000,00,1,1,01,A01
201200037941,0,07,000,00,0,2,13,A01
201200037941,0,33,000,00,0,3,01,B01
201200037942,0,01,000,00,2,1,15,B01
201200037942,0,10,000,00,2,3,09,A01
201200037943,0,07,000,00,2,2,02,A01
201200037943,0,01,000,00,2,4,02,B01
201200037944,0,37,001,00,1,2,16,A01
201200037945,0,07,000,00,2,8,22,A01
201200037945,0,01,000,01,0,1,01,B01
201200037946,0,07,000,00,1,2,14,A01
201200037947,0,07,000,03,2,7,00,A01
201200037947,0,07,000,00,0,0,02,B01
201200037947,0,07,000,00,2,1,02,C01
201200037948,0,07,000,00,1,2,01,A01
201200037949,0,07,000,00,1,3,15,A01
201200037950,0,32,000,00,0,7,16,A01
201200037951,0,07,000,00,2,1,02,A01
201200037951,0,07,000,00,2,4,02,B01
201200037952,0,10,000,00,2,2,17,A01
201200037952,0,07,000,00,2,3,01,B01
201200037953,0,10,000,00,2,5,04,A01
201200037953,0,01,000,00,2,0,00,B01
201200037954,0,07,000,14,0,1,01,A01
201200037955,0,07,000,00,2,7,09,A01
201200037955,0,31,000,00,2,3,02,B01
201200037956,0,33,000,00,2,1,01,B01
201200037956,0,07,000,00,2,5,15,A01
201200037957,0,31,000,00,0,0,02,A01
201200037958,0,07,000,00,2,2,02,A01
201200037958,0,33,000,00,2,6,02,B01
201200037959,0,07,000,00,1,3,01,A01
201200037960,0,01,000,00,2,1,01,B01
201200037960,0,07,000,00,2,8,15,A01
201200037961,0,07,000,00,1,8,00,A01
201200037962,0,07,000,00,2,6,15,A01
201200037962,0,33,000,00,2,2,02,B01
201200037963,1,99,000,00,0,0,00,A01
201200037963,0,01,000,00,2,0,01,B01
201200037964,0,10,000,00,2,7,15,A01
201200037964,0,10,000,00,2,2,01,B01
201200037965,0,33,000,00,0,7,01,A01
201200037965,0,07,000,00,0,0,15,B01
201200037966,0,07,000,00,1,3,01,A01
201200037967,0,07,000,00,2,2,15,A01
201200037967,0,07,000,00,2,1,01,B01
201200037968,0,31,000,00,2,1,01,B01
201200037968,0,07,000,00,2,3,15,A01
201200037969,0,07,000,00,2,3,01,A01
201200037969,0,07,000,00,2,2,01,B01
201200037970,0,07,000,00,2,1,09,A01
201200037970,0,07,000,00,2,7,01,B01
201200037971,0,07,000,00,2,1,01,B01
201200037971,0,07,000,00,2,3,09,A01
201200037972,0,33,000,06,0,1,01,A01
201200037973,0,07,000,00,1,2,01,A01
201200037974,0,07,000,00,2,2,01,A01
201200037974,0,07,000,00,2,3,09,B01
201200037975,1,07,000,00,0,0,00,A01
201200037976,1,07,000,00,2,1,02,A01
201200037976,0,07,000,00,2,4,02,B01
201200037977,0,07,000,03,0,1,13,A01
201200037978,0,33,000,00,0,1,01,A01
201200037979,0,02,000,00,0,0,10,A01
201200037980,0,33,000,00,2,8,01,A01
201200037980,0,07,000,00,2,1,01,B01
201200037981,0,07,000,00,1,2,01,A01
201200037982,0,37,040,00,1,2,01,A01
201200037983,0,07,000,01,2,8,09,A01
201200037983,0,07,000,00,2,3,01,B01
201200037984,0,01,000,00,2,4,19,B01
201200037984,0,07,000,00,2,3,01,A01
201200037985,0,14,000,00,2,1,02,A01
201200037985,0,07,000,00,2,5,02,B01
201200037986,0,07,000,00,2,1,02,A01
201200037986,0,07,000,00,2,4,02,B01
201200037987,0,10,000,00,2,3,15,A01
201200037987,0,33,000,00,2,1,17,B01
201200037988,0,07,000,00,1,3,15,A01
201200037989,0,07,000,00,1,3,01,A01
201200037990,0,07,000,00,1,3,17,A01
201200037991,0,34,000,00,2,1,09,A01
201200037991,0,34,000,00,2,7,01,B01
201200037992,0,37,002,00,0,0,02,A01
201200037993,2,07,000,03,2,2,09,A01
201200037993,0,07,000,00,0,8,02,B01
201200037993,0,07,000,14,0,4,01,C01
201200037993,0,07,000,14,0,1,01,D01
201200037993,0,07,000,00,2,8,01,E01
201200037993,0,15,000,00,2,6,01,F02
201200037994,0,07,000,00,2,1,05,A01
201200037994,0,37,002,07,2,1,01,B01
201200037995,0,07,000,00,1,2,16,A01
201200037996,0,07,000,00,1,2,02,A01
201200037997,0,07,000,00,1,1,00,A01
201200037998,0,07,000,00,2,1,13,A01
201200037998,0,07,000,00,2,3,23,B01
201200037998,0,07,000,00,2,1,01,C01
201200037999,0,07,000,04,0,1,00,A01
201200037999,0,07,000,14,9,1,02,B01
201200037999,0,07,000,14,0,3,02,C01
201200038000,0,33,000,00,2,1,05,A01
201200038000,0,07,000,00,2,1,01,B01
201200038001,0,07,000,00,1,6,04,A01
201200038002,0,14,000,00,2,1,02,A01
201200038002,0,07,000,00,0,4,02,B01
201200038003,0,07,000,00,2,3,01,A01
201200038003,0,30,000,00,2,1,17,B01
201200038004,0,07,000,00,2,1,01,A01
201200038004,0,07,000,00,2,1,01,B01
201200038005,0,33,000,00,0,0,00,A01
201200038005,0,07,000,00,0,1,21,B01
201200038006,0,33,000,00,2,1,01,A01
201200038006,0,07,000,00,0,4,01,B01
201200038007,0,07,000,00,1,3,02,A01
201200038008,0,07,000,00,0,6,10,A01
201200038008,0,15,000,00,0,1,17,B01
201200038009,0,10,000,00,0,6,09,A01
201200038009,0,33,000,00,0,0,01,B01
201200038010,0,15,000,13,0,1,01,A01
201200038011,0,07,000,01,2,2,17,A01
201200038011,0,01,000,00,2,1,09,B01
201200038012,0,07,000,00,0,7,02,A01
201200038013,0,07,000,08,1,1,01,A01
201200038014,0,07,000,00,1,2,01,A01
201200038015,0,07,000,00,1,1,02,A01
201200038016,0,07,000,00,1,2,01,A01
201200038017,0,07,000,00,1,4,04,A01
201200038018,0,07,000,00,2,3,09,A01
201200038018,0,32,000,00,0,8,02,B01
201200038019,0,07,000,00,1,7,00,A01
201200038020,0,07,000,00,2,7,12,A01
201200038020,0,33,000,00,2,8,03,B01
201200038020,0,07,000,00,2,6,02,C01
201200038021,0,37,005,00,1,2,02,A01
201200038022,0,07,000,00,0,1,13,A01
201200038022,0,10,000,00,2,1,01,B01
201200038022,0,07,000,00,2,1,01,C01
201200038023,0,07,000,00,0,3,01,B01
201200038023,0,30,000,00,2,1,09,A02
201200038024,0,07,000,01,1,1,24,A01
201200038025,1,07,000,00,1,3,00,Z01
201200038026,0,07,000,00,2,1,13,A01
201200038026,0,07,000,00,2,3,14,B01
201200038027,0,07,000,02,2,3,19,A01
201200038027,0,02,000,00,2,1,01,B01
201200038028,0,07,000,00,1,2,00,A01
201200038029,0,33,000,00,2,1,17,A01
201200038029,0,07,000,00,2,4,01,B01
201200038029,0,07,000,00,2,1,02,C01
201200038030,0,33,000,00,0,1,01,A01
201200038030,0,07,000,00,0,3,15,B01
201200038031,2,07,000,00,2,3,05,A01
201200038031,0,07,000,00,2,1,02,B01
201200038031,0,07,000,00,2,3,02,C01
201200038032,0,10,000,00,2,6,02,A01
201200038032,0,33,000,00,2,1,02,B01
201200038033,0,07,000,00,0,8,15,A01
201200038033,0,33,000,00,2,1,01,B01
201200038034,0,07,000,00,2,3,01,A01
201200038034,1,07,000,00,2,0,01,B01
201200038035,1,99,000,00,1,0,04,A01
201200038036,0,07,000,00,1,2,00,A01
201200038037,0,33,000,00,2,0,01,B01
201200038037,0,07,000,00,0,3,01,A01
201200038038,0,07,000,00,0,1,00,A01
201200038038,0,07,000,00,2,2,01,B01
201200038039,0,07,000,00,0,8,15,A01
201200038039,0,07,000,00,2,1,01,B01
201200038040,0,07,000,00,2,2,09,B01
201200038040,0,33,000,00,2,1,00,A01
201200038041,0,07,000,00,2,6,01,A01
201200038041,0,07,000,00,2,3,01,B02
201200038042,0,07,000,00,2,3,01,B01
201200038042,0,30,000,00,2,1,09,A01
201200038043,0,07,000,00,2,1,01,A01
201200038043,0,07,000,00,2,8,09,B01
201200038044,0,07,000,00,1,6,04,A01
201200038045,0,33,000,00,0,1,01,A01
201200038046,0,33,000,00,2,1,02,A01
201200038046,0,07,000,00,2,7,09,B01
201200038047,0,07,000,00,2,4,02,B01
201200038047,0,07,000,00,2,4,01,C01
201200038047,1,07,000,00,2,1,02,A01
201200038048,0,07,000,09,1,1,16,A01
201200038049,0,07,000,00,2,0,22,A01
201200038049,0,02,000,00,2,1,01,B01
201200038050,0,07,000,00,1,1,00,A01
201200038051,0,33,000,00,2,5,06,A01
201200038051,0,07,000,00,2,1,09,B01
201200038052,0,07,000,00,2,3,01,A01
201200038052,0,07,000,00,2,3,16,B01
201200038053,0,02,000,00,0,1,02,B01
201200038053,0,07,000,00,2,6,15,A01
201200038054,2,07,000,00,2,1,01,A01
201200038054,0,07,000,00,2,8,01,B01
201200038055,0,07,000,01,1,3,13,A01
201200038056,0,07,000,00,2,1,09,B01
201200038056,0,02,000,00,2,8,13,A01
201200038057,0,10,000,00,2,2,00,A01
201200038057,0,30,000,00,0,3,00,B01
201200038058,0,02,000,00,0,1,01,A01
201200038059,0,07,000,00,2,8,09,A01
201200038059,0,33,000,00,2,1,01,B01
201200038060,0,07,000,02,0,0,14,A01
201200038061,0,30,000,00,2,1,18,A01
201200038061,0,10,000,00,2,7,20,B01
201200038062,0,07,000,00,1,7,01,A01
201200038063,0,07,000,00,2,2,15,A01
201200038063,0,02,000,00,2,7,02,B01
201200038064,0,07,000,00,1,3,01,A01
201200038065,0,33,000,03,0,8,01,A01
201200038066,0,07,000,00,1,1,01,A01
201200038067,0,07,000,05,2,2,12,A01
201200038067,0,07,000,15,2,3,01,B01
201200038068,0,07,000,00,1,1,21,A01
201200038069,0,07,000,00,2,2,01,A01
201200038069,0,07,000,00,2,6,23,B01
201200038070,0,07,000,00,1,2,01,A01
201200038071,0,07,000,00,1,2,01,A01
201200038072,0,07,000,00,1,2,01,A01
201200038073,0,07,000,00,1,3,01,A01
201200038074,0,31,000,00,2,1,13,A01
201200038074,0,07,000,00,2,3,01,B01
201200038075,0,07,000,00,2,4,23,B01
201200038075,0,07,000,00,2,1,01,A01
201200038076,0,07,000,00,2,1,15,A01
201200038076,0,07,000,00,2,3,01,B01
201200038077,0,15,000,00,2,6,23,B01
201200038077,0,07,000,00,2,1,01,A01
201200038078,0,10,000,00,2,4,23,B01
201200038078,0,07,000,00,2,4,23,C01
201200038078,0,07,000,00,2,1,01,A01
201200038079,0,07,000,00,2,2,02,A01
201200038079,0,14,000,00,2,6,23,B01
201200038080,0,07,000,00,2,4,23,B01
201200038080,0,07,000,00,2,1,01,A01
201200038081,0,33,000,00,2,4,15,B01
201200038081,0,07,000,00,2,3,01,A01
201200038082,0,07,000,00,1,1,01,A01
201200038083,0,07,000,00,2,1,01,A01
201200038083,0,07,000,00,2,4,23,D01
201200038083,0,07,000,00,2,4,01,C01
201200038083,0,07,000,00,2,4,01,B01
201200038084,0,07,000,00,2,4,01,C01
201200038084,0,07,000,00,2,4,01,B01
201200038084,0,07,000,00,2,1,01,A01
201200038085,0,07,000,00,2,1,01,A01
201200038085,0,07,000,00,2,4,23,B01
201200038086,0,07,000,00,2,4,01,B01
201200038086,0,07,000,00,2,1,01,A01
201200038087,0,07,000,00,2,3,10,A01
201200038087,0,33,000,00,2,1,01,B01
201200038088,0,07,000,01,0,1,13,A01
201200038089,0,10,000,00,2,3,17,A01
201200038089,0,07,000,00,2,3,01,B01
201200038090,0,07,000,00,1,2,17,A01
201200038091,0,01,000,00,2,7,19,A01
201200038091,0,07,000,00,2,1,01,B01
201200038092,0,07,000,00,1,2,01,A01
201200038093,0,10,000,00,1,2,21,A01
201200038094,0,07,000,00,2,1,01,B01
201200038094,0,07,000,00,2,8,10,A01
201200038095,0,07,000,00,2,4,23,B01
201200038095,0,07,000,00,2,1,01,A01
201200038095,0,10,000,00,2,4,23,D01
201200038095,0,07,000,00,2,4,23,C01
201200038096,0,07,000,00,2,4,23,A01
201200038096,0,07,000,00,2,1,01,C01
201200038096,0,07,000,00,2,1,01,B01
201200038097,0,07,000,00,2,3,01,A01
201200038097,0,07,000,00,2,2,01,B01
201200038098,0,07,000,00,1,1,01,A01
201200038099,0,07,000,05,0,1,01,A01
201200038100,0,07,000,00,2,1,21,B01
201200038100,0,07,000,00,2,8,13,A01
201200038101,0,07,000,00,1,2,15,A01
201200038102,0,07,000,00,1,2,01,A01
201200038103,0,33,000,00,2,1,03,B02
201200038103,0,07,000,00,2,8,11,A01
201200038104,0,07,000,00,2,4,23,B01
201200038104,0,07,000,00,2,1,01,A01
201200038104,0,07,000,00,2,4,23,D01
201200038104,0,07,000,00,2,4,23,C01
201200038105,0,07,000,00,2,2,23,B01
201200038105,0,07,000,00,2,4,23,C01
201200038105,0,07,000,00,2,1,02,A01
201200038106,0,07,000,00,1,2,01,A01
201200038107,0,07,000,00,2,1,01,A01
201200038107,0,07,000,00,2,3,01,B01
201200038108,0,30,000,00,2,1,01,A01
201200038108,0,07,000,00,2,5,01,B01
201200038109,0,07,000,11,2,1,01,A01
201200038109,0,07,000,00,2,2,15,B01
201200038110,1,07,000,00,1,0,00,Z01
201200038111,0,07,000,00,2,3,10,A01
201200038111,0,33,000,00,2,2,01,B01
201200038112,0,38,001,00,1,3,15,A01
201200038113,0,07,000,00,1,1,01,A01
201200038114,0,07,000,00,2,4,23,B01
201200038114,0,07,000,00,2,1,01,A01
201200038114,0,10,000,00,2,4,23,C01
201200038115,0,07,000,00,1,8,01,A01
201200038116,0,07,000,00,1,4,04,A01
201200038117,0,07,000,00,2,1,15,A01
201200038117,0,01,000,00,2,1,19,B01
201200038118,0,07,000,00,1,3,01,A01
201200038119,0,37,008,00,2,2,01,A01
201200038119,0,07,000,00,2,4,04,C01
201200038119,0,07,000,00,2,2,23,B01
201200038120,0,07,000,00,1,2,01,A01
201200038121,0,07,000,00,2,1,01,B01
201200038121,0,01,000,00,2,7,19,A01
201200038122,0,07,000,00,1,2,17,A01
201200038123,0,33,000,00,2,1,01,A01
201200038123,0,07,000,00,2,8,15,B01
201200038124,0,07,000,01,1,1,01,A01
201200038125,0,07,000,00,2,1,02,A01
201200038125,0,07,000,00,2,4,23,B01
201200038126,0,07,000,00,1,4,04,A01
201200038127,0,31,000,04,0,2,01,A01
201200038128,0,07,000,00,2,1,01,A01
201200038128,0,07,000,00,2,4,01,B01
201200038129,0,07,000,00,2,2,01,A01
201200038129,0,01,000,00,2,1,19,B01
201200038130,0,07,000,00,1,2,01,A01
201200038131,0,10,000,00,1,2,01,A01
201200038132,0,34,000,12,0,0,21,A01
201200038133,0,30,000,00,2,1,01,A01
201200038133,0,07,000,00,2,4,01,B01
201200038134,0,33,000,00,2,1,17,A01
201200038134,0,07,000,00,2,4,01,B01
201200038135,0,07,000,00,1,1,01,A01
201200038136,0,07,000,00,1,7,01,A01
201200038137,0,07,000,00,1,8,01,A01
201200038138,0,07,000,00,2,8,15,B01
201200038138,0,33,000,00,2,1,17,A01
201200038139,0,07,000,00,1,2,01,A01
201200038140,0,33,000,00,2,1,01,B01
201200038140,0,07,000,00,2,4,15,A01
201200038141,0,33,000,06,2,7,01,B01
201200038141,0,33,000,06,2,7,01,A01
201200038142,0,07,000,00,2,1,01,B01
201200038142,0,07,000,00,2,1,06,A01
201200038143,0,07,000,01,2,4,21,B01
201200038143,0,31,000,00,2,6,21,A01
201200038144,0,07,000,00,2,3,01,A01
201200038144,0,34,000,00,2,1,01,B01
201200038145,0,01,000,01,0,1,01,B01
201200038145,0,10,000,00,2,8,22,A01
201200038146,0,37,030,00,2,3,01,B02
201200038146,0,37,002,00,2,3,13,A01
201200038147,0,07,000,00,2,3,16,A01
201200038147,0,07,000,01,2,3,16,B01
201200038148,0,07,000,00,1,1,01,A01
201200038149,0,07,000,00,2,1,01,A01
201200038149,0,07,000,00,2,4,01,B01
201200038150,0,34,000,00,2,1,17,A01
201200038150,0,07,000,00,2,3,15,B01
201200038151,0,02,000,00,2,1,01,A01
201200038151,0,07,000,00,2,7,09,B01
201200038152,0,10,000,00,2,4,20,A01
201200038152,0,37,030,00,2,7,23,B01
201200038153,0,33,000,00,2,2,01,B01
201200038153,0,07,000,00,2,6,11,A01
201200038154,0,07,000,00,1,7,01,A01
201200038155,0,07,000,04,0,4,01,B01
201200038155,1,99,000,00,2,4,00,A01
201200038156,0,07,000,00,1,3,16,A01
201200038157,0,07,000,00,1,2,00,A01
201200038158,0,32,000,00,1,2,03,A01
201200038159,0,07,000,00,1,1,01,A01
201200038160,0,07,000,00,2,1,02,A01
201200038160,0,07,000,00,2,3,16,B01
201200038161,0,30,000,00,2,8,03,A01
201200038161,0,33,000,00,2,8,03,B01
201200038162,0,07,000,00,2,3,15,A01
201200038162,0,30,000,00,2,1,01,B01
201200038163,0,07,000,00,2,5,09,A01
201200038163,0,33,000,00,2,1,01,B01
201200038164,0,01,000,00,2,1,09,B01
201200038164,0,07,000,00,2,8,01,A01
201200038165,0,34,000,00,2,1,01,B01
201200038165,0,07,000,00,2,6,09,A01
201200038166,1,07,000,00,1,0,00,Z01
201200038167,0,07,000,00,1,2,01,A01
201200038168,0,07,000,01,2,1,13,B01
201200038168,0,07,000,00,2,1,01,A01
201200038169,0,33,000,00,2,2,01,B01
201200038169,0,07,000,00,2,3,01,A01
201200038170,0,33,000,00,2,1,17,A01
201200038170,0,07,000,00,2,3,09,B01
201200038171,0,07,000,00,2,3,09,A01
201200038171,0,33,000,00,2,2,01,B01
201200038172,0,07,000,00,2,6,02,C01
201200038172,2,07,000,00,2,3,05,A01
201200038172,0,02,000,00,2,1,02,B01
201200038173,0,30,000,00,1,1,01,A01
201200038174,0,30,000,00,2,2,17,B01
201200038174,0,07,000,00,2,3,15,A01
201200038175,0,07,000,00,1,4,04,A01
201200038176,0,07,000,00,2,4,02,B01
201200038176,0,10,000,00,2,1,02,A01
201200038176,0,07,000,00,2,4,23,C01
201200038177,0,33,000,00,2,7,17,A01
201200038177,0,07,000,00,2,3,15,B01
201200038178,0,07,000,00,2,2,01,A01
201200038178,0,01,000,00,2,3,01,B01
201200038179,0,30,000,00,0,0,16,A01
201200038179,0,30,000,00,0,0,21,B01
201200038180,0,07,000,00,1,1,01,A01
201200038181,0,07,000,00,1,2,02,A01
201200038182,0,33,000,00,2,1,17,A01
201200038182,0,07,000,08,2,8,15,B01
201200038183,0,33,000,00,2,1,01,A01
201200038183,0,07,000,00,2,6,15,B01
201200038184,0,01,000,00,2,7,19,B01
201200038184,0,17,000,00,9,1,16,A01
201200038185,0,07,000,00,9,3,01,A01
201200038185,0,01,000,00,2,7,01,B01
201200038186,0,07,000,00,2,1,02,A01
201200038186,0,07,000,08,2,4,02,B01
201200038187,0,07,000,00,2,7,01,A01
201200038187,0,01,000,00,2,7,01,B01
201200038188,0,10,000,00,1,1,01,A01
201200038189,0,33,000,00,2,0,21,A01
201200038189,0,07,000,00,2,7,14,B01
201200038190,0,07,000,00,2,3,13,B01
201200038190,0,07,000,00,2,3,13,A01
201200038191,0,33,000,00,2,1,01,B01
201200038191,0,07,000,00,2,1,15,A01
201200038192,0,07,000,00,2,3,01,B01
201200038192,0,03,000,00,2,1,13,A01
201200038193,0,07,000,02,0,3,00,A01
201200038194,0,07,000,00,2,7,23,C01
201200038194,0,07,000,01,2,9,01,A01
201200038194,0,07,000,00,2,6,23,B01
201200038195,0,07,000,00,2,3,01,B01
201200038195,0,32,000,00,2,7,05,A01
201200038196,0,07,000,00,1,1,15,A01
201200038197,0,33,000,02,0,1,21,B01
201200038197,0,07,000,00,0,0,15,A01
201200038198,0,07,000,13,2,8,17,A01
201200038198,0,07,000,12,2,7,17,B01
201200038199,2,34,000,00,1,2,02,A01
201200038200,0,07,000,00,1,2,00,A01
201200038201,0,07,000,00,1,2,01,A01
201200038202,0,01,000,12,2,1,05,B01
201200038202,1,10,000,00,2,2,16,A01
201200038203,0,07,000,06,0,2,00,A01
201200038204,1,07,000,00,1,1,01,A01
201200038205,0,07,000,00,1,3,15,A01
201200038206,0,33,000,00,2,1,02,A01
201200038206,0,07,000,00,2,5,23,B01
201200038207,0,07,000,00,2,1,01,B01
201200038207,0,07,000,00,2,1,01,A01
201200038208,0,07,000,00,2,7,11,A01
201200038208,0,33,000,00,2,1,02,B01
201200038209,0,99,000,08,0,0,00,A01
201200038210,0,01,000,00,2,1,19,B01
201200038210,0,07,000,00,2,3,01,A01
201200038211,0,07,000,00,2,2,15,A01
201200038211,0,31,000,00,2,1,01,B01
201200038212,0,07,000,00,2,8,01,B01
201200038212,0,07,000,00,2,1,01,A01
201200038213,0,07,000,00,2,5,15,A01
201200038213,0,31,000,00,2,1,17,B01
201200038214,0,07,000,00,2,1,01,A01
201200038214,0,07,000,00,2,6,01,B01
201200038215,0,30,000,01,2,3,18,A01
201200038215,0,07,000,00,2,2,16,B01
201200038216,0,07,000,00,1,1,01,A01
201200038217,0,07,000,00,1,1,01,A01
201200038218,0,02,000,00,2,1,01,A01
201200038218,0,07,000,00,2,2,01,B01
201200038219,0,02,000,00,2,1,21,A01
201200038219,0,07,000,00,2,1,10,C01
201200038220,0,07,000,00,1,2,01,A01
201200038221,0,33,000,13,0,0,01,A01
201200038222,0,10,000,00,2,5,02,B01
201200038222,0,33,000,00,2,1,02,A01
201200038223,0,07,000,15,1,3,01,B01
201200038223,0,07,000,00,2,3,15,A01
201200038224,0,07,000,00,2,1,02,C01
201200038224,0,10,000,06,0,1,02,A01
201200038224,0,07,000,00,2,4,02,B01
201200038225,0,10,000,00,2,1,01,A01
201200038225,0,07,000,00,2,4,23,B01
201200038226,0,07,000,00,2,1,01,B01
201200038226,0,07,000,00,2,8,01,A01
201200038227,0,07,000,13,0,1,01,A01
201200038228,0,10,000,00,2,5,23,C01
201200038228,0,07,000,00,2,1,02,A01
201200038228,0,07,000,00,2,4,23,B01
201200038229,0,10,000,00,2,4,23,B01
201200038229,0,10,000,00,2,4,23,C01
201200038229,0,10,000,00,2,1,01,A01
201200038230,0,07,000,00,0,1,12,A01
201200038231,0,07,000,00,2,7,00,B01
201200038231,0,07,000,00,2,1,01,A01
201200038232,0,07,000,00,2,4,23,B02
201200038232,0,07,000,00,2,1,01,A01
201200038233,0,07,000,00,1,1,01,A01
201200038234,0,07,000,00,1,1,01,A01
201200038235,0,07,000,00,1,4,04,A01
201200038236,0,07,000,00,2,1,01,B01
201200038236,0,07,000,00,2,1,13,A01
201200038237,1,07,000,00,2,4,04,A01
201200038237,0,30,000,00,2,8,01,B01
201200038238,0,17,000,00,2,1,01,A01
201200038238,0,33,000,00,2,4,03,B01
201200038239,0,07,000,00,2,2,01,A01
201200038239,0,07,000,00,2,4,23,B01
201200038239,0,07,000,00,2,4,23,C01
201200038240,0,07,000,00,2,4,23,B01
201200038240,0,10,000,00,2,1,02,A01
201200038241,0,07,000,00,2,8,16,A01
201200038241,0,33,000,00,2,7,16,B01
201200038242,0,07,000,00,0,1,01,A01
201200038242,0,07,000,00,0,0,00,B01
201200038243,0,33,000,00,2,7,17,B01
201200038243,0,10,000,00,2,3,15,A01
201200038244,0,07,000,00,1,4,20,A01
201200038245,0,07,000,08,0,3,01,A01
201200038246,0,33,000,00,1,3,01,A01
201200038247,0,07,000,00,0,9,01,A01
201200038248,0,07,000,00,2,8,09,A01
201200038248,0,10,000,00,2,3,21,B01
201200038249,0,07,000,14,0,1,01,A01
201200038250,0,07,000,00,1,7,01,A01
201200038251,0,07,000,00,2,1,01,B01
201200038251,0,07,000,00,0,4,23,A01
201200038252,0,07,000,00,2,1,01,A01
201200038252,0,07,000,00,2,4,01,B01
201200038253,0,07,000,00,2,3,15,A01
201200038253,0,34,000,00,2,6,15,B01
201200038254,0,02,000,00,2,1,01,B01
201200038254,0,07,000,16,2,3,15,A01
201200038255,0,07,000,00,2,3,01,B01
201200038255,0,07,000,00,2,3,13,A01
201200038256,0,07,000,00,2,7,15,B01
201200038256,0,07,000,00,2,1,01,A01
201200038257,0,07,000,00,2,3,01,B01
201200038257,0,07,000,00,2,3,09,A01
201200038258,0,07,000,00,2,3,01,B01
201200038258,0,07,000,00,2,3,13,A01
201200038259,0,07,000,00,2,8,01,B01
201200038259,0,07,000,00,2,3,15,A01
201200038260,0,07,000,00,2,1,01,B01
201200038260,0,31,000,00,2,1,05,A01
201200038261,0,07,000,00,2,4,15,A01
201200038261,0,13,000,00,2,2,02,B01
201200038262,0,02,000,00,1,1,02,A01
201200038263,0,33,000,00,2,7,01,B01
201200038263,0,07,000,00,2,2,16,A01
201200038264,0,07,000,15,0,1,01,A01
201200038265,0,07,000,02,0,3,01,A01
201200038266,0,07,000,00,0,2,01,A01
201200038267,0,13,000,00,2,7,02,A01
201200038267,0,33,000,00,2,3,02,B01
201200038268,0,07,000,00,1,7,01,A01
201200038269,1,07,000,00,2,4,02,C01
201200038269,0,07,000,00,2,1,02,A01
201200038269,0,07,000,00,2,4,02,B01
201200038270,0,33,000,12,2,1,17,A01
201200038270,0,01,000,00,2,8,15,B01
201200038271,0,37,000,00,1,1,01,A01
201200038272,0,07,000,00,2,1,01,B01
201200038272,0,07,000,00,2,7,15,A01
201200038273,0,32,000,00,2,1,01,A01
201200038273,0,07,000,00,2,6,01,B01
201200038274,0,07,000,12,0,1,01,A01
201200038275,0,10,000,00,0,0,01,A01
201200038276,0,14,000,12,2,2,15,B01
201200038276,0,33,000,00,2,8,15,A01
201200038277,0,07,000,02,0,1,01,A01
201200038278,0,07,000,00,1,2,01,A01
201200038279,0,07,000,00,2,1,15,B01
201200038279,0,07,000,00,2,3,01,A01
201200038280,0,15,000,00,2,3,01,B01
201200038280,0,02,000,00,2,8,15,A01
201200038281,0,99,000,12,2,1,21,A01
201200038282,0,07,000,00,1,2,01,A01
201200038283,0,07,000,00,2,1,01,B01
201200038283,0,07,000,00,2,1,15,A01
201200038284,0,31,000,00,2,8,21,A01
201200038284,0,33,000,00,2,1,21,B01
201200038285,0,07,000,00,1,7,01,A01