Num_Acc,senc,catv,occutc,obs,obsm,choc,manv,num_veh
201200038286,0,02,000,00,0,1,01,A01
201200038287,0,07,000,00,1,3,01,A01
201200038288,0,30,000,00,2,5,17,B01
201200038288,0,07,000,00,2,3,15,A01
201200038289,0,34,000,00,2,1,01,A01
201200038289,0,07,000,00,2,1,15,B01
201200038290,0,07,000,00,2,5,02,B01
201200038290,0,32,000,00,2,1,02,A01
201200038291,0,07,000,00,2,1,01,B01
201200038291,0,07,000,00,2,1,01,A01
201200038292,0,07,000,00,2,1,01,A01
201200038292,0,07,000,00,2,4,23,B01
201200038293,0,33,000,11,0,0,01,A01
201200038294,0,07,000,08,0,3,01,A01
201200038295,0,07,000,00,2,3,01,B01
201200038295,0,07,000,00,2,8,20,A01
201200038296,0,01,000,00,2,0,19,B01
201200038296,0,07,000,00,2,1,01,A01
201200038297,0,07,000,00,2,1,01,B01
201200038297,0,07,000,00,2,2,15,A01
201200038298,0,10,000,00,2,6,11,B01
201200038298,0,10,000,00,2,1,01,A01
201200038299,1,07,000,00,2,1,01,B01
201200038299,0,07,000,00,2,6,23,A01
201200038300,0,02,000,00,2,1,01,A01
201200038300,0,07,000,00,2,8,09,B01
201200038301,0,33,000,00,2,1,01,A01
201200038301,0,07,000,00,2,5,01,B01
201200038302,0,07,000,00,2,4,02,A01
201200038302,0,10,000,00,2,1,02,B01
201200038302,0,07,000,00,2,1,02,C01
201200038303,0,07,000,00,2,1,01,B01
201200038303,0,07,000,01,2,1,17,A01
201200038304,0,07,000,00,2,5,09,A01
201200038304,0,33,000,00,2,1,09,B01
201200038305,0,33,000,08,0,9,17,A01
201200038306,0,07,000,02,0,0,16,A01
201200038307,0,07,000,00,1,2,00,A01
201200038308,0,34,000,00,2,2,01,B01
201200038308,0,07,000,00,2,6,10,A01
201200038309,0,07,000,00,2,4,02,B01
201200038309,0,07,000,00,2,1,01,A01
201200038310,0,07,000,00,1,0,01,A01
201200038311,0,07,000,00,2,2,01,A01
201200038311,0,07,000,00,2,6,01,B01
201200038312,0,07,000,00,2,4,23,B01
201200038312,0,13,000,00,2,1,01,A01
201200038313,0,10,000,00,2,4,23,C01
201200038313,0,07,000,00,2,4,23,B01
201200038313,0,07,000,00,2,1,01,A01
201200038314,0,07,000,00,1,1,01,A01
201200038315,0,07,000,00,2,3,19,A01
201200038315,0,07,000,00,2,6,01,B01
201200038316,0,07,000,00,2,1,01,A01
201200038316,0,07,000,00,2,4,01,B01
201200038317,0,07,000,13,0,0,00,A01
201200038318,0,07,000,00,2,1,01,B01
201200038318,0,37,001,00,2,1,09,A01
201200038319,0,07,000,00,2,3,15,A01
201200038319,0,07,000,00,2,2,17,B01
201200038320,0,07,000,00,2,4,01,B01
201200038320,0,07,000,00,2,1,01,A01
201200038321,0,07,000,00,2,1,02,A01
201200038321,0,07,000,00,2,4,01,B01
201200038322,0,07,000,00,1,3,01,A01
201200038323,0,07,000,00,1,1,01,A01
201200038324,0,10,000,00,1,2,21,A01
201200038325,0,07,000,00,1,1,01,A01
201200038326,0,07,000,08,0,1,05,A01
201200038327,0,07,000,00,2,3,01,B01
201200038327,0,07,000,00,2,2,01,A01
201200038328,0,31,000,00,2,1,01,A01
201200038328,0,07,000,00,2,3,15,C01
201200038328,0,07,000,00,2,8,16,B01
201200038329,0,07,000,00,2,4,02,B01
201200038329,0,07,000,00,2,4,23,D01
201200038329,0,07,000,00,2,1,02,A01
201200038329,0,07,000,00,2,4,02,C01
201200038330,0,07,000,00,1,3,02,A01
201200038331,0,14,000,00,2,1,02,A01
201200038331,0,07,000,00,2,4,23,B01
201200038332,0,07,000,00,2,8,01,B01
201200038332,0,07,000,00,2,1,01,A01
201200038333,0,07,000,00,2,3,01,B01
201200038333,0,32,000,00,2,8,21,A01
201200038334,0,01,000,00,2,1,01,B01
201200038334,0,07,000,00,2,3,09,A01
201200038335,0,07,000,00,2,3,01,B01
201200038335,0,07,000,00,2,5,17,A01
201200038336,0,33,000,00,1,0,21,A01
201200038337,0,07,000,00,2,5,11,B01
201200038337,0,31,000,00,2,1,21,A01
201200038338,0,07,000,00,2,1,15,A01
201200038338,0,30,000,00,2,8,01,B01
201200038339,0,07,000,00,2,2,01,B01
201200038339,0,07,000,02,2,6,09,A01
201200038340,0,07,000,00,2,3,10,B01
201200038340,0,07,000,00,2,2,01,A01
201200038341,0,07,000,00,2,3,15,B01
201200038341,0,34,000,00,2,2,17,A01
201200038342,0,30,000,00,0,0,21,B01
201200038342,0,07,000,00,0,0,12,A01
201200038343,0,07,000,00,1,3,01,A01
201200038344,0,33,000,00,2,1,13,A01
201200038344,0,07,000,00,2,3,01,B01
201200038345,0,07,000,00,2,1,01,B01
201200038345,0,33,000,00,2,2,15,A01
201200038346,0,07,000,00,2,4,23,C01
201200038346,0,07,000,00,2,4,02,B01
201200038346,0,10,000,00,2,1,01,A01
201200038347,0,07,000,00,2,1,05,A01
201200038347,0,07,000,00,2,3,01,B01
201200038348,0,02,000,00,2,7,02,A01
201200038348,0,07,000,00,2,4,01,B01
201200038349,0,02,000,00,2,6,15,B01
201200038349,0,02,000,00,2,1,01,A01
201200038350,0,07,000,00,1,4,04,A01
201200038351,0,07,000,00,2,8,22,A01
201200038351,0,30,000,01,0,7,17,B01
201200038352,0,01,000,00,2,7,01,B01
201200038352,0,07,000,00,2,1,09,A01
201200038353,0,07,000,00,1,2,01,A01
201200038354,0,07,000,00,2,5,01,B01
201200038354,0,01,000,00,2,1,01,A01
201200038355,0,07,000,00,2,1,01,A01
201200038355,0,01,000,00,2,4,01,B01
201200038356,0,33,000,01,0,7,01,A01
201200038357,0,07,000,00,2,6,23,B01
201200038357,0,33,000,00,2,8,02,A01
201200038358,0,07,000,00,2,1,01,B01
201200038358,0,07,000,00,2,1,13,A01
201200038359,0,07,000,00,2,1,01,A01
201200038359,0,07,000,00,2,8,01,B01
201200038360,0,32,000,00,0,0,17,A01
201200038361,0,07,000,00,1,1,09,A01
201200038362,0,10,000,00,2,3,21,A01
201200038362,0,33,000,00,2,1,01,C01
201200038362,0,07,000,00,2,6,23,B01
201200038363,0,07,000,00,1,1,01,A01
201200038364,0,07,000,15,2,1,01,B01
201200038364,0,07,000,00,2,3,15,A01
201200038365,0,07,000,00,2,1,01,A01
201200038365,0,07,000,00,2,4,23,B01
201200038366,0,07,000,00,2,4,23,B01
201200038366,0,30,000,00,2,1,01,A01
201200038367,0,07,000,00,2,4,23,B01
201200038367,0,07,000,00,2,1,01,A01
201200038368,0,02,000,01,0,1,13,A01
201200038369,0,07,000,00,2,3,01,A01
201200038369,0,32,000,00,2,5,01,B01
201200038370,0,07,000,00,2,4,02,C01
201200038370,0,07,000,00,2,4,02,B01
201200038370,0,07,000,00,2,1,01,A01
201200038370,0,07,000,00,2,4,02,D01
201200038371,0,33,000,00,2,1,01,B01
201200038371,0,07,000,00,2,5,15,A01
201200038372,0,07,000,00,2,8,01,B01
201200038372,0,07,000,00,2,1,01,A01
201200038373,0,07,000,00,1,1,01,A01
201200038374,0,10,000,00,1,3,15,A01
201200038375,0,33,000,00,9,8,17,A01
201200038376,0,07,000,00,0,9,01,A01
201200038377,0,07,000,00,2,4,23,B01
201200038377,0,07,000,00,2,1,02,A01
201200038378,0,07,000,00,1,1,01,A01
201200038379,0,07,000,00,1,2,16,A01
201200038380,0,07,000,00,2,1,02,A01
201200038380,0,07,000,00,2,4,02,B01
201200038381,0,07,000,00,2,2,15,A01
201200038381,0,30,000,00,2,1,01,B01
201200038382,0,07,000,00,1,4,04,A01
201200038383,0,07,000,00,2,3,10,A01
201200038383,0,31,000,00,2,1,01,B01
201200038384,0,07,000,00,2,1,02,A01
201200038384,0,07,000,00,2,4,02,B01
201200038385,0,07,000,00,1,3,15,A01
201200038386,0,07,000,00,2,2,15,A01
201200038386,0,07,000,00,2,2,01,B01
201200038387,0,30,000,00,2,4,01,A01
201200038387,0,07,000,00,2,3,01,B01
201200038388,0,07,000,00,1,1,01,A01
201200038389,0,07,000,00,2,1,01,B01
201200038389,0,07,000,11,2,1,06,A01
201200038390,0,33,000,00,2,4,02,B01
201200038390,0,07,000,00,2,1,02,A01
201200038391,0,15,000,13,0,0,21,C01
201200038391,0,38,001,00,0,0,13,A01
201200038391,0,07,000,13,0,0,21,B01
201200038392,0,07,000,00,2,3,02,B01
201200038392,0,01,000,00,2,1,14,A01
201200038393,0,33,000,00,0,8,14,A01
201200038394,0,07,000,00,1,8,01,A01
201200038395,0,07,000,11,0,1,06,A01
201200038396,0,07,000,03,0,7,02,A01
201200038397,0,07,000,00,1,1,01,A01
201200038398,0,07,000,00,1,1,01,A01
201200038399,0,07,000,00,1,4,04,A01
201200038400,0,07,000,00,2,4,23,C02
201200038400,0,07,000,00,2,4,23,B02
201200038400,0,07,000,00,2,1,01,A01
201200038401,0,07,000,00,2,8,09,B01
201200038401,0,07,000,00,2,3,13,A01
201200038402,0,07,000,00,2,5,01,A01
201200038402,0,07,000,00,2,1,01,B01
201200038403,0,30,000,00,2,8,11,A01
201200038403,0,07,000,00,2,7,17,B01
201200038404,0,33,000,00,2,0,21,A01
201200038405,0,33,000,00,0,0,21,A01
201200038406,0,07,000,00,1,1,01,A01
201200038407,0,07,000,00,2,1,09,A01
201200038407,0,01,000,00,2,4,02,B01
201200038408,0,07,000,12,0,2,14,A01
201200038409,0,07,000,00,2,1,09,A01
201200038409,0,07,000,00,2,4,01,B01
201200038410,0,33,000,00,0,8,01,A01
201200038411,0,33,000,00,2,1,02,B01
201200038411,0,07,000,00,2,8,10,A01
201200038412,0,07,000,01,2,6,16,B01
201200038412,0,07,000,00,2,2,02,A01
201200038413,0,07,000,00,1,1,16,A01
201200038414,0,07,000,00,2,3,09,A01
201200038414,0,01,000,00,2,1,09,B01
201200038415,0,07,000,00,2,4,02,B01
201200038415,0,33,000,00,2,4,02,C01
201200038415,0,37,001,00,2,1,02,A01
201200038415,0,07,000,00,2,4,02,D01
201200038416,0,07,000,00,1,1,02,A01
201200038417,0,30,000,00,0,0,01,A01
201200038418,0,07,000,00,2,1,02,A01
201200038418,0,07,000,00,2,4,02,B01
201200038419,0,03,000,00,2,1,02,A01
201200038419,0,10,000,00,2,4,02,B01
201200038420,0,30,000,00,2,1,15,A01
201200038420,0,07,000,00,2,1,01,B01
201200038421,0,07,000,00,1,1,02,A01
201200038422,0,07,000,08,0,1,01,A01
201200038423,0,07,000,00,2,4,02,C01
201200038423,0,07,000,00,2,1,02,A01
201200038423,0,07,000,00,2,9,02,B01
201200038424,0,07,000,00,0,9,01,A01
201200038425,0,07,000,00,2,4,02,C01
201200038425,0,07,000,00,2,1,02,A01
201200038425,0,07,000,00,2,4,02,B01
201200038426,0,07,000,00,2,1,05,A01
201200038426,0,31,000,00,2,1,02,B01
201200038427,0,07,000,00,2,1,02,B01
201200038427,0,07,000,00,2,6,09,A01
201200038428,0,07,000,00,0,0,15,A01
201200038428,0,07,000,08,0,1,21,B01
201200038429,0,02,000,00,0,8,01,A01
201200038430,0,07,000,00,2,1,02,A01
201200038430,0,07,000,00,2,4,02,C01
201200038430,0,07,000,00,2,4,02,B01
201200038431,0,07,000,00,1,1,15,A01
201200038432,0,15,000,08,0,3,09,A01
201200038433,0,07,000,00,2,2,01,A01
201200038433,0,07,000,00,1,6,23,B01
201200038434,0,07,000,14,0,1,14,A01
201200038435,0,07,000,00,1,3,15,A01
201200038436,0,07,000,01,2,9,05,A01
201200038436,0,07,000,00,2,8,01,B01
201200038437,0,07,000,03,0,0,09,A01
201200038438,0,30,000,00,0,8,01,A01
201200038439,0,07,000,00,2,1,01,B01
201200038439,0,07,000,00,2,4,15,A01
201200038440,0,07,000,12,0,3,06,A01
201200038441,0,07,000,00,2,3,14,B01
201200038441,0,02,000,00,2,1,17,A01
201200038442,0,07,000,06,0,1,01,A01
201200038443,0,07,000,00,2,7,01,A01
201200038443,0,07,000,00,2,1,01,B01
201200038444,0,14,000,00,2,8,23,C01
201200038444,0,15,000,00,2,3,01,A01
201200038444,0,07,000,00,2,8,09,B01
201200038445,1,07,000,00,0,0,00,A01
201200038445,0,02,000,00,2,0,01,B01
201200038446,0,02,000,01,0,1,01,A01
201200038447,0,31,000,00,2,1,01,A01
201200038447,0,07,000,00,2,7,01,B01
201200038448,0,30,000,00,1,1,01,A01
201200038449,0,13,000,00,0,4,02,B01
201200038449,0,30,000,00,2,1,02,A01
201200038450,1,07,000,00,1,7,16,A01
201200038451,1,01,000,00,1,1,00,A01
201200038452,0,33,000,00,2,3,13,A01
201200038452,0,03,000,00,2,1,01,B01
201200038453,1,07,000,00,1,1,02,A01
201200038454,1,99,000,00,0,0,00,A01
201200038455,0,07,000,00,2,3,20,A01
201200038455,0,37,003,00,2,0,21,B01
201200038456,0,07,000,00,2,1,05,A01
201200038456,0,15,000,00,2,1,01,B01
201200038457,0,30,000,00,2,8,02,B01
201200038457,1,07,000,00,2,7,09,A01
201200038458,0,07,000,00,2,1,02,A01
201200038458,0,07,000,00,2,4,02,B01
201200038459,0,07,000,00,2,7,02,B01
201200038459,0,07,000,00,2,1,09,A01
201200038460,0,07,000,03,0,1,21,B01
201200038461,0,07,000,00,2,3,01,B01
201200038461,0,07,000,00,2,3,13,A01
201200038462,0,07,000,00,2,4,02,A01
201200038462,0,07,000,00,2,1,02,C01
201200038462,0,07,000,00,2,1,02,D01
201200038462,0,07,000,00,2,1,02,B01
201200038463,0,07,000,02,0,1,13,A01
201200038464,0,07,000,00,1,2,02,A01
201200038465,0,07,000,14,0,1,21,A01
201200038466,0,07,000,00,1,4,04,A01
201200038467,0,33,000,00,6,1,02,D01
201200038467,0,07,000,00,2,1,02,B01
201200038467,0,07,000,01,0,1,02,A01
201200038467,0,07,000,00,2,4,23,C01
201200038467,0,07,000,00,6,1,02,E01
201200038468,0,07,000,00,2,1,21,A01
201200038468,0,07,000,00,2,8,01,C01
201200038468,0,07,000,00,6,1,21,B01
201200038469,0,01,000,01,0,3,01,B01
201200038469,0,07,000,00,2,8,22,A01
201200038470,0,07,000,13,0,3,14,A01
201200038471,0,10,000,00,2,4,23,B01
201200038471,0,07,000,00,2,4,23,A01
201200038471,0,07,000,00,2,1,02,C01
201200038472,0,07,000,00,2,9,02,B01
201200038472,0,07,000,00,2,1,02,A01
201200038472,0,07,000,00,2,4,01,C01
201200038473,0,02,000,15,0,1,01,A01
201200038474,0,10,000,00,1,1,15,A01
201200038475,0,07,000,00,2,1,01,B01
201200038475,0,07,000,00,2,1,05,A01
201200038476,0,07,000,00,2,3,17,A01
201200038476,0,07,000,00,2,1,01,B01
201200038477,0,31,000,01,0,1,01,A01
201200038478,0,07,000,00,2,1,09,A01
201200038478,0,07,000,00,2,1,01,B01
201200038478,0,30,000,00,2,1,01,C01
201200038479,0,07,000,00,0,4,02,B01
201200038479,0,07,000,00,2,1,02,A01
201200038480,0,07,000,00,2,1,02,A01
201200038480,0,07,000,00,2,3,01,C01
201200038480,0,07,000,00,2,4,15,B01
201200038481,0,07,000,00,2,2,01,B01
201200038481,0,07,000,00,2,3,11,A01
201200038482,0,07,000,00,0,3,15,A01
201200038482,0,02,000,00,2,1,01,B01
201200038483,0,07,000,00,2,1,02,A01
201200038483,0,07,000,00,2,4,01,B01
201200038483,0,07,000,00,2,4,02,C01
201200038483,0,07,000,00,2,4,02,D01
201200038483,0,07,000,00,2,4,02,E01
201200038484,0,07,000,00,1,1,01,A01
201200038485,0,01,000,00,2,8,01,B01
201200038485,0,07,000,00,2,5,17,A01
201200038486,0,02,000,00,2,2,01,A01
201200038486,0,07,000,00,0,3,01,B01
201200038487,0,07,000,00,2,5,13,A01
201200038487,0,07,000,00,2,2,01,B01
201200038488,0,07,000,00,2,4,23,B01
201200038488,0,07,000,00,2,4,23,C01
201200038488,0,07,000,00,2,1,02,A01
201200038489,0,07,000,16,0,9,13,A01
201200038490,0,07,000,00,0,4,01,B01
201200038490,1,07,000,00,2,1,01,A01
201200038491,0,02,000,00,2,1,01,B01
201200038491,0,07,000,00,2,2,01,A01
201200038492,0,07,000,13,2,4,01,B01
201200038492,0,07,000,03,2,1,01,A01
201200038493,0,07,000,00,2,1,13,A01
201200038493,0,07,000,00,2,1,01,B01
201200038494,0,07,000,00,1,2,01,A01
201200038495,0,07,000,06,0,1,01,A01
201200038496,0,07,000,00,1,3,01,A01
201200038497,0,07,000,00,2,3,15,A01
201200038497,0,33,000,00,2,8,01,B01
201200038498,0,07,000,00,2,8,21,B01
201200038498,0,07,000,00,2,7,13,A01
201200038499,0,07,000,00,2,4,17,A01
201200038499,0,03,000,00,2,6,01,B01
201200038500,0,02,000,00,2,1,01,B01
201200038500,0,07,000,00,2,1,20,A01
201200038501,0,07,000,00,2,3,11,A01
201200038501,0,07,000,00,2,2,01,B01
201200038502,0,10,000,00,1,1,01,A01
201200038503,0,07,000,00,2,1,02,A01
201200038503,0,07,000,00,2,4,02,B01
201200038504,0,07,000,15,1,1,00,A01
201200038505,0,33,000,00,2,2,17,B01
201200038505,0,07,000,00,2,8,10,A01
201200038506,0,36,000,08,0,3,01,A01
201200038507,0,01,000,00,2,1,01,A01
201200038507,0,07,000,00,2,2,09,B01
201200038508,0,01,000,01,2,1,01,B01
201200038508,0,01,000,00,2,1,01,C01
201200038509,0,07,000,00,1,2,01,A01
201200038510,0,07,000,00,1,6,04,A01
201200038511,0,07,000,00,2,8,15,B01
201200038511,0,34,000,00,2,2,01,A01
201200038512,0,10,000,00,2,2,01,B01
201200038512,0,07,000,00,2,7,15,A01
201200038513,0,07,000,00,1,2,01,A01
201200038514,0,07,000,00,1,2,01,A01
201200038515,0,07,000,00,1,3,01,A01
201200038516,0,10,000,00,2,5,15,A01
201200038516,0,33,000,00,2,1,01,B01
201200038517,0,31,000,00,2,8,01,B01
201200038517,0,10,000,00,2,3,13,A01
201200038518,0,07,000,00,1,3,01,A01
201200038519,0,07,000,00,2,2,01,B01
201200038519,0,07,000,00,2,6,01,C01
201200038519,0,07,000,00,2,6,09,A01
201200038520,0,10,000,00,1,4,04,A01
201200038521,0,33,000,00,2,1,17,A01
201200038521,0,07,000,00,2,8,15,B01
201200038522,0,07,000,00,2,1,01,B01
201200038522,0,07,000,00,2,2,01,A01
201200038523,0,07,000,00,2,2,09,A01
201200038523,0,37,003,00,2,3,01,B01
201200038524,0,07,000,13,0,2,01,A01
201200038525,0,30,000,00,2,4,01,B01
201200038525,0,30,000,00,2,1,01,A01
201200038526,0,30,000,00,2,2,17,B01
201200038526,0,07,000,00,2,6,15,A01
201200038527,0,07,000,00,2,4,23,B01
201200038527,0,01,000,00,2,1,01,A01
201200038528,0,03,000,00,2,1,09,A01
201200038528,0,31,000,00,2,5,01,B01
201200038529,0,01,000,00,2,1,01,B01
201200038529,0,07,000,00,2,3,09,A01
201200038530,0,31,000,00,2,0,17,A01
201200038530,0,07,000,00,2,0,09,B01
201200038531,0,33,000,00,2,1,01,B01
201200038531,0,07,000,00,2,2,10,A01
201200038532,0,07,000,12,0,3,01,A01
201200038533,0,07,000,00,2,2,13,A01
201200038533,0,33,000,00,2,1,01,B01
201200038534,0,07,000,00,2,1,15,A01
201200038534,0,33,000,00,2,8,01,B01
201200038535,0,33,000,00,1,5,21,A01
201200038536,0,07,000,00,0,5,01,B01
201200038536,0,30,000,00,2,1,01,A01
201200038537,0,07,000,09,1,3,13,A01
201200038538,0,07,000,00,2,3,01,A01
201200038538,0,07,000,00,2,2,01,B01
201200038539,0,07,000,00,2,3,13,A01
201200038539,0,07,000,00,2,3,01,C01
201200038539,0,07,000,00,2,3,01,B01
201200038540,0,10,000,00,2,3,23,C01
201200038540,0,07,000,00,2,2,01,A01
201200038540,0,15,000,00,2,3,23,D01
201200038540,0,07,000,00,2,3,01,B01
201200038541,0,07,000,00,1,1,01,A01
201200038542,0,07,000,00,1,1,01,A01
201200038543,0,07,000,00,2,3,09,A01
201200038543,0,01,000,00,2,2,01,B01
201200038544,0,07,000,00,2,1,01,A01
201200038544,0,07,000,00,2,1,01,B01
201200038545,0,39,001,00,2,8,01,B01
201200038545,0,07,000,00,4,8,01,A01
201200038546,0,33,000,12,2,1,01,B01
201200038546,0,07,000,00,2,3,15,A01
201200038547,1,07,000,00,1,4,04,Z01
201200038548,0,01,000,00,1,1,01,A01
201200038549,0,07,000,00,1,1,15,A01
201200038550,0,07,000,00,2,8,01,A01
201200038550,0,07,000,00,2,1,01,B01
201200038551,0,07,000,00,1,7,01,A01
201200038552,0,07,000,00,2,4,01,B01
201200038552,0,07,000,01,2,1,01,A01
201200038553,0,07,000,01,2,3,21,B01
201200038553,0,07,000,00,2,2,15,A01
201200038553,0,07,000,00,2,1,23,D01
201200038554,0,07,000,00,2,3,09,A01
201200038554,0,01,000,00,2,4,15,B01
201200038555,0,38,020,00,2,1,01,B01
201200038555,0,07,000,00,2,1,01,A01
201200038556,0,07,000,00,2,3,09,B01
201200038556,0,07,000,00,2,2,01,A01
201200038557,0,07,000,00,1,7,01,A01
201200038558,0,07,000,00,1,3,01,A01
201200038559,0,07,000,00,1,3,15,A01
201200038560,0,33,000,00,2,3,01,B01
201200038560,0,07,000,00,2,7,10,A01
201200038561,0,34,000,00,2,1,01,A01
201200038561,0,07,000,00,2,3,15,B01
201200038562,0,07,000,00,1,1,01,A01
201200038563,0,07,000,00,1,1,16,A01
201200038564,0,07,000,00,2,3,01,B01
201200038564,0,30,000,00,2,3,01,A01
201200038565,0,10,000,00,1,1,15,A01
201200038566,0,07,000,00,2,1,02,A01
201200038566,0,01,000,00,2,4,02,B01
201200038567,0,07,000,02,0,1,01,A01
201200038568,1,37,001,00,2,4,01,B01
201200038568,0,01,000,00,2,4,01,A01
201200038569,0,30,000,00,2,1,05,A01
201200038569,0,07,000,00,2,2,01,B01
201200038570,1,30,000,00,1,1,01,Z01
201200038571,0,07,000,00,2,7,01,B01
201200038571,0,02,000,00,2,1,09,A01
201200038572,0,07,000,00,2,8,10,A01
201200038572,0,07,000,00,2,1,01,B01
201200038573,0,10,000,00,2,3,16,A01
201200038573,0,10,000,00,2,1,01,B01
201200038574,0,07,000,00,2,1,01,B01
201200038574,0,01,000,00,2,7,15,A01
201200038575,1,07,000,00,2,4,01,B01
201200038575,0,33,000,00,2,0,21,A01
201200038576,0,07,000,00,1,4,20,A01
201200038577,0,07,000,00,2,1,17,A01
201200038577,0,07,000,00,2,1,01,B01
201200038578,0,33,000,00,2,1,18,A01
201200038578,0,15,000,00,2,6,01,B01
201200038579,0,10,000,00,1,4,04,A01
201200038580,0,07,000,00,1,2,19,A01
201200038581,0,07,000,02,0,0,01,A01
201200038582,0,07,000,00,2,6,23,B01
201200038582,0,07,000,00,2,4,23,D01
201200038582,0,07,000,00,2,4,02,A01
201200038583,0,15,000,00,1,7,22,A01
201200038584,0,07,000,00,1,2,01,A01
201200038585,0,07,000,00,1,3,01,A01
201200038586,0,07,000,00,2,5,10,A01
201200038586,0,33,000,00,2,1,01,B01
201200038587,0,07,000,00,2,4,01,C01
201200038587,0,07,000,00,2,4,01,B01
201200038587,0,07,000,00,2,4,01,D01
201200038587,0,07,000,00,2,4,01,E01
201200038587,0,07,000,07,2,9,21,A01
201200038588,0,07,000,00,2,2,10,A01
201200038588,0,33,000,00,2,1,01,B01
201200038589,0,07,000,00,1,3,01,A01
201200038590,0,07,000,00,1,3,15,A01
201200038591,0,07,000,00,2,1,02,A01
201200038591,0,07,000,00,0,4,02,C01
201200038591,0,07,000,00,2,9,02,B01
201200038592,0,30,000,00,2,7,17,B01
201200038592,0,07,000,00,2,3,11,A01
201200038593,0,33,000,00,2,1,01,B01
201200038593,0,31,000,00,2,1,01,A01
201200038594,0,07,000,00,2,3,01,B01
201200038594,0,07,000,00,2,2,01,A01
201200038595,0,07,000,00,1,2,16,A01
201200038596,0,02,000,09,0,1,00,A01
201200038597,0,07,000,00,1,6,04,A01
201200038598,0,02,000,00,2,2,05,A01
201200038598,0,07,000,00,2,8,01,B01
201200038598,0,07,000,00,2,8,01,C01
201200038599,0,07,000,00,1,3,20,A01
201200038600,0,37,001,00,1,2,09,A01
201200038601,0,33,000,00,2,2,01,B01
201200038601,0,07,000,00,2,2,15,A01
201200038602,0,07,000,00,1,1,01,A01
201200038603,0,07,000,00,2,2,19,B01
201200038603,0,07,000,00,2,3,01,A01
201200038604,0,07,000,00,2,6,01,C01
201200038604,0,33,000,00,2,7,17,A01
201200038604,0,07,000,00,2,6,17,B01
201200038605,0,07,000,00,2,1,17,A01
201200038605,0,01,000,00,2,6,15,B01
201200038606,0,01,000,00,2,7,01,B01
201200038606,0,07,000,00,2,3,09,A01
201200038607,0,10,000,00,2,7,15,B01
201200038607,0,07,000,00,2,1,01,A01
201200038608,0,07,000,00,2,6,10,A01
201200038608,0,32,000,00,2,2,21,B01
201200038609,0,07,000,00,2,8,01,B01
201200038609,0,14,000,00,2,7,14,A01
201200038610,0,07,000,00,1,3,10,A01
201200038611,0,02,000,12,0,1,01,A01
201200038612,0,31,000,00,2,7,17,B01
201200038612,0,07,000,00,2,3,09,A01
201200038613,0,31,000,11,0,1,01,A01
201200038614,0,10,000,00,2,5,16,A01
201200038614,0,07,000,00,2,3,01,B01
201200038615,0,07,000,00,1,8,15,A01
201200038616,0,33,000,00,2,1,13,A01
201200038616,0,31,000,00,2,1,01,B01
201200038617,0,07,000,00,2,1,01,B01
201200038617,0,07,000,00,2,3,01,A01
201200038618,0,07,000,00,1,1,01,A01
201200038619,0,07,000,00,1,2,01,A01
201200038620,0,07,000,00,2,3,16,B01
201200038620,0,07,000,00,2,8,23,A01
201200038621,0,07,000,00,1,1,01,A01
201200038622,0,07,000,00,1,1,16,A01
201200038623,0,07,000,00,1,1,15,A01
201200038624,0,02,000,00,2,1,01,B01
201200038624,0,07,000,00,2,7,15,A01
201200038625,0,33,000,00,1,4,01,A01
201200038626,0,07,000,00,1,2,01,A01
201200038627,0,07,000,00,2,3,01,B01
201200038627,0,30,000,00,2,1,01,A01
201200038628,0,07,000,00,1,1,15,A01
201200038629,0,07,000,00,2,6,23,B01
201200038629,0,30,000,00,2,1,02,A01
201200038630,0,07,000,00,1,1,01,A01
201200038631,0,07,000,00,2,5,15,A01
201200038631,0,07,000,00,2,6,01,C01
201200038631,0,33,000,00,2,1,01,B01
201200038632,0,07,000,00,1,3,15,A01
201200038633,0,33,000,00,2,1,01,B01
201200038633,0,01,000,00,2,0,19,A01
201200038634,0,07,000,00,1,3,01,A01
201200038635,0,10,000,00,2,3,04,A01
201200038635,0,33,000,00,2,1,01,B01
201200038636,0,07,000,00,2,1,01,B01
201200038636,0,02,000,00,2,1,06,A01
201200038637,0,07,000,00,2,1,13,A01
201200038637,0,37,014,00,2,7,01,B01
201200038638,0,07,000,00,2,3,09,A01
201200038638,0,01,000,00,2,1,01,B01
201200038639,0,07,000,00,2,3,15,B01
201200038639,0,02,000,00,2,1,17,A01
201200038640,0,07,000,00,1,2,15,A01
201200038641,0,32,000,00,2,1,02,C01
201200038641,0,07,000,00,2,1,01,B01
201200038641,0,10,000,00,2,1,05,A01
201200038642,0,33,000,00,2,2,17,A01
201200038642,0,07,000,00,2,3,15,B01
201200038643,0,07,000,00,2,5,01,B01
201200038643,0,07,000,00,2,3,01,A01
201200038644,0,07,000,00,2,3,01,B01
201200038644,0,01,000,00,2,7,19,A01
201200038645,1,07,000,00,1,1,00,A01
201200038646,0,07,000,00,2,4,02,B01
201200038646,0,07,000,00,2,2,02,A01
201200038647,0,07,000,00,1,3,01,A01
201200038648,0,32,000,00,1,1,17,A01
201200038649,0,34,000,00,2,0,21,B01
201200038649,0,07,000,00,2,3,01,A01
201200038650,0,07,000,00,1,2,15,A01
201200038651,0,34,000,00,2,1,01,B01
201200038651,0,07,000,00,2,1,15,A01