Num_Acc,senc,catv,occutc,obs,obsm,choc,manv,num_veh
201200040130,0,30,000,00,2,7,01,B01
201200040131,0,07,000,00,1,2,02,A01
201200040132,0,07,000,00,2,3,13,A01
201200040132,0,07,000,00,2,3,01,B01
201200040133,0,07,000,11,0,1,01,A01
201200040134,0,33,000,00,2,1,02,B01
201200040134,0,07,000,00,2,2,10,A01
201200040135,0,30,000,00,2,1,02,A01
201200040135,0,07,000,00,2,1,15,B01
201200040136,0,07,000,00,0,2,15,B01
201200040136,0,07,000,00,2,1,02,A01
201200040137,0,02,000,12,0,1,02,A01
201200040138,0,33,000,09,0,1,02,A01
201200040139,0,02,000,16,0,7,02,A01
201200040140,0,33,000,16,0,8,02,A01
201200040141,0,07,000,00,2,4,02,B01
201200040141,0,30,000,00,2,1,02,A01
201200040142,0,02,000,16,0,2,02,A01
201200040143,0,07,000,00,2,4,02,C01
201200040143,0,07,000,00,2,1,02,A01
201200040143,0,07,000,00,2,4,02,D01
201200040143,0,07,000,00,2,4,02,B01
201200040144,0,02,000,16,0,4,02,A01
201200040145,0,33,000,00,2,5,15,A01
201200040145,0,07,000,00,2,2,02,B01
201200040146,0,07,000,00,2,7,15,A01
201200040146,0,31,000,00,0,1,02,B01
201200040147,0,33,000,00,2,8,02,B01
201200040147,0,07,000,00,2,3,09,A01
201200040148,0,07,000,03,0,1,02,A01
201200040149,0,30,000,16,0,7,02,A01
201200040150,0,30,000,00,2,2,02,B01
201200040150,0,07,000,00,2,3,09,A01
201200040151,0,07,000,03,0,2,02,A01
201200040152,0,33,000,00,2,1,17,A01
201200040152,0,07,000,00,2,4,02,B01
201200040153,0,07,000,00,2,1,01,B01
201200040153,0,07,000,00,2,8,10,A01
201200040154,0,33,000,11,0,1,17,A01
201200040155,0,07,000,13,0,1,02,A01
201200040156,0,07,000,00,2,3,15,A01
201200040156,0,01,000,00,2,1,01,B01
201200040157,0,30,000,00,2,5,02,B01
201200040157,0,30,000,00,2,1,02,A01
201200040158,0,07,000,00,2,1,16,A01
201200040158,0,01,000,00,2,0,19,B01
201200040159,0,02,000,00,0,8,01,A01
201200040160,0,07,000,00,2,4,01,B01
201200040160,0,10,000,00,2,1,02,A01
201200040161,0,33,000,00,0,7,01,A01
201200040162,0,07,000,00,2,3,23,C01
201200040162,0,07,000,03,2,1,01,A01
201200040162,0,10,000,00,2,2,21,B01
201200040163,0,07,000,00,2,4,23,B01
201200040163,0,30,000,00,2,1,02,A01
201200040164,0,07,000,00,2,1,02,A01
201200040164,0,10,000,00,0,4,02,B01
201200040165,0,30,000,00,0,4,01,A01
201200040166,0,02,000,01,0,8,01,A01
201200040167,0,07,000,00,2,8,01,C01
201200040167,0,10,000,00,2,3,09,A01
201200040167,0,33,000,00,2,1,01,B01
201200040168,0,07,000,00,2,3,01,B01
201200040168,0,10,000,00,2,1,15,A01
201200040169,0,07,000,13,2,2,12,A01
201200040169,0,07,000,00,2,6,01,B01
201200040170,0,33,000,06,0,1,01,A01
201200040171,0,07,000,01,0,1,01,A01
201200040172,0,31,000,00,2,1,02,A01
201200040172,0,07,000,00,0,6,02,B01
201200040173,0,07,000,00,2,5,09,A01
201200040173,0,07,000,00,2,1,01,B01
201200040174,0,07,000,00,1,7,01,A01
201200040175,0,10,000,00,9,1,15,A01
201200040175,0,01,000,00,2,0,01,B01
201200040176,0,31,000,00,2,1,17,A01
201200040176,0,07,000,00,2,8,15,B01
201200040177,0,07,000,00,1,2,01,A01
201200040178,0,07,000,00,1,1,20,A01
201200040179,0,02,000,00,2,1,17,A01
201200040179,0,07,000,00,2,2,15,B01
201200040180,0,07,000,06,0,1,01,A01
201200040181,0,07,000,00,2,4,01,B01
201200040181,0,07,000,00,2,1,02,A01
201200040182,0,30,000,00,2,8,02,A01
201200040183,0,10,000,00,0,8,01,A01
201200040184,0,07,000,00,1,1,01,A01
201200040185,0,07,000,13,0,1,01,A01
201200040186,0,07,000,00,2,5,01,B01
201200040186,0,07,000,00,2,2,01,C01
201200040186,0,07,000,03,2,3,13,A01
201200040187,0,07,000,00,2,3,09,A01
201200040187,0,07,000,00,2,3,01,B01
201200040188,0,07,000,00,2,1,23,B01
201200040188,0,07,000,00,0,4,23,C01
201200040188,0,07,000,00,2,1,01,A01
201200040189,0,02,000,00,2,2,17,A01
201200040189,0,07,000,00,2,6,15,B01
201200040190,0,02,000,00,2,1,01,B01
201200040190,0,07,000,00,2,6,10,A01
201200040191,0,07,000,12,0,3,01,A01
201200040192,0,32,000,00,0,2,00,A01
201200040193,0,10,000,00,2,5,02,A01
201200040193,0,07,000,00,0,8,02,B01
201200040194,0,07,000,00,2,4,02,B01
201200040194,0,07,000,00,2,2,02,A01
201200040194,0,07,000,00,0,4,02,C01
201200040195,0,07,000,00,2,1,01,A01
201200040195,0,07,000,00,2,6,10,B01
201200040196,0,07,000,03,0,2,01,A01
201200040197,0,07,000,13,0,1,01,A01
201200040198,0,07,000,00,2,3,01,B01
201200040198,0,07,000,00,2,2,15,A01
201200040199,0,07,000,00,0,4,02,B01
201200040199,0,10,000,00,2,1,02,A01
201200040200,0,30,000,00,2,8,01,B01
201200040200,0,07,000,00,2,2,01,A01
201200040201,0,07,000,15,0,3,01,A01
201200040202,0,07,000,00,1,4,04,A01
201200040203,0,07,000,00,1,3,01,A01
201200040204,0,30,000,00,0,8,01,A01
201200040205,0,07,000,00,0,5,02,B01
201200040205,0,07,000,03,2,3,02,A01
201200040206,0,15,000,00,2,2,12,A01
201200040206,0,07,000,00,2,3,01,B01
201200040207,0,02,000,11,0,1,00,A01
201200040208,0,07,000,13,0,3,01,A01
201200040209,0,07,000,02,0,1,01,A01
201200040210,0,30,000,00,2,1,18,A01
201200040210,0,07,000,00,2,2,20,B01
201200040211,0,07,000,00,2,8,15,A01
201200040211,0,33,000,00,2,1,01,B01
201200040212,0,07,000,00,1,1,01,A01
201200040213,0,15,000,00,2,3,05,B01
201200040213,0,07,000,00,2,3,13,A01
201200040214,0,07,000,00,2,3,15,A01
201200040214,0,07,000,00,2,3,01,B01
201200040215,0,07,000,00,2,6,09,A01
201200040215,0,02,000,00,2,1,01,B01
201200040216,0,07,000,00,1,3,01,A01
201200040217,0,10,000,00,0,4,02,B01
201200040217,0,30,000,00,2,1,02,A01
201200040218,0,07,000,00,2,4,23,B01
201200040218,0,07,000,00,2,1,02,A01
201200040218,0,01,000,00,2,6,15,C01
201200040219,0,33,000,00,2,1,02,A01
201200040219,0,10,000,00,0,4,02,B01
201200040219,0,07,000,00,0,0,09,C01
201200040220,0,07,000,06,0,1,00,A01
201200040221,0,01,000,00,2,1,01,B01
201200040221,0,07,000,00,2,8,09,A01
201200040222,0,07,000,00,2,3,15,A01
201200040222,0,02,000,00,2,1,17,B01
201200040223,0,07,000,00,2,3,13,A01
201200040223,0,07,000,00,2,3,00,B01
201200040224,0,07,000,00,2,1,09,A01
201200040224,0,07,000,00,2,2,01,B01
201200040225,0,07,000,00,2,1,02,A01
201200040225,0,10,000,00,0,4,02,D01
201200040225,0,07,000,00,2,4,02,B01
201200040225,0,07,000,00,2,4,02,C01
201200040226,0,02,000,00,0,7,01,A01
201200040227,0,07,000,00,2,2,01,B01
201200040227,0,07,000,00,2,3,09,A01
201200040228,0,07,000,00,2,4,23,B01
201200040228,0,07,000,00,2,1,02,A01
201200040229,0,07,000,01,0,2,01,A01
201200040230,0,07,000,00,0,1,01,A01
201200040231,0,07,000,00,1,3,01,A01
201200040232,0,07,000,00,1,2,00,A01
201200040233,0,07,000,00,2,4,01,B01
201200040233,0,07,000,04,0,3,01,A01
201200040234,0,10,000,00,2,1,01,A01
201200040234,0,07,000,00,2,8,09,B01
201200040235,0,07,000,00,2,2,01,B01
201200040235,0,31,000,00,2,1,09,A01
201200040236,0,33,000,00,1,1,01,A01
201200040237,0,07,000,00,1,4,04,A01
201200040238,0,07,000,01,0,1,01,A01
201200040239,0,07,000,00,1,3,01,A01
201200040240,0,33,000,00,0,8,21,A01
201200040241,0,07,000,15,0,1,01,A01
201200040242,0,07,000,00,2,4,23,B01
201200040242,0,07,000,00,2,1,02,A01
201200040243,0,10,000,00,2,2,15,A01
201200040243,0,02,000,00,2,1,01,B01
201200040244,0,32,000,00,2,2,01,B01
201200040244,0,07,000,00,2,1,15,A01
201200040245,0,37,002,00,1,2,01,A01
201200040246,0,33,000,00,0,4,01,A01
201200040247,0,33,000,12,0,1,01,A01
201200040248,0,31,000,00,2,8,01,B01
201200040248,0,07,000,00,2,1,15,A01
201200040249,0,37,060,00,1,2,01,A01
201200040250,0,07,000,00,2,2,09,A01
201200040250,0,30,000,00,2,8,01,B01
201200040251,0,07,000,00,0,4,01,B01
201200040251,0,07,000,00,2,1,09,A01
201200040252,0,07,000,00,0,0,09,A01
201200040252,0,07,000,00,2,2,01,C01
201200040252,0,07,000,00,0,6,11,B01
201200040253,0,07,000,00,1,2,01,A01
201200040254,0,07,000,00,0,5,09,A01
201200040254,0,33,000,00,2,1,01,B01
201200040255,0,07,000,00,1,1,01,A01
201200040256,0,07,000,00,0,4,02,C01
201200040256,0,07,000,00,2,4,02,B01
201200040256,0,07,000,00,2,1,02,A01
201200040257,0,33,000,00,0,8,15,A01
201200040258,0,07,000,00,2,6,09,A01
201200040258,0,33,000,00,2,2,01,B01
201200040259,0,07,000,00,2,8,09,A01
201200040259,0,07,000,00,2,1,01,B01
201200040260,0,33,000,00,0,7,01,A01
201200040261,0,02,000,00,0,8,01,A01
201200040262,0,07,000,00,2,1,01,B01
201200040262,0,33,000,00,2,7,00,A01
201200040263,0,07,000,00,1,1,01,A01
201200040264,0,02,000,00,2,1,01,B01
201200040264,0,07,000,00,2,6,15,A01
201200040265,0,07,000,00,2,1,02,A01
201200040265,0,07,000,00,2,1,02,B01
201200040265,0,07,000,00,0,4,02,C01
201200040266,0,10,000,00,2,8,01,A01
201200040266,0,07,000,00,2,1,01,B01
201200040267,0,01,000,00,0,0,21,A01
201200040268,0,07,000,00,2,1,01,B01
201200040268,0,07,000,00,2,6,19,A01
201200040269,0,02,000,14,0,8,09,A01
201200040270,0,07,000,00,2,7,01,A01
201200040270,0,07,000,00,2,1,01,B01
201200040271,0,10,000,00,2,1,02,A01
201200040271,0,07,000,00,2,4,02,B01
201200040271,0,07,000,00,2,1,01,C01
201200040272,0,07,000,02,0,7,01,A01
201200040273,0,07,000,00,1,1,01,A01
201200040274,0,07,000,00,2,3,15,A01
201200040274,0,07,000,00,2,2,01,B01
201200040275,0,07,000,00,2,3,09,A01
201200040275,0,31,000,00,2,4,01,B01
201200040276,0,07,000,00,2,3,15,B01
201200040276,0,07,000,02,2,1,07,A01
201200040277,0,30,000,00,2,1,01,B01
201200040277,0,07,000,00,2,3,09,A01
201200040278,0,10,000,00,2,3,01,B01
201200040278,0,07,000,00,2,3,15,A01
201200040279,0,07,000,00,1,0,01,A01
201200040280,0,10,000,00,1,1,09,A01
201200040281,0,07,000,00,1,1,01,A01
201200040282,0,10,000,00,2,3,09,A01
201200040282,0,07,000,09,2,1,09,B01
201200040283,0,07,000,00,1,2,01,A01
201200040284,0,07,000,00,2,1,02,A01
201200040284,0,07,000,09,2,4,23,B01
201200040285,0,07,000,00,2,1,02,A01
201200040285,0,10,000,00,2,4,02,B01
201200040285,0,07,000,00,2,4,23,C01
201200040286,0,07,000,00,1,1,01,A01
201200040287,0,07,000,00,2,2,01,B01
201200040287,0,07,000,00,2,1,13,A01
201200040288,0,07,000,00,2,3,15,A01
201200040288,0,07,000,00,2,6,01,B01
201200040289,0,07,000,00,1,8,01,A01
201200040290,0,30,000,12,0,1,14,A01
201200040291,0,07,000,00,2,1,01,B01
201200040291,0,07,000,00,2,3,15,A01
201200040292,0,07,000,00,1,3,01,A01
201200040293,0,07,000,00,2,1,01,B01
201200040293,0,07,000,00,2,1,05,A01
201200040294,0,07,000,00,1,2,01,A01
201200040295,0,33,000,00,2,3,01,B02
201200040295,0,07,000,00,2,8,09,A01
201200040296,0,07,000,08,0,7,01,A01
201200040297,0,07,000,00,1,2,01,A01
201200040298,0,07,000,00,0,0,04,A01
201200040298,0,07,000,00,2,4,02,B01
201200040298,0,02,000,00,2,1,02,C01
201200040299,0,07,000,00,2,7,15,A01
201200040299,0,01,000,00,2,1,01,B01
201200040300,0,07,000,00,2,1,01,B01
201200040300,0,07,000,00,2,7,19,A01
201200040300,0,07,000,00,2,3,23,C01
201200040301,0,07,000,00,2,1,13,A01
201200040301,0,07,000,00,2,8,01,B01
201200040301,0,07,000,00,2,1,01,C01
201200040302,0,01,000,00,2,1,02,A01
201200040302,0,07,000,00,0,4,01,B01
201200040303,0,07,000,06,0,9,01,A01
201200040304,0,07,000,00,1,7,01,A01
201200040305,0,07,000,00,1,1,01,A01
201200040306,0,07,000,00,2,1,13,A01
201200040306,0,07,000,00,2,1,01,B01
201200040307,0,31,000,00,2,1,09,A01
201200040307,0,07,000,00,2,2,01,B01
201200040308,0,30,000,00,2,1,01,A01
201200040308,0,07,000,00,2,3,01,B01
201200040309,0,07,000,00,1,1,01,A01
201200040310,0,07,000,00,1,2,01,A01
201200040311,0,07,000,00,2,6,13,A01
201200040311,0,17,000,00,2,1,01,B01
201200040311,0,10,000,00,2,3,01,C01
201200040312,0,07,000,11,0,1,01,A01
201200040313,0,02,000,00,1,1,01,A01
201200040314,0,07,000,00,2,1,17,A01
201200040314,0,07,000,00,2,1,01,B01
201200040315,0,07,000,00,2,1,01,C02
201200040315,0,36,000,00,2,7,05,A01
201200040315,0,07,000,14,0,3,01,D02
201200040315,0,07,000,00,2,2,01,B02
201200040316,0,07,000,00,2,3,19,A01
201200040316,0,30,000,00,2,1,01,B01
201200040317,0,07,000,00,2,3,13,A01
201200040317,0,07,000,00,2,3,01,B02
201200040318,0,07,000,00,2,3,09,A01
201200040318,0,30,000,00,2,1,01,B02
201200040319,0,07,000,00,1,1,15,A01
201200040320,0,07,000,00,1,3,00,A01
201200040321,0,07,000,01,0,1,01,A01
201200040321,0,07,000,00,2,0,01,B01
201200040322,0,07,000,00,2,1,17,B01
201200040322,0,07,000,00,2,1,05,A01
201200040323,0,07,000,00,1,3,01,A01
201200040324,0,07,000,00,2,3,01,B01
201200040324,1,33,000,00,2,1,05,A01
201200040325,0,02,000,00,1,1,01,A01
201200040326,0,07,000,00,1,0,01,A01
201200040327,0,07,000,09,0,2,01,A01
201200040328,0,01,000,00,2,2,01,B01
201200040328,0,07,000,00,2,3,15,A01
201200040329,0,07,000,00,2,2,09,A01
201200040329,0,33,000,00,2,8,01,B01
201200040330,0,01,000,00,2,8,01,A01
201200040330,0,07,000,00,2,1,16,B01
201200040331,0,07,000,02,0,1,14,A01
201200040332,0,07,000,00,1,2,01,A01
201200040333,0,02,000,00,2,7,01,B01
201200040333,0,02,000,00,2,0,01,A01
201200040334,0,01,000,00,2,1,17,A01
201200040334,0,07,000,00,2,3,17,B01
201200040335,0,07,000,00,2,3,01,A01
201200040335,0,07,000,00,2,3,13,B01
201200040336,0,07,000,06,0,9,01,A01
201200040337,0,07,000,00,2,2,02,B01
201200040337,0,07,000,00,2,4,02,A01
201200040338,0,33,000,00,2,1,01,B01
201200040338,0,07,000,00,0,8,09,A01
201200040339,0,07,000,02,0,1,01,A01
201200040340,0,10,000,06,0,1,01,A01
201200040341,0,07,000,00,2,3,23,A01
201200040341,1,10,000,14,0,3,15,Z01
201200040342,0,33,000,00,2,6,02,B01
201200040342,1,07,000,00,2,2,15,A01
201200040343,0,07,000,02,0,1,01,A01
201200040343,1,99,000,00,0,0,15,Z01
201200040344,0,07,000,00,2,1,15,A01
201200040344,0,07,000,00,2,1,01,B01
201200040345,1,07,000,00,0,0,17,A01
201200040345,0,33,000,00,0,0,01,B01
201200040346,0,07,000,00,1,1,15,A01
201200040347,0,01,000,01,0,1,02,A01
201200040347,0,07,000,00,2,4,23,B01
201200040348,0,07,000,00,1,6,04,A01
201200040349,0,07,000,00,2,1,15,A01
201200040349,0,07,000,00,2,1,01,B01
201200040350,0,15,000,00,1,1,15,A01
201200040351,0,02,000,00,2,8,15,A01
201200040351,0,07,000,00,2,7,17,B01
201200040352,0,07,000,00,1,3,15,A01
201200040353,0,10,000,00,1,2,09,A01
201200040354,0,07,000,00,2,3,13,A01
201200040354,0,07,000,00,2,3,01,B01
201200040355,0,07,000,03,2,1,01,A01
201200040355,0,07,000,00,2,1,01,B01
201200040356,0,07,000,00,1,3,01,A01
201200040357,0,01,000,00,2,1,01,A01
201200040357,0,07,000,00,9,3,01,B01
201200040358,0,07,000,00,1,2,01,A01
201200040359,0,02,000,15,2,1,01,A01
201200040359,0,07,000,00,1,2,01,B01
201200040360,0,33,000,00,2,1,01,A01
201200040360,0,07,000,00,4,3,01,B01
201200040361,0,07,000,00,1,1,01,A01
201200040362,0,02,000,00,2,1,01,B01
201200040362,0,07,000,00,2,3,09,A01
201200040363,0,07,000,00,2,2,05,A01
201200040363,0,07,000,00,2,1,01,B01
201200040364,0,01,000,00,2,1,01,A01
201200040364,0,07,000,00,2,8,01,B01
201200040365,0,07,000,00,1,1,15,A01
201200040366,0,07,000,00,2,2,10,A01
201200040366,0,34,000,00,2,1,01,B01
201200040367,0,07,000,00,2,1,01,A01
201200040367,0,07,000,00,2,1,01,B01
201200040368,0,07,000,00,1,6,04,A01
201200040369,0,07,000,00,2,8,19,A01
201200040369,0,07,000,00,2,1,19,B01
201200040370,0,07,000,00,2,8,01,B01
201200040370,0,07,000,00,2,2,01,A01
201200040371,0,01,000,00,2,1,01,A01
201200040371,0,07,000,00,2,8,01,B01
201200040372,0,07,000,00,1,1,15,A01
201200040373,0,07,000,00,2,7,01,A01
201200040373,0,30,000,00,2,1,01,B01
201200040374,0,10,000,00,2,2,17,A01
201200040374,0,07,000,00,2,6,15,B01
201200040375,0,07,000,00,1,7,01,A01
201200040376,0,07,000,00,1,3,15,A01
201200040377,0,07,000,00,2,5,01,B01
201200040377,0,07,000,00,2,1,15,A01
201200040378,0,07,000,00,2,1,15,A01
201200040378,0,02,000,00,2,6,00,B01
201200040379,0,07,000,00,1,3,15,A01
201200040379,0,01,000,00,2,7,01,B01
201200040380,0,07,000,00,1,2,01,A01
201200040381,0,02,000,06,0,1,01,A01
201200040382,0,07,000,00,1,1,00,A01
201200040383,0,07,000,00,1,1,01,A01
201200040384,0,30,000,00,2,8,19,A01
201200040384,0,33,000,00,2,7,01,B01
201200040385,0,07,000,00,2,2,01,B01
201200040385,0,32,000,00,2,1,19,A01
201200040386,0,37,011,00,1,7,07,A01
201200040387,0,07,000,00,2,5,15,A01
201200040387,0,30,000,00,2,1,01,B01
201200040388,0,07,000,00,1,1,01,A01
201200040389,0,33,000,00,2,1,00,A01
201200040389,0,07,000,00,2,5,01,B01
201200040390,0,07,000,00,2,7,01,B01
201200040390,0,30,000,00,2,1,01,A01
201200040391,0,07,000,00,2,3,13,A01
201200040391,0,10,000,00,2,6,02,B01
201200040392,0,14,000,00,1,2,16,A01
201200040393,0,33,000,00,2,0,11,A01
201200040393,0,07,000,00,2,8,11,B01
201200040394,0,07,000,00,0,1,01,A01
201200040394,0,10,000,00,0,1,01,A02
201200040395,0,07,000,00,2,0,13,A01
201200040395,0,07,000,00,2,1,14,B01
201200040396,0,07,000,00,2,3,15,A01
201200040396,0,07,000,00,2,8,01,B01
201200040397,0,30,000,00,1,1,01,A01
201200040398,0,07,000,00,2,2,15,A01
201200040398,0,02,000,00,2,1,01,B01
201200040399,0,07,000,08,0,0,01,A01
201200040400,0,07,000,09,0,1,01,A01
201200040401,0,07,000,00,1,2,00,A01
201200040402,0,07,000,00,2,1,01,B01
201200040402,0,30,000,00,2,1,01,A01
201200040403,0,30,000,00,2,1,01,A01
201200040403,0,07,000,00,0,6,15,B01
201200040404,0,07,000,00,1,2,01,A01
201200040405,0,07,000,00,2,3,15,A01
201200040405,0,30,000,00,2,1,00,B01
201200040406,0,07,000,01,2,1,00,A01
201200040407,0,30,000,00,2,1,17,A01
201200040407,0,07,000,00,2,3,09,B01
201200040408,0,07,000,00,1,8,15,A01
201200040409,0,07,000,00,1,2,01,A01
201200040410,0,07,000,00,2,2,01,A01
201200040410,0,07,000,09,2,3,01,B01
201200040411,0,02,000,00,2,7,00,B01
201200040411,0,07,000,00,2,1,15,A01
201200040412,0,07,000,00,1,1,15,A01
201200040413,0,07,000,00,2,6,02,A01
201200040413,0,07,000,00,2,2,02,B01
201200040414,0,07,000,00,2,0,02,A01
201200040414,0,01,000,01,0,1,02,B01
201200040415,0,07,000,00,2,1,02,A01
201200040415,0,07,000,00,0,4,02,B01
201200040416,0,07,000,00,1,2,19,A01
201200040417,0,07,000,00,1,3,01,A01
201200040418,0,07,000,06,0,3,16,A01
201200040419,0,07,000,00,2,1,00,A01
201200040419,0,07,000,00,2,8,00,B01
201200040420,0,31,000,09,0,1,00,A01
201200040421,0,07,000,00,1,2,01,A01
201200040422,0,07,000,00,1,4,20,A01
201200040423,0,07,000,13,0,8,13,A01
201200040424,0,02,000,00,2,1,00,A01
201200040425,0,07,000,00,1,1,01,A01
201200040426,0,07,000,00,2,2,01,A01
201200040426,0,01,000,00,2,1,01,B01
201200040427,0,37,000,00,1,2,01,A01
201200040428,0,07,000,00,1,1,00,A01
201200040429,0,07,000,00,2,4,02,C01
201200040429,0,07,000,00,2,1,02,A01
201200040429,0,07,000,00,2,0,02,B01
201200040430,0,07,000,00,2,1,15,A01
201200040430,0,10,000,06,2,1,01,B01
201200040431,0,07,000,00,1,1,00,A01
201200040432,0,07,000,06,0,1,05,A01
201200040433,0,07,000,00,1,1,01,A01
201200040434,0,01,000,00,2,1,17,A01
201200040434,0,07,000,00,2,3,11,B01
201200040435,0,33,000,00,2,0,16,B01
201200040435,1,07,000,00,0,0,15,A01
201200040436,1,99,000,00,1,0,00,Z01
201200040437,0,07,000,00,2,1,00,B01
201200040437,0,07,000,00,2,3,00,A01
201200040438,0,07,000,00,2,0,09,A01
201200040438,0,34,000,00,2,3,00,B01
201200040439,1,07,000,00,1,0,00,Z01
201200040440,0,07,000,00,0,5,02,A01
201200040440,0,07,000,00,2,1,02,B01
201200040441,0,37,001,00,0,5,00,A01
201200040441,0,01,000,00,2,5,00,B01
201200040442,0,07,000,00,2,4,00,B01
201200040442,0,07,000,00,2,1,00,A01
201200040443,1,07,000,00,1,1,00,Z01
201200040444,0,33,000,06,0,1,01,A01
201200040445,0,07,000,00,1,3,00,A01
201200040446,0,07,000,00,1,1,00,A01
201200040447,0,07,000,00,2,7,15,A01
201200040447,0,13,000,00,2,3,01,B01
201200040448,0,07,000,00,2,2,01,A01
201200040448,0,10,000,00,2,6,02,B01
201200040449,0,07,000,00,2,3,02,B01
201200040449,0,07,000,00,2,1,15,A01
201200040450,0,07,000,00,2,5,00,A01
201200040450,0,07,000,00,2,1,01,B01
201200040451,0,07,000,00,1,1,00,A01
201200040452,0,07,000,00,2,2,15,A01
201200040452,0,07,000,00,2,3,01,B01
201200040453,0,30,000,00,0,8,01,A01
201200040454,0,07,000,00,1,3,00,A01
201200040455,0,07,000,00,2,2,00,B01
201200040455,0,07,000,00,2,3,00,A01
201200040456,0,07,000,15,0,1,01,A01
201200040457,0,07,000,00,2,1,02,A01
201200040457,0,07,000,00,2,1,02,C01
201200040457,0,07,000,00,2,4,02,B01
201200040458,0,07,000,00,2,8,00,A01
201200040458,0,32,000,00,2,1,00,B01
201200040459,0,07,000,13,0,9,14,A01
201200040459,0,07,000,13,0,9,14,B01
201200040460,0,07,000,00,1,1,00,A01
201200040461,0,07,000,08,0,2,00,A01
201200040462,0,07,000,08,0,1,01,A01
201200040463,0,07,000,08,0,1,00,A01
201200040464,0,01,000,00,0,0,01,A01
201200040465,0,07,000,00,9,1,16,A01
201200040465,0,01,000,00,2,7,01,B01
201200040466,0,07,000,00,2,3,01,B01
201200040466,0,07,000,00,2,1,00,A01
201200040467,0,03,000,08,0,1,00,A01
201200040468,0,07,000,00,2,3,15,A01
201200040468,0,01,000,00,2,0,00,B01
201200040469,0,07,000,00,1,6,20,A01
201200040470,0,07,000,00,2,1,01,A01
201200040470,0,07,000,00,2,4,01,C01
201200040470,0,07,000,00,2,4,01,B01
201200040471,0,07,000,00,1,1,00,A01
201200040472,0,07,000,00,2,1,15,B01
201200040472,0,07,000,00,2,1,01,A01
201200040473,0,01,000,00,2,8,00,C01
201200040473,0,07,000,00,2,0,00,A01
201200040474,0,07,000,00,2,2,02,A01
201200040474,0,01,000,00,2,8,02,B01
201200040475,0,07,000,00,2,2,01,A01
201200040475,0,07,000,00,2,3,15,B01
201200040476,0,07,000,00,2,1,02,A01
201200040476,0,07,000,00,2,4,02,B01
201200040477,0,07,000,00,2,2,01,B01
201200040477,0,07,000,00,2,3,09,A01
201200040478,0,07,000,14,0,1,00,A01
201200040479,0,30,000,00,0,0,00,A01
201200040480,0,01,000,00,1,1,01,A01
201200040481,0,07,000,00,2,7,00,B01
201200040481,0,07,000,00,2,2,00,A01
201200040482,0,07,000,00,2,1,01,B01
201200040482,0,07,000,00,2,7,15,A01
201200040483,0,33,000,00,0,0,01,A01
201200040484,0,07,000,00,2,2,01,B01
201200040484,0,33,000,00,2,4,00,A01
201200040485,0,07,000,00,2,1,05,A01
201200040485,0,07,000,00,2,6,02,B01
201200040485,0,07,000,00,0,3,00,C01
201200040486,0,31,000,00,0,0,01,A01
201200040487,0,07,000,00,2,1,01,B01
201200040487,0,07,000,00,2,1,01,A01
201200040488,0,07,000,00,2,2,01,A01
201200040488,0,07,000,00,2,3,15,B01
201200040489,0,07,000,00,2,4,01,B01
201200040489,0,07,000,00,2,1,01,A01
201200040489,0,07,000,00,2,1,01,C01
201200040490,0,33,000,16,0,3,01,A01
201200040491,0,07,000,00,9,3,22,A01
201200040491,0,01,000,01,0,1,17,B01
201200040492,0,07,000,00,2,8,13,A01
201200040492,0,07,000,15,2,8,21,B01
201200040493,0,07,000,13,0,9,13,A01
201200040494,0,07,000,00,2,3,09,A01
201200040494,0,07,000,00,2,2,01,B01
201200040495,0,07,000,00,2,4,01,B01
201200040495,0,07,000,00,2,1,02,A01
201200040496,0,01,000,00,2,2,02,A01
201200040496,0,01,000,00,2,5,02,B01
201200040497,0,07,000,00,2,1,15,A01
201200040497,0,07,000,00,2,1,01,B01
201200040498,0,01,000,00,2,8,00,B01
201200040498,1,07,000,00,9,8,00,A01
201200040499,0,07,000,01,0,1,15,A01
201200040500,0,02,000,12,0,1,00,A01
201200040501,0,07,000,00,2,4,02,B01
201200040501,0,07,000,00,2,1,02,A01
201200040502,0,14,000,00,2,1,00,A01
201200040502,0,07,000,00,2,4,02,B01
201200040503,0,01,000,00,2,1,02,A01
201200040503,0,07,000,00,0,4,02,B01
201200040504,0,07,000,00,2,2,16,A01
201200040504,0,01,000,00,2,1,00,B01
201200040505,0,32,000,00,2,1,17,A01
201200040505,0,07,000,00,9,3,15,B01
201200040506,0,07,000,00,2,1,00,A01
201200040506,0,07,000,03,2,1,00,B01
201200040507,0,30,000,00,2,1,02,A01
201200040507,0,07,000,00,0,5,02,B01
201200040508,0,07,000,00,9,2,11,A01
201200040508,0,33,000,00,0,1,00,B01
201200040509,0,01,000,00,0,1,16,B01
201200040509,0,07,000,00,0,1,09,A01
201200040510,0,10,000,00,2,1,01,A01
201200040510,0,07,000,00,2,4,02,B01
201200040510,0,07,000,00,2,4,02,C01
201200040511,0,07,000,00,2,1,11,B01
201200040511,0,07,000,00,2,1,01,A01
201200040512,0,07,000,00,0,1,02,A01
201200040512,0,07,000,00,0,4,02,B01
201200040513,0,07,000,00,2,1,02,A01
201200040513,0,07,000,00,2,4,23,B01
201200040514,0,07,000,08,0,2,01,A01
201200040515,0,07,000,00,1,7,00,A01
201200040516,0,07,000,00,2,3,22,A01
201200040516,0,01,000,01,0,1,00,B01