Num_Acc,senc,catv,occutc,obs,obsm,choc,manv,num_veh
201200040517,0,07,000,00,2,3,01,A01
201200040517,0,07,000,00,2,2,09,B01
201200040518,0,30,000,00,5,1,00,A01
201200040519,0,02,000,09,0,1,02,A01
201200040520,0,33,000,12,0,1,01,A01
201200040521,0,07,000,00,2,5,20,A01
201200040521,0,30,000,00,2,1,01,B01
201200040522,0,07,000,00,2,2,00,A01
201200040522,0,36,000,00,2,1,01,B01
201200040523,0,07,000,12,0,7,00,A01
201200040524,0,07,000,00,2,4,02,A01
201200040524,0,07,000,00,2,1,02,B01
201200040525,0,07,000,00,2,7,00,A01
201200040525,0,10,000,00,2,1,00,B01
201200040526,0,03,000,00,1,9,01,A01
201200040527,0,07,000,00,0,3,00,B01
201200040527,0,37,010,00,2,1,14,A01
201200040528,0,37,001,00,9,0,01,B01
201200040528,0,01,000,00,2,0,01,A01
201200040529,0,07,000,00,1,2,01,A01
201200040530,0,01,000,00,1,1,02,A01
201200040531,0,07,000,00,1,1,01,A01
201200040532,0,07,000,00,1,1,01,A01
201200040533,0,07,000,00,2,4,02,B01
201200040533,1,07,000,00,2,1,02,Z01
201200040534,0,07,000,02,0,1,00,A01
201200040535,0,07,000,00,2,1,01,A01
201200040535,0,07,000,00,2,4,01,B01
201200040536,1,33,000,00,0,0,00,Z01
201200040537,0,01,000,00,1,0,00,A01
201200040538,0,07,000,00,0,4,02,B01
201200040538,0,15,000,00,2,1,02,A01
201200040539,0,07,000,00,1,8,00,A01
201200040540,0,10,000,00,0,0,00,A01
201200040541,0,07,000,00,2,4,01,B01
201200040541,0,07,000,00,2,1,01,C01
201200040541,0,07,000,00,2,1,02,E01
201200040542,0,07,000,00,1,2,01,A01
201200040543,0,31,000,00,1,3,15,A01
201200040544,0,07,000,00,2,2,00,B01
201200040544,0,07,000,01,0,2,00,A01
201200040545,0,37,001,00,1,0,00,A01
201200040546,0,33,000,00,0,8,00,A01
201200040547,0,07,000,00,2,4,04,A01
201200040547,0,30,000,00,2,1,01,B01
201200040548,0,07,000,13,0,1,01,A01
201200040549,0,01,000,00,0,8,19,A01
201200040550,0,01,000,00,1,1,05,A01
201200040551,0,07,000,00,2,1,09,A01
201200040551,0,01,000,00,2,1,00,B01
201200040552,0,07,000,00,2,4,00,B01
201200040552,0,07,000,00,2,1,02,A01
201200040553,0,01,000,00,0,0,00,A01
201200040554,0,07,000,00,1,3,01,A01
201200040555,0,07,000,00,1,1,01,A01
201200040556,0,32,000,00,0,0,01,A01
201200040557,0,37,001,00,2,1,02,A01
201200040557,0,37,020,00,2,4,02,B01
201200040558,0,07,000,00,2,1,01,B01
201200040558,0,10,000,00,2,1,15,A01
201200040559,0,07,000,00,1,2,04,A01
201200040560,0,37,001,06,0,1,00,A01
201200040561,0,07,000,00,1,3,15,A01
201200040562,0,07,000,00,1,4,01,A01
201200040563,0,07,000,14,0,1,00,A01
201200040564,0,13,000,00,1,2,00,A01
201200040565,0,07,000,00,2,1,02,A01
201200040565,0,07,000,00,0,4,01,B01
201200040566,0,07,000,00,9,0,00,A01
201200040566,0,01,000,00,0,0,00,Y01
201200040567,0,33,000,00,0,8,01,A01
201200040568,0,33,000,00,2,9,01,B01
201200040568,0,07,000,00,2,8,11,A01
201200040569,0,07,000,00,2,3,01,B01
201200040569,0,07,000,00,2,1,13,A01
201200040570,0,07,000,00,1,1,14,A01
201200040571,0,02,000,00,2,1,02,B01
201200040571,1,07,000,00,2,3,15,Z01
201200040572,0,15,000,00,1,1,01,A01
201200040573,1,07,000,00,1,1,01,Z01
201200040574,0,07,000,00,2,4,02,B01
201200040574,0,07,000,00,2,1,01,A01
201200040575,0,07,000,00,2,8,01,A01
201200040575,0,07,000,00,2,1,01,B01
201200040576,0,07,000,00,2,1,01,B01
201200040576,0,07,000,00,2,1,13,A01
201200040577,0,07,000,00,2,4,02,B01
201200040577,0,07,000,00,2,1,01,A01
201200040578,0,07,000,00,2,4,02,C01
201200040578,0,07,000,00,2,1,01,A01
201200040578,0,07,000,00,2,4,02,B01
201200040579,0,33,000,00,2,1,01,A01
201200040579,0,20,000,00,2,4,02,B01
201200040580,0,07,000,00,2,7,01,B01
201200040580,0,07,000,00,2,1,09,A01
201200040581,0,07,000,00,2,2,01,B01
201200040581,0,01,000,00,2,8,15,A01
201200040582,0,07,000,00,2,1,02,B01
201200040582,0,07,000,00,2,4,01,A01
201200040582,0,07,000,00,2,4,02,C01
201200040583,0,31,000,00,2,1,01,A01
201200040583,0,07,000,00,2,2,15,B01
201200040584,0,07,000,00,2,1,13,A01
201200040584,0,07,000,00,2,1,01,B01
201200040585,0,07,000,00,2,1,01,A01
201200040585,0,33,000,00,2,4,02,B01
201200040586,0,07,000,00,2,5,02,B01
201200040586,0,07,000,00,2,3,01,A01
201200040587,0,07,000,00,2,2,01,A01
201200040587,0,33,000,00,2,4,02,B01
201200040588,0,02,000,00,2,1,01,A01
201200040588,0,07,000,00,2,4,02,B01
201200040589,0,07,000,00,2,1,01,B01
201200040589,0,07,000,00,2,1,01,A01
201200040590,0,07,000,00,2,1,05,A01
201200040590,0,07,000,00,2,1,01,B01
201200040591,0,32,000,00,2,1,09,A01
201200040591,0,07,000,00,2,1,01,B01
201200040592,0,33,000,00,2,1,01,B01
201200040592,0,07,000,00,2,1,09,A01
201200040593,0,01,000,00,2,1,01,B01
201200040593,0,07,000,00,2,1,15,A01
201200040594,0,14,000,00,2,2,12,A01
201200040594,0,07,000,01,2,9,01,B01
201200040595,0,07,000,00,2,1,01,A01
201200040595,0,07,000,00,2,6,01,B01
201200040596,0,07,000,00,1,2,01,A01
201200040597,0,07,000,00,2,8,01,B01
201200040597,0,33,000,00,2,2,14,A01
201200040598,0,07,000,00,2,1,01,B01
201200040598,0,07,000,00,2,2,15,A01
201200040599,0,33,000,00,2,7,17,B01
201200040599,0,07,000,00,2,8,13,A01
201200040599,0,07,000,00,2,1,01,C01
201200040600,0,14,000,00,2,3,01,B01
201200040600,0,32,000,00,2,1,16,A01
201200040601,0,07,000,00,2,1,09,A01
201200040601,0,01,000,00,2,7,01,B01
201200040602,0,07,000,00,2,7,14,A01
201200040602,0,07,000,00,2,8,01,B01
201200040603,0,07,000,00,2,1,01,A01
201200040603,0,07,000,00,2,4,23,B01
201200040604,0,07,000,00,2,3,01,B01
201200040604,0,07,000,00,2,2,09,A01
201200040605,0,02,000,00,2,1,16,A01
201200040605,0,07,000,00,2,4,01,B01
201200040606,0,38,001,00,1,1,01,A01
201200040607,0,33,000,00,2,2,01,B01
201200040607,0,38,001,00,2,2,01,A01
201200040608,0,07,000,00,2,1,05,A01
201200040608,0,07,000,00,2,1,01,B01
201200040609,0,39,001,00,2,1,01,B01
201200040609,0,07,000,00,4,2,01,A01
201200040610,0,07,000,00,1,1,01,A01
201200040611,0,07,000,00,2,5,02,B01
201200040611,0,33,000,00,2,9,01,A01
201200040612,0,33,000,00,2,4,01,A01
201200040612,0,07,000,00,2,3,15,B01
201200040613,1,07,000,00,2,8,17,Z01
201200040613,0,07,000,00,2,2,01,B01
201200040614,0,07,000,04,2,9,02,B01
201200040614,0,07,000,00,2,1,01,A01
201200040615,0,33,000,00,1,1,01,A01
201200040616,0,07,000,00,2,1,01,B01
201200040616,0,07,000,00,2,4,19,A01
201200040617,0,07,000,00,2,1,01,A01
201200040617,0,07,000,00,2,4,02,B01
201200040618,0,37,001,00,2,1,01,A01
201200040618,0,07,000,03,2,9,02,B01
201200040619,0,07,000,00,2,4,02,B01
201200040619,0,33,000,00,2,1,01,A01
201200040620,0,07,000,00,2,4,02,B01
201200040620,0,33,000,00,2,1,01,A01
201200040621,0,07,000,00,2,4,02,B01
201200040621,0,07,000,00,2,1,01,A01
201200040622,0,07,000,00,2,8,10,A01
201200040622,0,31,000,00,2,1,17,B01
201200040623,0,07,000,00,2,1,01,A01
201200040623,0,07,000,00,2,4,02,B01
201200040624,0,07,000,00,2,1,01,A01
201200040624,0,07,000,00,2,4,02,B01
201200040625,0,15,000,00,2,2,01,A01
201200040625,0,07,000,00,2,1,01,B01
201200040626,0,07,000,00,2,1,01,A01
201200040626,0,07,000,00,2,8,01,B01
201200040627,0,07,000,00,2,1,01,A01
201200040627,0,33,000,00,2,4,02,B01
201200040628,0,07,000,00,2,1,13,A01
201200040628,0,07,000,05,2,9,01,B01
201200040629,0,07,000,00,1,1,01,A01
201200040630,0,15,000,00,2,6,24,B01
201200040630,0,07,000,01,0,7,01,A01
201200040631,0,07,000,00,2,4,02,C01
201200040631,0,07,000,00,2,9,01,D01
201200040631,0,10,000,00,2,1,01,A01
201200040631,0,07,000,00,2,4,02,B01
201200040632,0,07,000,00,2,4,02,B01
201200040632,0,07,000,00,2,1,01,A01
201200040633,0,15,000,00,2,2,01,A01
201200040633,0,07,000,00,2,6,02,B01
201200040634,0,07,000,00,2,9,01,B01
201200040634,0,07,000,00,2,1,01,A01
201200040635,0,07,000,00,1,7,01,A01
201200040636,0,30,000,00,1,1,01,A01
201200040637,0,07,000,00,2,9,02,B01
201200040637,0,07,000,00,2,4,02,C01
201200040637,0,07,000,00,2,1,01,A01
201200040638,0,07,000,00,2,1,02,C01
201200040638,0,33,000,00,2,4,02,B01
201200040638,0,07,000,00,2,9,01,A01
201200040639,0,01,000,00,2,7,01,A01
201200040639,0,07,000,00,2,8,01,B01
201200040640,0,07,000,00,1,4,04,A01
201200040641,0,33,000,00,2,9,01,B01
201200040641,1,07,000,00,2,1,05,Z01
201200040642,0,07,000,00,2,1,02,B01
201200040642,0,01,000,00,2,7,19,A01
201200040643,0,07,000,00,2,4,02,B01
201200040643,0,07,000,00,2,1,01,A01
201200040644,0,01,000,00,2,1,01,A01
201200040644,0,07,000,00,2,5,02,B01
201200040645,0,07,000,00,2,1,01,B01
201200040645,0,07,000,00,2,1,15,A01
201200040646,0,07,000,00,2,5,02,B01
201200040646,0,33,000,00,2,1,01,A01
201200040647,0,33,000,00,2,1,01,A01
201200040647,0,07,000,00,2,4,09,B01
201200040648,0,07,000,01,0,1,01,A01
201200040649,0,07,000,00,2,2,10,A01
201200040649,0,07,000,00,2,1,01,B01
201200040650,0,33,000,00,2,1,01,A01
201200040650,0,07,000,00,2,4,02,B01
201200040651,0,07,000,00,2,4,02,B01
201200040651,0,07,000,00,2,1,01,A01
201200040652,0,01,000,00,2,8,01,B01
201200040652,0,07,000,00,2,1,01,A01
201200040653,0,07,000,00,2,1,15,A01
201200040653,0,07,000,00,2,1,01,B01
201200040654,0,07,000,00,2,4,01,E01
201200040654,0,07,000,00,2,6,01,B01
201200040654,0,07,000,00,2,4,01,D01
201200040654,0,07,000,00,2,4,01,C01
201200040654,0,07,000,00,2,1,01,A01
201200040655,0,10,000,00,2,1,02,B01
201200040655,0,07,000,00,2,4,01,A01
201200040656,0,07,000,00,1,1,15,A01
201200040657,0,07,000,00,2,1,01,A01
201200040657,0,07,000,00,2,4,01,B01
201200040658,0,07,000,00,2,7,12,A01
201200040658,0,33,000,00,2,9,03,B01
201200040659,0,34,000,00,2,7,01,B01
201200040659,0,07,000,00,2,1,09,A01
201200040660,0,33,000,00,2,1,01,B01
201200040660,0,10,000,00,2,1,17,A01
201200040661,0,01,000,00,2,9,03,A01
201200040661,0,01,000,00,2,9,01,B01
201200040662,0,10,000,01,2,3,01,A01
201200040662,0,07,000,00,2,4,02,B01
201200040663,0,07,000,00,2,1,01,A01
201200040663,0,07,000,00,2,2,01,B01
201200040664,0,07,000,00,2,2,01,B01
201200040664,0,07,000,00,2,1,13,A01
201200040665,1,07,000,00,2,1,01,Z01
201200040665,0,07,000,00,2,4,02,B01
201200040665,0,07,000,00,2,2,01,C01
201200040665,0,33,000,00,2,3,09,D01
201200040666,0,07,000,00,2,1,01,A01
201200040666,0,07,000,00,2,7,01,B01
201200040667,0,30,000,00,2,1,01,A01
201200040667,0,07,000,00,2,7,01,B01
201200040668,0,07,000,00,2,4,02,B01
201200040668,0,33,000,00,2,1,03,A01
201200040669,0,07,000,00,2,4,23,B01
201200040669,0,07,000,00,2,4,23,C01
201200040669,0,07,000,00,2,1,01,A01
201200040669,0,07,000,00,2,4,23,E01
201200040669,0,07,000,00,2,4,23,D01
201200040670,0,07,000,00,2,4,02,C01
201200040670,0,07,000,00,2,9,01,B01
201200040670,1,15,000,00,2,1,02,Z01
201200040671,0,07,000,00,2,3,13,A01
201200040671,0,07,000,00,2,3,01,B01
201200040672,0,07,000,00,2,1,01,A01
201200040672,0,07,000,00,2,3,01,B01
201200040673,0,07,000,00,2,1,01,B01
201200040673,0,07,000,00,2,1,14,A01
201200040674,0,07,000,00,2,8,13,A01
201200040674,0,07,000,00,2,7,01,B01
201200040675,0,33,000,00,2,5,01,A01
201200040675,0,07,000,00,2,3,15,B01
201200040676,0,07,000,00,2,3,13,B01
201200040676,0,07,000,00,2,2,01,A01
201200040677,0,07,000,00,2,7,02,C01
201200040677,0,07,000,00,2,2,01,A01
201200040677,0,07,000,00,2,6,09,B01
201200040678,0,07,000,00,1,3,01,A01
201200040679,0,07,000,00,1,3,01,A01
201200040680,0,07,000,00,2,4,02,B01
201200040680,0,33,000,00,2,1,01,A01
201200040681,0,07,000,00,1,1,15,A01
201200040682,0,33,000,00,2,1,01,A01
201200040682,0,07,000,00,2,4,02,B01
201200040683,0,07,000,00,2,5,23,A01
201200040683,0,07,000,00,2,7,02,B01
201200040683,0,32,000,00,2,1,02,C01
201200040684,0,33,000,00,2,1,01,B01
201200040684,0,07,000,00,2,7,19,A01
201200040685,0,13,000,00,2,2,05,A01
201200040685,0,02,000,00,2,1,01,B01
201200040686,0,07,000,00,2,2,11,A01
201200040686,0,02,000,00,2,1,01,B01
201200040687,0,07,000,00,2,4,02,B01
201200040687,0,07,000,00,0,0,13,A01
201200040687,0,07,000,00,2,9,02,C01
201200040687,0,07,000,00,2,1,02,D01
201200040688,0,07,000,01,0,4,04,A01
201200040689,0,07,000,00,0,0,00,A01
201200040690,0,07,000,00,2,2,11,A01
201200040690,0,01,000,00,2,4,01,B01
201200040691,0,07,000,08,0,1,01,A01
201200040692,0,07,000,00,1,1,01,A01
201200040693,0,07,000,00,2,3,01,B01
201200040693,0,07,000,00,2,2,09,A01
201200040694,0,07,000,00,1,4,04,A01
201200040695,0,37,001,00,2,1,01,A01
201200040695,0,07,000,00,2,4,02,B01
201200040696,0,07,000,00,2,1,01,A01
201200040696,0,07,000,00,2,4,23,B01
201200040697,0,07,000,00,1,1,01,A01
201200040698,0,07,000,00,2,1,01,A01
201200040698,0,07,000,00,2,4,23,B01
201200040699,0,33,000,00,2,1,17,A01
201200040699,0,07,000,00,2,8,15,B01
201200040700,0,31,000,00,2,1,01,A01
201200040700,0,07,000,00,2,3,15,B01
201200040701,0,07,000,00,2,1,01,A01
201200040701,0,07,000,00,2,4,02,B01
201200040702,0,07,000,00,2,1,15,A01
201200040702,0,33,000,00,2,1,01,B01
201200040703,0,03,000,00,1,1,15,A01
201200040704,0,07,000,00,2,7,15,A01
201200040704,0,10,000,00,2,1,01,B01
201200040704,0,07,000,00,2,5,23,C01
201200040705,0,37,002,00,2,4,23,B01
201200040705,0,37,001,00,2,1,01,A01
201200040706,0,07,000,08,0,1,01,A01
201200040707,0,01,000,00,2,1,01,A01
201200040707,0,07,000,00,0,7,16,B01
201200040708,0,07,000,14,0,0,01,A01
201200040709,0,07,000,00,2,4,02,B01
201200040709,0,07,000,00,2,1,01,A01
201200040710,0,33,000,00,2,1,17,B01
201200040710,0,07,000,00,2,3,13,A01
201200040711,0,07,000,00,2,1,01,A01
201200040711,0,07,000,00,2,4,23,B01
201200040712,0,07,000,13,2,4,01,B01
201200040712,0,07,000,03,2,3,13,A01
201200040713,1,07,000,00,2,1,01,Z01
201200040713,0,07,000,00,2,5,15,B01
201200040714,0,33,000,00,0,0,01,A01
201200040715,0,07,000,00,2,4,02,B01
201200040715,0,07,000,00,2,3,01,A01
201200040716,0,33,000,14,0,0,21,B01
201200040716,0,07,000,00,0,0,21,A01
201200040717,0,07,000,00,2,2,16,B01
201200040717,0,01,000,00,2,1,01,A01
201200040718,0,07,000,00,2,6,01,B01
201200040718,0,07,000,00,2,3,13,A01
201200040719,0,07,000,00,2,1,01,A01
201200040719,0,01,000,00,2,7,01,B01
201200040720,0,07,000,00,2,5,15,A01
201200040720,0,31,000,00,2,1,02,B01
201200040721,0,07,000,00,2,1,01,A01
201200040721,0,07,000,00,2,5,02,B01
201200040722,0,33,000,00,0,0,14,A01
201200040723,0,07,000,00,2,1,01,C01
201200040723,0,07,000,00,2,8,01,B01
201200040723,0,07,000,00,2,1,13,A01
201200040724,0,07,000,00,2,4,02,B01
201200040724,0,10,000,00,2,1,01,A01
201200040725,0,07,000,00,2,1,02,B01
201200040725,0,07,000,00,2,4,01,A01
201200040726,0,30,000,01,0,2,01,A01
201200040727,0,07,000,00,2,3,01,A01
201200040727,0,33,000,00,2,4,23,B01
201200040728,0,99,000,00,2,3,01,A01
201200040728,0,07,000,00,2,3,01,B01
201200040729,0,07,000,00,2,1,01,A01
201200040729,0,07,000,00,2,4,23,B01
201200040730,0,07,000,00,2,3,13,A01
201200040730,0,07,000,00,2,3,02,B01
201200040731,0,07,000,00,1,3,01,A01
201200040732,0,01,000,00,2,4,19,B01
201200040732,0,07,000,00,2,1,01,A01
201200040733,0,07,000,00,2,1,01,A01
201200040733,0,07,000,00,2,4,02,B01
201200040734,0,07,000,00,2,4,23,B01
201200040734,0,31,000,00,2,1,01,A01
201200040735,0,07,000,00,1,2,01,A01
201200040736,0,07,000,00,1,1,01,A01
201200040737,0,07,000,00,1,4,20,A01
201200040738,0,07,000,00,1,4,20,A01
201200040739,0,30,000,00,2,1,01,A01
201200040739,0,01,000,00,2,2,01,B01
201200040740,0,07,000,00,1,4,04,A01
201200040741,0,07,000,00,2,4,02,B01
201200040741,0,07,000,00,2,1,01,A01
201200040742,0,33,000,00,2,1,02,B01
201200040742,0,07,000,00,2,6,10,A01
201200040743,0,07,000,00,2,4,01,A01
201200040743,0,07,000,00,2,1,01,B01
201200040744,0,01,000,00,2,7,01,B01
201200040744,0,07,000,00,2,1,01,A01
201200040745,0,07,000,00,2,1,01,B01
201200040745,0,07,000,00,2,3,04,A01
201200040746,0,07,000,00,1,1,01,A01
201200040747,0,07,000,00,2,4,02,B01
201200040747,0,33,000,00,2,1,01,A01
201200040748,0,07,000,00,1,4,04,A01
201200040749,0,07,000,00,2,3,09,A01
201200040749,0,07,000,00,2,6,01,B01
201200040750,0,07,000,00,1,1,14,A01
201200040751,0,07,000,00,2,2,15,A01
201200040751,0,07,000,00,2,1,02,B01
201200040752,0,07,000,00,2,1,02,C01
201200040752,0,07,000,00,1,4,01,A01
201200040752,0,07,000,00,2,1,02,B01
201200040753,0,07,000,00,1,4,04,A01
201200040754,0,07,000,00,1,2,01,A01
201200040755,0,07,000,00,2,4,02,B01
201200040755,0,14,000,00,2,1,01,A01
201200040756,0,07,000,00,1,1,01,A01
201200040757,0,07,000,00,2,1,01,A01
201200040757,0,07,000,00,2,4,02,B01
201200040758,0,07,000,00,1,2,01,A01
201200040759,0,07,000,00,2,6,02,B01
201200040759,0,31,000,00,2,2,01,A01
201200040760,0,07,000,00,1,1,01,A01
201200040761,0,07,000,00,2,6,19,A01
201200040761,0,07,000,01,2,1,01,B01
201200040762,0,10,000,00,1,1,01,A01
201200040763,0,13,000,00,2,4,02,B01
201200040763,0,07,000,00,2,1,01,A01
201200040764,0,07,000,00,2,3,15,B01
201200040764,0,07,000,00,2,1,01,A01
201200040765,0,07,000,00,1,3,15,A01
201200040766,0,07,000,00,1,5,04,A01
201200040767,0,07,000,01,1,2,01,A01
201200040768,1,07,000,00,0,2,15,A01
201200040768,0,31,000,00,2,9,13,B01
201200040769,0,07,000,00,1,1,01,A01
201200040770,0,07,000,00,1,1,01,A01
201200040771,0,07,000,00,2,3,01,A01
201200040771,0,02,000,00,2,1,02,B01
201200040772,0,07,000,00,2,4,01,A01
201200040772,0,10,000,00,2,1,02,B01
201200040773,0,30,000,00,2,3,03,A01
201200040773,0,07,000,00,2,2,01,B01
201200040774,0,38,001,00,1,1,01,A01
201200040775,0,07,000,00,1,1,15,A01
201200040776,0,33,000,00,2,1,01,B01
201200040776,0,07,000,00,2,2,15,A01
201200040777,0,07,000,00,2,3,09,A01
201200040777,0,30,000,00,2,1,01,B01
201200040778,0,07,000,00,1,3,01,A01
201200040779,0,07,000,00,1,7,01,A01
201200040780,0,07,000,08,9,1,01,A01
201200040781,0,37,001,00,2,6,23,B01
201200040781,0,07,000,01,1,1,01,A01
201200040782,0,07,000,00,2,9,19,A01
201200040782,0,07,000,00,2,6,01,C01
201200040782,0,07,000,00,2,3,01,B01
201200040783,0,07,000,00,1,1,17,A01
201200040784,0,07,000,00,2,1,01,A01
201200040784,0,01,000,00,2,7,19,B01
201200040785,0,33,000,00,2,9,17,B01
201200040785,0,07,000,00,2,8,15,A01
201200040786,0,30,000,00,2,1,01,A01
201200040786,0,07,000,00,2,4,02,B01
201200040787,0,01,000,00,2,7,16,B01
201200040787,0,07,000,00,2,1,01,A01
201200040788,0,01,000,00,2,8,19,B01
201200040788,0,07,000,00,2,1,01,A01
201200040789,0,07,000,00,1,2,09,A01
201200040790,0,07,000,00,1,5,01,A01
201200040791,0,07,000,00,2,4,02,B01
201200040791,0,07,000,00,2,1,01,A01
201200040792,0,07,000,00,2,3,15,A01
201200040792,0,33,000,00,2,1,17,B01
201200040793,0,07,000,08,0,1,14,A01
201200040794,0,07,000,00,2,4,02,B01
201200040794,0,07,000,14,2,1,01,A01
201200040794,0,07,000,00,2,4,02,C01
201200040795,0,10,000,00,2,2,01,B01
201200040795,0,07,000,00,2,1,01,A01
201200040796,0,07,000,14,2,1,01,A01
201200040796,0,20,000,00,2,4,02,B01
201200040797,0,31,000,08,0,1,01,A01
201200040798,0,07,000,00,2,2,01,B01
201200040798,0,07,000,00,2,1,01,A01
201200040799,0,07,000,00,2,1,01,A01
201200040799,0,30,000,00,2,3,01,B01
201200040800,0,07,000,00,2,3,23,B01
201200040800,0,07,000,00,2,2,01,A01
201200040801,0,07,000,00,1,2,01,A01
201200040802,0,07,000,00,2,4,02,B01
201200040802,0,07,000,00,2,1,01,A01
201200040803,0,02,000,00,2,8,01,B01
201200040803,0,07,000,00,2,1,09,A01
201200040804,0,07,000,00,1,1,14,A01
201200040805,0,07,000,02,0,1,14,A01
201200040806,0,33,000,00,2,4,02,B01
201200040806,0,07,000,00,2,1,01,A01
201200040807,0,01,000,00,2,1,16,B01
201200040807,0,07,000,00,2,3,01,A01
201200040808,0,31,000,00,2,2,01,B01
201200040808,0,07,000,00,2,3,09,A01
201200040809,0,07,000,00,1,1,01,A01
201200040810,0,07,000,00,2,2,01,B01
201200040810,0,33,000,00,2,1,01,A01
201200040811,0,07,000,00,1,1,01,A01
201200040812,0,07,000,00,1,1,01,A01
201200040813,0,07,000,00,1,5,04,A01
201200040814,0,07,000,00,2,0,00,A01
201200040814,0,31,000,00,2,7,01,B01
201200040815,0,07,000,00,1,1,01,A01
201200040816,0,32,000,00,2,8,01,B01
201200040816,1,10,000,00,2,2,10,A01
201200040817,0,30,000,00,2,1,01,A01
201200040817,0,10,000,00,2,7,01,B01
201200040818,0,07,000,00,2,1,02,B01
201200040818,0,07,000,00,2,4,01,A01
201200040819,0,10,000,08,0,1,16,A01
201200040820,0,07,000,00,1,1,01,A01
201200040821,0,33,000,00,2,7,01,A01
201200040821,0,07,000,00,2,8,15,B01
201200040822,0,10,000,14,0,9,01,A01
201200040823,0,07,000,00,2,1,01,B01
201200040823,0,07,000,00,2,8,01,A01
201200040824,0,07,000,00,2,8,01,A01
201200040824,0,07,000,00,2,1,01,B01
201200040825,0,30,000,00,1,9,01,A01
201200040826,0,07,000,06,0,1,01,A01
201200040827,0,07,000,00,1,2,01,A01
201200040828,0,38,001,00,2,3,01,B01
201200040828,0,31,000,00,2,7,17,A01
201200040829,0,30,000,00,2,1,01,B01
201200040829,1,07,000,00,2,3,16,Z01
201200040830,0,30,000,00,1,1,03,A01
201200040831,0,07,000,00,2,2,09,A01
201200040831,0,07,000,00,2,7,01,B01
201200040832,0,10,000,00,2,8,15,A01
201200040832,0,30,000,00,2,1,17,B01
201200040833,0,07,000,00,2,8,01,B01
201200040833,0,07,000,00,2,1,19,A01
201200040834,0,07,000,00,2,1,19,B01
201200040834,0,07,000,00,2,1,19,C01
201200040834,0,07,000,00,2,9,19,A01
201200040835,0,07,000,00,2,8,15,A01
201200040835,0,33,000,00,2,1,01,B01
201200040836,0,02,000,00,2,1,02,B01
201200040836,0,07,000,00,2,8,22,A01
201200040837,0,07,000,00,2,1,23,A01
201200040837,0,07,000,00,2,7,01,B01
201200040838,0,07,000,00,2,1,01,A01
201200040838,0,07,000,00,2,2,01,B01
201200040839,0,07,000,01,0,9,01,A01
201200040840,0,07,000,00,2,7,01,A01
201200040840,0,07,000,00,2,1,01,B01
201200040841,0,07,000,00,2,1,01,A01
201200040841,0,07,000,00,2,4,02,B01
201200040842,0,07,000,00,2,1,01,B01
201200040842,0,07,000,00,2,8,09,A01
201200040843,0,07,000,00,1,2,01,A01
201200040844,0,07,000,00,2,3,01,B01
201200040844,0,07,000,00,2,2,01,A01
201200040845,0,01,000,00,2,1,01,B01
201200040845,0,07,000,00,2,8,01,A01
201200040846,2,07,000,00,1,0,04,A01
201200040847,0,07,000,00,1,1,15,A01
201200040848,1,07,000,00,2,1,01,Z01
201200040848,1,07,000,00,2,4,02,B01
201200040849,0,07,000,00,1,1,15,A01
201200040850,0,07,000,00,2,7,01,A01
201200040850,1,07,000,00,2,1,01,Z01
201200040851,0,07,000,00,2,4,01,B01
201200040851,0,07,000,00,2,1,01,A01
201200040852,0,01,000,00,2,7,19,B01
201200040852,0,07,000,00,2,1,01,A01
201200040853,0,07,000,00,1,1,01,A01
201200040854,0,07,000,01,0,1,14,A01
201200040855,0,07,000,00,2,1,01,A01
201200040855,0,30,000,00,2,7,01,B01
201200040856,0,07,000,00,1,2,01,A01
201200040857,0,33,000,00,2,1,01,B01
201200040857,0,07,000,09,2,2,15,A01
201200040858,0,07,000,00,2,2,01,A01
201200040858,0,07,000,08,2,1,01,B01
201200040859,0,07,000,00,2,8,15,B01
201200040859,0,07,000,00,2,3,01,A01
201200040860,0,07,000,12,0,2,14,A01
201200040861,0,07,000,01,0,3,01,A01
201200040862,0,07,000,00,2,4,02,B01
201200040862,0,07,000,00,2,1,01,A01
201200040862,0,07,000,00,2,4,02,C01
201200040863,0,07,000,08,0,1,13,A01
201200040864,0,10,000,00,2,7,01,B01
201200040864,0,01,000,00,2,1,01,A01
201200040865,0,07,000,00,2,7,01,A01
201200040865,0,07,000,00,2,1,01,B01
201200040866,0,31,000,00,2,1,01,B01
201200040866,0,07,000,00,2,3,01,A01
201200040867,0,07,000,00,2,2,01,A01
201200040867,0,01,000,00,2,2,01,B01
201200040868,0,07,000,00,2,7,01,A01
201200040868,0,07,000,00,2,0,02,C01
201200040868,0,07,000,00,2,6,01,B01
201200040868,0,07,000,00,2,4,02,D01
201200040869,0,33,000,00,2,1,01,A01
201200040869,0,07,000,00,2,4,02,B01
201200040870,0,07,000,00,1,1,01,A01
201200040871,0,07,000,00,1,3,01,A01
201200040872,1,99,000,00,2,1,01,A01
201200040872,0,01,000,00,2,8,01,B01
201200040873,0,07,000,00,0,3,13,A01
201200040873,0,33,000,00,2,8,21,B01
201200040874,0,07,000,00,2,2,01,B01
201200040874,0,07,000,00,2,3,01,A01
201200040875,0,07,000,00,2,1,01,A01
201200040875,0,07,000,00,2,4,02,B01
201200040876,0,32,000,00,2,2,17,B01
201200040876,0,07,000,00,2,8,15,A01
201200040877,0,07,000,00,2,3,10,A01
201200040877,0,30,000,00,2,3,01,B01