Num_Acc,senc,catv,occutc,obs,obsm,choc,manv,num_veh
201200041645,0,34,000,00,2,1,01,A01
201200041645,0,07,000,00,2,8,15,B01
201200041646,0,30,000,00,2,1,01,A01
201200041646,1,07,000,00,2,1,05,Z01
201200041647,0,32,000,00,1,1,01,A01
201200041648,0,10,000,00,2,1,15,B01
201200041648,0,30,000,00,2,8,01,A01
201200041649,0,34,000,00,2,1,01,B01
201200041649,0,07,000,00,2,3,15,A01
201200041650,0,07,000,00,2,2,16,B01
201200041650,0,33,000,00,2,3,01,A01
201200041651,0,33,000,00,2,3,01,B01
201200041651,0,07,000,00,2,3,15,A01
201200041652,0,30,000,00,2,4,01,B01
201200041652,1,07,000,00,2,1,02,A01
201200041653,0,07,000,00,0,2,01,A01
201200041654,0,07,000,00,2,2,15,B01
201200041654,0,32,000,00,2,2,01,A01
201200041655,0,07,000,00,2,1,01,B01
201200041655,0,07,000,00,2,8,15,A01
201200041656,0,07,000,00,2,2,15,A01
201200041656,0,33,000,00,2,8,01,B01
201200041657,0,07,000,00,2,1,01,A01
201200041657,0,07,000,00,2,6,01,B01
201200041658,0,07,000,00,2,3,15,A01
201200041658,0,30,000,00,2,1,01,B01
201200041659,0,07,000,00,1,2,01,A01
201200041660,0,07,000,00,2,2,01,B01
201200041660,0,34,000,00,2,3,01,A01
201200041661,0,34,000,00,2,1,01,A01
201200041661,0,37,001,00,2,7,01,B01
201200041662,0,01,000,00,2,1,01,B01
201200041662,0,07,000,00,2,2,15,A01
201200041663,0,01,000,00,2,1,01,B01
201200041663,0,07,000,00,2,1,01,A01
201200041664,0,07,000,00,1,1,01,A01
201200041665,0,07,000,00,2,8,10,A01
201200041665,0,34,000,00,2,1,01,B01
201200041666,0,07,000,00,1,1,01,A01
201200041667,0,10,000,00,2,2,15,A01
201200041667,0,07,000,00,2,1,01,B01
201200041668,0,07,000,00,2,1,02,A01
201200041668,0,07,000,00,2,4,02,B01
201200041669,0,32,000,00,2,1,17,A01
201200041669,0,01,000,00,2,6,15,B01
201200041670,0,07,000,00,1,1,16,A01
201200041671,1,07,000,00,2,1,05,A01
201200041671,0,30,000,00,2,1,01,B01
201200041672,0,07,000,00,1,2,01,A01
201200041673,0,33,000,00,2,1,01,B01
201200041673,0,07,000,00,2,1,09,A01
201200041674,0,07,000,00,2,1,01,A01
201200041675,0,07,000,00,1,4,04,A01
201200041676,0,07,000,00,2,3,02,A01
201200041676,0,07,000,00,2,4,02,B01
201200041677,0,07,000,00,2,7,15,B01
201200041677,0,30,000,00,2,1,01,A01
201200041678,0,01,000,00,2,8,00,B01
201200041678,0,07,000,00,2,7,22,A01
201200041679,0,07,000,00,2,3,02,A01
201200041679,0,03,000,00,2,4,02,B01
201200041680,0,07,000,00,1,4,04,A01
201200041681,0,07,000,00,2,3,15,B01
201200041681,0,30,000,00,2,7,01,A01
201200041682,0,34,000,00,2,6,01,B01
201200041682,0,07,000,00,2,3,15,A01
201200041683,0,07,000,00,2,1,15,A01
201200041683,0,32,000,00,2,1,01,B01
201200041684,0,07,000,00,2,2,15,B01
201200041684,2,07,000,00,2,3,01,A01
201200041685,1,07,000,00,1,1,01,A01
201200041686,0,07,000,00,2,1,02,B01
201200041686,0,31,000,00,2,6,02,A01
201200041687,0,30,000,00,2,1,01,A01
201200041687,0,07,000,00,2,3,15,B01
201200041688,0,33,000,00,2,3,01,A01
201200041688,0,37,001,00,2,5,13,B01
201200041689,0,07,000,00,1,1,01,A01
201200041690,0,33,000,00,2,7,17,A01
201200041690,0,07,000,00,2,2,15,B01
201200041691,0,07,000,00,1,1,01,A01
201200041692,0,07,000,00,2,8,15,A01
201200041692,0,32,000,00,2,7,17,B01
201200041693,0,07,000,00,2,1,02,A01
201200041693,0,07,000,00,2,4,02,B01
201200041693,0,07,000,00,2,4,02,C01
201200041694,2,32,000,00,1,1,00,A01
201200041695,0,14,000,00,1,6,04,A01
201200041696,0,32,000,00,1,1,13,A01
201200041697,0,34,000,00,0,0,01,A01
201200041698,1,07,000,00,1,1,01,A01
201200041699,0,34,000,00,2,1,01,A01
201200041699,0,10,000,00,2,7,10,B01
201200041700,0,10,000,00,2,3,23,A01
201200041700,0,01,000,01,0,1,01,B01
201200041701,0,07,000,00,1,1,01,A01
201200041702,0,10,000,00,2,2,15,A01
201200041702,0,32,000,00,2,1,01,B01
201200041703,0,07,000,06,0,0,01,A01
201200041704,0,07,000,00,1,1,15,A01
201200041705,0,33,000,01,0,0,01,B01
201200041705,0,07,000,00,2,3,01,C01
201200041705,0,10,000,00,2,6,23,A01
201200041706,0,07,000,00,1,1,01,A01
201200041707,0,07,000,00,1,1,01,A01
201200041708,0,32,000,00,2,1,17,A01
201200041708,0,07,000,00,2,3,15,B01
201200041709,0,10,000,00,2,4,01,A01
201200041709,0,32,000,00,2,1,01,B01
201200041710,0,07,000,00,2,3,15,B01
201200041710,0,02,000,00,2,1,17,A01
201200041711,0,02,000,00,2,1,01,B01
201200041711,0,07,000,00,2,3,11,A01
201200041712,0,33,000,00,1,1,01,A01
201200041713,0,07,000,00,2,1,02,A01
201200041713,0,07,000,00,2,4,02,B01
201200041714,0,07,000,00,2,1,01,A01
201200041714,0,01,000,00,2,7,19,B01
201200041715,0,07,000,00,2,3,01,A01
201200041715,0,01,000,00,2,8,10,B01
201200041716,0,07,000,00,2,1,17,A01
201200041716,0,32,000,00,2,8,09,B01
201200041717,0,07,000,00,2,2,15,A01
201200041717,0,33,000,00,2,1,01,B01
201200041718,0,02,000,00,2,3,02,B01
201200041718,0,07,000,00,2,7,16,A01
201200041719,0,07,000,00,2,3,15,A01
201200041719,0,30,000,00,2,1,01,B01
201200041720,0,30,000,00,2,1,17,A01
201200041720,0,07,000,00,2,3,15,B01
201200041721,0,07,000,00,2,3,16,A01
201200041722,0,07,000,00,1,1,01,A01
201200041723,0,33,000,00,2,1,02,A01
201200041723,0,07,000,00,2,4,01,B01
201200041724,0,33,000,00,2,2,17,A01
201200041724,0,07,000,00,2,3,15,B01
201200041725,0,10,000,00,2,1,12,A01
201200041725,0,02,000,00,2,7,01,B01
201200041726,0,07,000,00,2,1,21,A01
201200041726,0,33,000,00,2,1,01,B01
201200041727,0,07,000,00,2,1,15,A01
201200041727,0,13,000,00,2,1,23,B01
201200041728,0,07,000,00,2,1,02,A01
201200041728,0,07,000,00,2,4,01,B01
201200041729,0,07,000,00,1,1,01,A01
201200041730,0,07,000,00,1,3,01,A01
201200041730,0,07,000,00,1,3,01,B01
201200041731,0,07,000,00,2,1,06,A01
201200041731,0,07,000,00,4,1,01,B01
201200041732,0,07,000,00,2,5,12,A01
201200041732,0,37,002,00,2,3,01,B01
201200041733,0,07,000,00,2,3,22,A01
201200041733,0,01,000,01,0,1,01,B01
201200041734,0,07,000,00,2,1,10,A01
201200041734,0,31,000,00,2,3,01,B01
201200041735,0,07,000,00,2,4,23,D01
201200041735,0,07,000,00,2,1,01,A01
201200041735,0,07,000,00,2,4,01,B01
201200041735,0,07,000,00,2,4,01,C01
201200041736,0,07,000,00,1,1,09,A01
201200041737,0,10,000,00,2,3,15,A01
201200041737,0,02,000,00,2,1,01,B01
201200041738,0,07,000,00,1,1,15,A01
201200041739,0,07,000,00,1,5,04,A01
201200041740,0,07,000,00,1,7,01,A01
201200041741,0,31,000,00,2,1,09,B01
201200041741,0,30,000,00,2,1,05,A01
201200041742,0,07,000,00,2,2,16,A01
201200041742,0,33,000,00,2,1,01,B01
201200041743,0,07,000,00,2,3,17,A01
201200041743,0,07,000,00,2,3,09,B01
201200041744,0,07,000,00,2,4,00,C01
201200041744,0,33,000,00,2,4,01,B01
201200041744,0,07,000,00,2,1,00,A01
201200041745,0,33,000,00,2,4,23,B01
201200041745,0,07,000,00,2,1,23,C01
201200041745,0,31,000,00,2,1,01,A01
201200041746,0,07,000,00,2,3,23,A01
201200041746,0,33,000,00,2,1,17,B01
201200041747,0,07,000,00,2,3,15,B01
201200041747,0,32,000,00,2,1,01,A01
201200041748,0,07,000,00,1,1,01,A01
201200041749,0,07,000,00,1,4,20,A01
201200041750,0,07,000,00,2,3,10,A01
201200041750,0,30,000,00,2,1,01,B01
201200041751,0,33,000,00,2,0,01,A01
201200041751,0,07,000,00,2,8,01,B01
201200041752,0,07,000,00,2,1,02,A01
201200041752,0,07,000,00,2,4,23,B01
201200041753,0,07,000,00,2,2,01,A01
201200041753,0,32,000,00,2,8,01,B01
201200041754,0,33,000,00,2,1,01,A01
201200041754,0,07,000,00,2,8,15,B01
201200041755,0,32,000,00,2,3,16,B01
201200041755,0,37,028,00,2,7,16,A01
201200041756,2,33,000,00,1,1,01,A01
201200041757,0,07,000,00,1,1,01,A01
201200041758,1,07,000,00,2,0,00,A01
201200041758,0,07,000,00,2,4,23,C01
201200041758,0,07,000,00,2,4,23,B01
201200041759,0,07,000,00,1,1,15,A01
201200041760,0,07,000,00,2,6,23,B01
201200041760,0,32,000,00,1,1,03,A01
201200041760,0,07,000,00,2,5,23,C01
201200041761,0,07,000,00,2,1,01,B01
201200041761,0,07,000,00,2,5,01,A01
201200041762,0,07,000,00,2,5,15,A01
201200041762,0,33,000,00,2,1,01,B01
201200041763,0,10,000,00,2,2,01,A01
201200041763,0,31,000,00,2,8,01,B01
201200041764,0,01,000,00,1,1,01,A01
201200041765,0,10,000,00,2,6,10,A01
201200041765,0,31,000,00,2,1,05,B01
201200041766,0,07,000,00,1,2,01,A01
201200041767,0,07,000,00,2,8,15,A01
201200041767,0,02,000,00,2,1,02,B01
201200041768,0,37,001,00,1,2,20,A01
201200041769,0,07,000,00,2,1,01,A01
201200041769,0,07,000,00,2,6,01,B01
201200041770,0,07,000,00,2,2,15,A01
201200041770,0,33,000,00,2,1,01,B01
201200041771,0,30,000,00,2,1,01,A01
201200041771,0,07,000,00,2,8,15,B01
201200041772,0,07,000,00,2,1,01,A01
201200041772,0,33,000,00,2,8,15,B01
201200041773,0,07,000,00,1,1,01,A01
201200041774,0,07,000,00,1,2,18,A01
201200041775,0,07,000,00,1,0,00,A01
201200041776,0,07,000,00,2,1,09,A01
201200041776,0,01,000,00,2,1,01,B01
201200041777,0,01,000,00,2,1,02,A01
201200041777,0,07,000,00,2,2,02,B01
201200041778,0,07,000,00,1,1,01,A01
201200041779,0,07,000,00,1,1,01,A01
201200041780,0,02,000,00,2,2,02,B01
201200041780,0,07,000,00,0,6,01,A01
201200041781,0,01,000,00,1,1,01,A01
201200041782,0,02,000,00,2,1,01,B01
201200041782,0,07,000,00,2,6,19,A01
201200041783,0,07,000,00,2,3,15,A01
201200041783,0,33,000,00,2,7,17,B01
201200041784,0,07,000,00,1,1,01,A01
201200041785,0,33,000,00,2,1,01,A01
201200041785,0,07,000,00,2,3,01,B01
201200041786,0,31,000,08,0,1,01,A01
201200041787,0,07,000,00,2,7,12,B01
201200041787,0,33,000,00,2,3,18,A01
201200041788,0,34,000,00,2,1,01,A01
201200041788,0,07,000,00,2,6,15,B01
201200041789,0,07,000,00,2,3,15,B01
201200041789,0,02,000,00,2,1,17,A01
201200041790,0,07,000,00,2,4,02,B01
201200041790,0,02,000,00,2,1,01,A01
201200041791,0,02,000,00,2,1,01,B01
201200041791,0,33,000,00,2,1,01,A01
201200041792,0,02,000,00,2,1,01,B01
201200041792,0,07,000,00,2,7,01,A01
201200041793,0,07,000,03,0,1,14,A01
201200041794,0,07,000,00,1,1,01,A01
201200041795,0,07,000,00,1,1,01,A01
201200041796,0,10,000,00,2,1,02,A01
201200041796,0,31,000,00,2,4,02,B01
201200041796,0,07,000,00,2,4,02,C01
201200041796,0,07,000,00,2,4,02,D01
201200041797,0,31,000,00,0,0,00,A01
201200041798,0,07,000,00,2,3,02,A01
201200041798,0,07,000,00,2,4,02,B01
201200041799,0,07,000,00,2,4,23,B01
201200041799,0,07,000,00,2,1,02,A01
201200041800,0,07,000,00,1,1,01,A01
201200041801,0,07,000,00,1,1,01,A01
201200041802,0,07,000,00,2,7,01,D01
201200041802,0,07,000,00,2,1,01,A01
201200041802,0,07,000,00,2,4,02,B01
201200041802,0,33,000,00,2,2,01,C01
201200041803,0,07,000,00,1,2,01,A01
201200041804,0,15,000,00,1,5,09,A01
201200041805,0,07,000,00,0,2,24,B01
201200041805,0,07,000,01,0,2,01,A01
201200041806,0,07,000,00,1,1,01,A01
201200041807,0,07,000,00,2,3,01,A01
201200041807,0,02,000,01,2,7,17,B01
201200041808,0,07,000,00,2,3,09,A01
201200041808,0,33,000,00,2,2,01,B01
201200041809,0,07,000,00,2,1,09,A01
201200041809,0,07,000,00,2,8,01,C01
201200041809,0,34,000,00,2,7,01,B01
201200041810,0,02,000,00,2,1,01,A01
201200041810,0,07,000,00,2,6,01,B01
201200041811,0,33,000,01,2,2,02,B01
201200041811,0,07,000,00,2,3,15,A01
201200041812,0,03,000,00,1,3,09,A01
201200041813,0,33,000,00,2,1,01,B01
201200041813,0,07,000,00,2,2,15,A01
201200041814,0,30,000,00,2,1,02,B01
201200041814,0,30,000,00,2,8,10,A01
201200041815,2,07,000,00,2,1,15,A01
201200041815,0,07,000,00,2,7,01,B01
201200041816,0,07,000,00,2,1,15,A01
201200041816,0,07,000,00,2,8,23,B01
201200041817,0,32,000,00,2,1,01,A01
201200041817,0,01,000,00,2,1,09,B01
201200041818,0,14,000,00,2,4,04,A01
201200041818,0,07,000,00,2,4,23,B01
201200041819,0,02,000,00,2,1,01,A01
201200041819,0,07,000,00,2,3,01,B01
201200041820,0,07,000,00,2,2,23,A01
201200041820,0,34,000,00,2,7,01,B01
201200041821,0,07,000,00,2,1,01,A01
201200041821,0,07,000,00,2,1,01,B01
201200041822,0,07,000,00,2,2,09,A01
201200041822,0,32,000,00,2,3,00,B01
201200041823,0,07,000,00,2,3,21,A01
201200041823,0,31,000,00,2,7,02,B01
201200041824,0,10,000,00,1,4,04,A01
201200041825,0,07,000,00,2,3,09,A01
201200041825,0,30,000,00,2,1,17,B01
201200041826,0,31,000,00,1,2,01,A01
201200041827,0,02,000,00,1,1,01,A01
201200041828,0,07,000,00,1,1,15,A01
201200041829,0,07,000,00,1,1,09,A01
201200041830,0,32,000,00,2,1,17,A01
201200041830,0,07,000,00,2,3,15,B01
201200041831,0,02,000,00,0,8,01,A01
201200041832,0,07,000,00,2,4,01,A01
201200041832,0,07,000,00,2,1,01,B01
201200041833,0,02,000,00,2,1,17,B01
201200041833,0,07,000,00,2,3,15,A01
201200041834,0,07,000,00,2,2,22,B01
201200041834,0,32,000,00,2,3,18,A01
201200041835,0,02,000,00,2,3,01,B01
201200041835,0,07,000,00,2,8,15,A01
201200041836,0,07,000,00,1,1,09,A01
201200041837,0,37,001,00,1,2,01,A01
201200041838,0,07,000,00,2,1,02,A01
201200041838,0,01,000,00,2,2,02,B01
201200041839,0,07,000,00,2,3,11,A01
201200041839,0,33,000,00,2,2,11,B01
201200041840,0,32,000,16,0,8,01,A01
201200041841,0,07,000,00,2,1,02,A01
201200041841,0,32,000,00,2,4,23,B01
201200041842,0,07,000,00,0,7,01,A01
201200041843,0,07,000,00,1,7,09,A01
201200041844,0,10,000,00,1,8,00,A01
201200041845,0,32,000,00,1,1,01,A01
201200041846,0,07,000,00,1,8,15,A01
201200041847,0,07,000,00,2,2,16,B01
201200041847,0,32,000,00,2,3,18,A01
201200041848,0,07,000,01,2,3,20,A01
201200041848,0,07,000,00,2,2,01,B01
201200041848,0,07,000,00,2,6,24,C01
201200041849,0,07,000,00,2,4,01,B01
201200041849,0,30,000,00,2,1,01,A01
201200041850,0,07,000,01,2,6,24,B01
201200041850,0,07,000,00,2,3,01,C01
201200041850,0,07,000,01,2,2,01,A01
201200041851,0,07,000,00,1,1,01,A01
201200041852,0,34,000,00,2,2,01,B01
201200041852,0,07,000,00,2,3,01,A01
201200041853,0,07,000,02,0,1,01,A01
201200041854,0,07,000,00,2,1,01,B01
201200041854,0,32,000,00,2,7,01,A01
201200041855,0,32,000,00,2,1,01,A01
201200041855,0,07,000,00,2,7,01,B01
201200041856,0,10,000,00,2,2,14,A01
201200041856,0,31,000,00,2,5,01,B01
201200041857,0,01,000,00,0,0,01,A01
201200041858,0,07,000,00,1,2,01,A01
201200041859,0,07,000,00,2,2,01,A01
201200041859,0,07,000,00,2,8,01,B01
201200041860,0,32,000,00,2,8,01,B01
201200041860,0,07,000,00,2,7,01,A01
201200041861,0,07,000,00,2,2,01,B01
201200041861,0,07,000,01,2,3,16,A01
201200041862,0,34,000,00,1,1,01,A01
201200041863,0,30,000,00,0,7,01,A01
201200041864,0,07,000,00,2,4,02,B01
201200041864,0,07,000,00,2,4,02,C01
201200041864,0,10,000,00,2,1,02,A01
201200041865,0,07,000,00,1,7,21,A01
201200041866,0,32,000,00,2,1,01,B01
201200041866,0,37,005,00,2,5,15,A01
201200041867,0,01,000,00,2,1,01,A01
201200041868,0,01,000,01,0,1,17,B01
201200041868,0,10,000,00,2,3,24,A01
201200041869,0,07,000,00,1,2,01,A01
201200041870,0,07,000,00,2,6,10,A01
201200041870,0,33,000,00,2,1,01,B01
201200041871,0,32,000,00,2,1,23,B01
201200041871,0,07,000,00,2,3,01,A01
201200041872,0,32,000,00,1,2,21,A01
201200041873,0,01,000,00,2,1,02,A01
201200041873,0,07,000,00,2,4,02,B01
201200041874,0,07,000,00,1,2,01,A01
201200041875,0,07,000,00,2,3,15,A01
201200041875,0,33,000,00,0,2,01,B01
201200041876,0,32,000,16,0,8,02,A01
201200041877,0,07,000,00,2,6,15,A01
201200041877,0,32,000,00,2,3,17,B01
201200041878,0,07,000,00,2,3,15,A01
201200041878,0,32,000,00,2,1,01,B01
201200041879,0,32,000,16,0,7,01,A01
201200041880,0,07,000,00,1,1,01,A01
201200041881,0,07,000,00,2,7,01,A01
201200041881,0,07,000,00,2,1,01,B01
201200041882,1,07,000,00,1,0,15,A01
201200041883,0,07,000,00,2,6,15,B01
201200041883,0,34,000,00,2,3,02,A01
201200041884,0,07,000,00,1,4,04,A01
201200041885,0,07,000,00,1,1,01,A01
201200041886,0,07,000,00,1,1,01,A01
201200041887,0,07,000,00,1,1,01,A01
201200041888,0,07,000,00,2,4,02,C01
201200041888,0,07,000,00,2,4,02,B01
201200041888,0,07,000,00,2,1,01,A01
201200041888,0,07,000,00,2,4,02,D01
201200041889,0,07,000,00,2,4,02,B01
201200041889,0,07,000,00,2,1,01,A01
201200041890,0,34,000,00,2,7,17,B01
201200041890,0,07,000,00,2,3,15,A01
201200041891,0,30,000,00,2,1,01,B01
201200041891,0,07,000,00,2,3,15,A01
201200041892,0,34,000,00,2,1,01,A01
201200041892,0,07,000,00,2,4,02,B01
201200041893,0,07,000,00,2,3,15,A01
201200041893,0,34,000,00,2,3,01,B01
201200041894,0,07,000,00,1,1,01,A01
201200041895,0,34,000,00,0,8,01,A01
201200041896,0,07,000,00,1,1,15,A01
201200041897,0,07,000,00,2,2,10,A01
201200041897,0,33,000,00,2,1,01,B01
201200041898,0,07,000,00,2,1,19,A01
201200041898,0,07,000,00,2,8,01,B01
201200041899,1,07,000,00,1,1,00,Z01
201200041900,0,07,000,00,2,1,15,B01
201200041900,0,30,000,00,2,1,01,A01
201200041901,0,07,000,00,0,2,00,A01
201200041902,0,34,000,00,2,1,01,B01
201200041902,0,07,000,00,2,1,10,A01
201200041903,0,30,000,00,2,0,01,A01
201200041903,1,07,000,00,2,0,15,Z01
201200041904,0,01,000,00,2,8,01,A01
201200041904,0,07,000,00,2,5,15,B01
201200041905,0,07,000,01,0,2,01,A01
201200041905,0,07,000,00,0,6,23,B01
201200041906,0,01,000,00,2,7,19,A01
201200041906,0,07,000,00,2,1,01,B01
201200041907,0,07,000,00,9,5,15,A01
201200041907,0,32,000,00,2,2,01,B01
201200041908,0,07,000,00,2,1,15,A01
201200041908,0,33,000,00,2,1,01,B01
201200041909,0,07,000,04,2,6,11,A01
201200041909,0,14,000,00,2,1,01,B01
201200041910,0,34,000,00,2,1,01,B01
201200041910,1,07,000,00,2,6,09,Z01
201200041911,0,07,000,00,2,3,01,B01
201200041911,0,07,000,00,2,1,01,A01
201200041912,0,01,000,00,0,0,19,B01
201200041912,0,07,000,00,2,0,00,A01
201200041912,0,01,000,00,0,0,19,C01
201200041913,0,07,000,00,2,1,09,A01
201200041913,0,07,000,00,2,2,01,B01
201200041914,0,07,000,00,2,3,01,D01
201200041914,0,07,000,00,2,4,02,C01
201200041914,0,31,000,00,2,4,02,B01
201200041914,0,07,000,00,2,1,01,A01
201200041915,0,07,000,00,1,7,01,A01
201200041916,0,07,000,00,2,2,01,A01
201200041916,0,07,000,00,2,7,13,B01
201200041917,0,07,000,00,2,1,02,A01
201200041917,0,31,000,00,2,4,23,B01
201200041918,0,07,000,00,1,8,01,A01
201200041919,0,02,000,00,0,0,21,B01
201200041919,0,07,000,00,0,0,19,A01
201200041920,0,32,000,01,2,1,17,B01
201200041920,0,07,000,00,2,8,10,A01
201200041921,0,07,000,00,2,3,15,B01
201200041921,0,30,000,00,2,1,01,A01
201200041922,0,07,000,00,2,3,11,A01
201200041922,0,02,000,00,2,1,01,B01
201200041923,0,07,000,11,1,3,01,A01
201200041924,0,07,000,00,2,1,15,A01
201200041924,0,33,000,00,2,8,01,B01
201200041925,0,33,000,00,2,8,01,B01
201200041925,0,07,000,00,2,7,15,A01
201200041926,2,07,000,01,1,4,23,A01
201200041927,0,32,000,00,2,7,14,A01
201200041928,0,02,000,00,1,3,01,A01
201200041929,0,07,000,00,2,3,23,B01
201200041929,0,07,000,14,0,1,13,A01
201200041930,0,07,000,00,2,1,02,A01
201200041930,0,07,000,00,2,4,23,C01
201200041930,0,07,000,00,2,4,23,B01
201200041931,0,07,000,00,2,1,01,A01
201200041931,0,07,000,00,2,4,23,C01
201200041931,0,07,000,00,2,4,01,B01
201200041932,0,07,000,00,1,1,01,A01
201200041933,0,07,000,00,0,4,02,B01
201200041933,0,07,000,00,0,4,02,C01
201200041933,0,07,000,00,2,1,02,A01
201200041934,0,07,000,00,2,8,01,B01
201200041934,0,07,000,00,2,8,17,A01
201200041935,0,30,000,00,2,1,01,A01
201200041935,0,07,000,00,2,3,15,B01
201200041936,2,31,000,00,2,1,01,A01
201200041936,0,07,000,00,2,3,15,B01
201200041936,0,07,000,00,9,1,15,C01
201200041937,0,33,000,00,0,0,03,A01
201200041938,0,07,000,00,1,3,01,A01
201200041939,0,07,000,01,0,9,01,A01
201200041940,0,07,000,00,1,1,15,A01
201200041941,0,07,000,00,2,3,01,A01
201200041941,0,07,000,00,2,8,15,B01
201200041942,0,30,000,15,0,1,01,A01
201200041943,0,07,000,00,2,3,09,B01
201200041943,0,34,000,00,2,7,17,A01
201200041944,0,30,000,00,2,1,17,B01
201200041944,0,10,000,00,2,3,15,A01
201200041945,0,07,000,00,1,2,01,A01
201200041946,0,07,000,00,1,0,16,A01
201200041947,0,07,000,00,2,1,16,D01
201200041947,0,07,000,00,2,4,01,B01
201200041947,0,07,000,01,2,1,01,A01
201200041948,0,33,000,00,0,0,00,A01
201200041949,0,07,000,00,2,1,01,A01
201200041949,0,07,000,01,2,4,24,B01
201200041950,0,07,000,00,1,3,01,A01
201200041951,0,07,000,00,1,1,01,A01
201200041952,0,07,000,00,1,1,15,A01
201200041953,0,07,000,00,1,1,11,A01
201200041954,0,32,000,00,0,0,00,A01
201200041955,0,07,000,00,2,2,15,A01
201200041955,0,07,000,00,2,3,01,B01
201200041956,1,32,000,00,1,1,01,Z01
201200041957,0,07,000,00,2,1,01,A01
201200041957,0,07,000,00,2,4,23,B01
201200041958,0,32,000,00,2,1,01,A01
201200041958,0,07,000,00,2,3,15,B01
201200041959,0,32,000,00,1,7,01,A01
201200041960,0,07,000,00,1,1,01,A01
201200041961,0,30,000,00,2,1,01,B01
201200041961,0,07,000,00,2,4,23,A01
201200041962,0,07,000,00,1,3,15,A01
201200041963,0,07,000,00,1,1,01,A01
201200041964,0,30,000,00,2,1,01,A01
201200041964,0,07,000,00,2,3,15,B01
201200041965,0,33,000,00,2,1,01,B01
201200041965,0,07,000,00,2,8,15,A01
201200041966,0,10,000,00,2,1,02,A01
201200041966,0,10,000,00,2,4,01,B01
201200041967,0,07,000,00,2,2,15,A01
201200041967,0,32,000,00,2,1,01,B01
201200041968,0,07,000,00,1,1,15,A01
201200041969,1,07,000,00,1,2,01,Z01
201200041970,0,07,000,00,1,3,15,A01
201200041971,0,07,000,00,2,1,01,A01
201200041971,0,32,000,00,2,4,01,B01
201200041972,0,30,000,00,2,4,01,B01
201200041972,0,07,000,00,2,3,09,A01
201200041973,0,20,000,01,2,0,01,A01
201200041974,0,07,000,00,1,2,01,A01
201200041975,0,07,000,00,2,1,01,A01
201200041975,0,01,000,00,2,7,01,B01
201200041976,0,30,000,00,1,1,01,A01
201200041977,0,32,000,00,2,1,01,A01
201200041977,0,07,000,00,2,1,15,B01
201200041978,0,07,000,00,2,3,15,A01
201200041978,0,32,000,00,2,2,01,B01
201200041979,0,07,000,00,1,2,00,A01
201200041980,0,07,000,00,2,1,01,B01
201200041980,0,32,000,00,2,7,15,A01
201200041981,0,07,000,00,2,1,05,A01
201200041981,0,07,000,00,2,3,01,B01
201200041982,0,07,000,00,2,8,01,C01
201200041982,0,07,000,00,2,7,01,D01
201200041982,0,10,000,00,2,3,01,B01
201200041982,0,10,000,00,2,1,15,A01
201200041983,0,32,000,00,2,7,17,B01
201200041983,0,07,000,00,2,1,15,A01
201200041984,0,20,000,15,2,8,01,B01
201200041984,0,37,001,14,2,1,16,A01
201200041985,0,07,000,00,2,1,01,Z01
201200041985,0,07,000,00,2,4,01,B01
201200041986,0,07,000,01,0,1,01,A01
201200041987,0,07,000,00,2,7,15,A01
201200041987,0,34,000,00,2,1,01,B01
201200041988,0,31,000,00,2,7,01,B02
201200041988,0,07,000,03,1,1,05,A01
201200041989,0,07,000,00,2,4,02,B01
201200041989,0,07,000,00,2,1,02,A01
201200041990,0,02,000,00,2,2,12,B01
201200041990,0,07,000,00,2,3,01,A01
201200041991,0,07,000,00,2,0,01,A01
201200041992,0,10,000,01,2,1,01,A01
201200041993,0,33,000,00,2,1,01,A01
201200041994,0,02,000,00,2,1,01,A01
201200041994,0,07,000,00,2,3,15,B01
201200041995,0,07,000,00,2,3,15,A01
201200041995,0,02,000,00,2,7,17,B01
201200041996,0,33,000,08,0,1,01,A01
201200041997,0,14,000,00,2,1,01,A01
201200041997,0,07,000,00,2,4,01,C01
201200041998,0,07,000,00,2,3,01,A01
201200041998,0,07,000,00,2,8,15,B01
201200041999,0,07,000,00,2,1,15,A01
201200041999,0,32,000,00,2,8,18,B01
201200042000,0,07,000,00,2,1,01,A01
201200042000,0,07,000,00,2,4,01,B01
201200042001,0,07,000,00,1,3,01,A01
201200042002,0,33,000,00,1,1,16,A01
201200042003,2,07,000,08,2,1,01,A01
201200042003,0,07,000,00,2,4,01,B01
201200042004,0,07,000,00,2,4,01,C01
201200042004,0,07,000,00,2,4,01,B01
201200042004,0,07,000,00,2,1,01,A01
201200042005,0,07,000,00,2,3,10,A01
201200042005,0,33,000,00,2,1,01,B01
201200042006,0,07,000,00,1,1,01,A01
201200042007,0,07,000,00,2,3,16,A01
201200042007,0,33,000,00,2,1,01,B01
201200042008,0,07,000,00,2,4,23,B01
201200042008,0,07,000,00,2,5,23,D01
201200042008,0,99,000,00,2,1,01,A01
201200042008,0,07,000,00,2,4,23,C01
201200042009,0,07,000,00,1,1,01,A01
201200042010,0,33,000,00,2,1,17,A01
201200042010,0,07,000,00,2,3,09,B01
201200042011,0,33,000,00,2,1,13,A01
201200042011,0,07,000,00,2,3,01,C01
201200042011,0,07,000,00,2,8,01,B01
201200042012,0,01,000,00,2,8,01,B01
201200042012,0,07,000,00,2,1,04,A01
201200042013,0,32,000,00,2,1,02,A01