Num_Acc,senc,catv,occutc,obs,obsm,choc,manv,num_veh
201200042765,0,02,000,00,2,1,15,B01
201200042766,0,02,000,15,0,2,00,A01
201200042767,0,07,000,00,0,0,15,A01
201200042767,0,33,000,00,2,0,21,B01
201200042768,0,33,000,01,0,1,01,A01
201200042769,0,07,000,00,2,1,01,A01
201200042769,0,07,000,00,2,6,01,B01
201200042770,0,32,000,00,2,0,02,B01
201200042770,0,07,000,00,2,0,15,A01
201200042771,0,33,000,00,2,1,17,A01
201200042771,0,07,000,00,2,3,15,B01
201200042772,0,33,000,00,2,1,17,A01
201200042772,0,07,000,00,2,3,17,B01
201200042773,0,07,000,00,2,1,15,A01
201200042773,0,10,000,00,2,3,02,B01
201200042774,0,07,000,00,1,1,01,A01
201200042775,0,07,000,00,1,1,15,A01
201200042776,0,10,000,00,2,3,09,A01
201200042776,0,37,000,00,2,5,21,B01
201200042777,0,34,000,01,2,1,15,A01
201200042777,1,07,000,00,2,0,13,Z01
201200042778,0,07,000,00,1,2,01,A01
201200042779,0,32,000,00,2,1,01,B01
201200042779,0,07,000,00,2,7,15,A01
201200042780,0,07,000,00,2,1,01,A01
201200042780,0,33,000,00,2,1,15,B01
201200042781,0,33,000,00,1,1,07,A01
201200042782,0,07,000,00,2,8,01,B01
201200042782,0,37,010,00,2,1,01,A01
201200042783,0,34,000,06,0,1,16,A01
201200042784,0,30,000,00,0,0,00,A01
201200042785,0,33,000,00,0,0,17,A01
201200042786,0,33,000,00,2,1,01,B01
201200042786,0,07,000,00,2,1,15,A01
201200042787,0,32,000,00,2,1,01,B01
201200042787,0,07,000,00,2,3,15,A01
201200042788,0,34,000,00,2,1,01,B01
201200042788,1,07,000,00,2,0,16,A01
201200042789,0,07,000,00,1,8,15,A01
201200042790,0,07,000,00,2,4,23,B01
201200042790,0,07,000,00,2,1,02,A01
201200042790,0,07,000,00,2,4,23,C01
201200042791,0,32,000,00,2,1,16,B01
201200042791,0,07,000,00,2,2,15,A01
201200042792,0,07,000,00,2,1,16,A01
201200042792,0,07,000,00,2,3,01,B01
201200042793,0,07,000,09,0,1,01,A01
201200042794,0,01,000,00,2,1,00,B01
201200042794,0,14,000,00,9,6,16,A01
201200042795,0,10,000,00,2,3,15,A01
201200042795,0,01,000,00,2,1,01,B01
201200042796,0,07,000,00,2,2,15,A01
201200042796,0,32,000,00,2,3,02,B01
201200042797,0,33,000,00,2,8,02,A01
201200042797,0,07,000,00,2,4,23,B01
201200042798,0,30,000,00,2,8,01,B01
201200042798,0,07,000,00,2,1,01,A01
201200042799,0,07,000,00,2,3,01,B01
201200042799,0,07,000,00,2,3,15,A01
201200042800,0,37,001,00,2,6,23,B01
201200042800,0,99,000,00,2,1,01,A01
201200042801,0,31,000,00,1,1,01,A01
201200042802,0,14,000,00,2,3,01,B01
201200042802,0,10,000,00,2,3,13,A01
201200042803,0,07,000,00,1,3,14,A01
201200042804,0,32,000,00,2,1,01,B01
201200042804,0,10,000,00,2,6,17,A01
201200042805,0,32,000,00,1,2,01,A01
201200042806,0,30,000,00,2,1,01,A01
201200042806,0,07,000,00,2,3,01,B01
201200042807,0,34,000,00,2,6,01,B01
201200042807,0,07,000,00,2,3,01,A01
201200042808,0,07,000,00,1,0,01,A01
201200042809,0,34,000,00,2,3,01,B01
201200042809,0,07,000,00,2,6,15,A01
201200042810,0,07,000,00,2,2,15,A01
201200042810,0,32,000,00,2,1,01,B01
201200042811,0,34,000,00,1,1,01,A01
201200042812,0,31,000,00,2,8,01,B01
201200042812,0,07,000,00,2,1,15,A01
201200042813,0,07,000,00,1,3,01,A01
201200042814,0,07,000,00,1,1,15,A01
201200042815,0,07,000,00,1,3,01,A01
201200042816,0,07,000,00,1,1,01,A01
201200042817,0,07,000,00,1,1,15,A01
201200042818,0,07,000,00,1,1,16,A01
201200042819,0,32,000,00,2,1,01,B01
201200042819,0,07,000,00,2,6,10,A01
201200042820,0,01,000,01,0,1,01,B01
201200042821,0,33,000,00,2,1,01,B01
201200042821,0,10,000,00,2,3,10,A01
201200042822,0,07,000,00,9,2,01,B01
201200042822,0,01,000,00,2,3,18,A01
201200042823,0,07,000,00,1,8,23,B01
201200042823,0,07,000,00,1,2,01,A01
201200042824,0,07,000,00,2,4,01,B01
201200042824,0,10,000,00,2,1,02,A01
201200042825,0,32,000,00,1,1,01,A01
201200042826,0,14,000,00,2,6,01,B01
201200042826,0,07,000,00,2,3,13,A01
201200042827,0,07,000,00,2,6,01,B01
201200042827,0,07,000,00,2,1,05,A01
201200042828,0,33,000,00,2,1,02,B01
201200042828,0,07,000,00,2,8,09,A01
201200042829,0,32,000,00,2,1,17,A01
201200042829,0,07,000,00,2,3,15,B01
201200042830,0,07,000,01,2,1,01,B01
201200042830,0,07,000,00,2,3,13,A01
201200042831,0,32,000,00,1,7,01,A01
201200042832,0,10,000,00,2,0,15,B01
201200042832,0,33,000,00,0,0,01,A01
201200042833,0,33,000,00,2,3,01,B01
201200042833,0,07,000,00,2,2,19,A01
201200042834,1,07,000,00,2,0,15,Z01
201200042834,0,33,000,00,2,8,21,B01
201200042835,0,33,000,00,0,8,01,A01
201200042836,0,30,000,00,2,0,01,B01
201200042836,0,31,000,00,2,0,12,A01
201200042837,1,07,000,00,1,0,01,A01
201200042838,0,07,000,15,0,1,01,A01
201200042839,0,10,000,00,2,8,15,B01
201200042839,0,32,000,00,2,1,01,A01
201200042840,0,07,000,00,2,1,02,A01
201200042840,0,31,000,00,2,4,23,B01
201200042841,0,10,000,00,2,1,02,A01
201200042841,0,07,000,00,2,4,23,B01
201200042842,0,07,000,00,1,6,01,A01
201200042843,0,33,000,00,2,1,02,B01
201200042843,0,07,000,00,2,3,15,A01
201200042844,0,33,000,00,2,4,02,B01
201200042844,0,07,000,00,2,1,02,A01
201200042845,0,07,000,00,2,3,15,A01
201200042845,0,30,000,00,2,1,01,B01
201200042846,0,32,000,00,2,7,17,B01
201200042846,0,07,000,00,2,3,15,A01
201200042847,2,07,000,00,2,1,13,A01
201200042847,0,30,000,00,2,1,01,B01
201200042848,0,10,000,00,2,7,01,A01
201200042848,0,33,000,00,2,8,01,B01
201200042849,0,07,000,00,2,2,10,A01
201200042849,0,30,000,00,2,1,01,B01
201200042850,0,30,000,00,2,1,02,B01
201200042850,0,07,000,00,2,4,01,A01
201200042851,0,10,000,00,2,2,15,B01
201200042851,0,30,000,00,2,1,17,A01
201200042852,0,01,000,00,2,0,19,A01
201200042852,0,07,000,00,9,8,01,B01
201200042853,0,07,000,00,2,4,23,B01
201200042853,0,07,000,00,2,4,23,C01
201200042853,0,07,000,00,2,1,21,A01
201200042854,0,01,000,00,2,7,01,B01
201200042854,0,10,000,00,9,1,15,A01
201200042855,0,07,000,00,1,1,00,A01
201200042856,0,07,000,00,2,1,02,A01
201200042856,0,07,000,00,2,4,01,B01
201200042857,0,33,000,00,2,1,01,A01
201200042857,0,07,000,00,2,3,01,B01
201200042858,0,07,000,00,2,1,01,B01
201200042858,0,07,000,08,2,1,01,A01
201200042859,0,30,000,00,2,1,02,A01
201200042859,0,07,000,00,2,3,15,B01
201200042860,0,07,000,01,0,2,01,A01
201200042860,0,07,000,00,2,6,24,B01
201200042861,0,07,000,15,0,7,16,A01
201200042862,0,07,000,11,0,1,02,A01
201200042862,0,10,000,00,0,1,02,B01
201200042863,0,07,000,00,1,1,01,A01
201200042864,0,33,000,00,2,1,01,A01
201200042864,0,07,000,00,2,4,23,B01
201200042865,0,30,000,00,2,1,01,B01
201200042865,0,07,000,00,2,3,09,A01
201200042866,0,07,000,00,2,8,16,B01
201200042866,0,07,000,00,2,2,01,A01
201200042867,0,07,000,00,2,0,01,B01
201200042867,0,02,000,08,2,8,16,A01
201200042868,0,10,000,00,2,2,15,B01
201200042868,0,33,000,00,2,8,01,A01
201200042869,0,07,000,00,2,7,16,A01
201200042869,0,30,000,00,2,8,01,B01
201200042870,0,07,000,00,2,2,16,A01
201200042870,0,07,000,00,2,3,01,B01
201200042871,0,31,000,00,2,1,01,B01
201200042871,0,07,000,00,2,3,15,A01
201200042872,1,30,000,00,1,1,01,Z01
201200042873,0,33,000,00,2,1,01,A01
201200042874,0,33,000,00,2,8,17,A01
201200042874,0,10,000,00,2,2,01,B01
201200042875,0,07,000,00,1,1,00,A01
201200042876,0,07,000,15,0,1,01,A01
201200042877,0,37,003,00,1,3,01,A01
201200042878,0,07,000,00,2,4,01,B01
201200042878,0,33,000,00,2,1,01,A01
201200042879,0,07,000,00,2,2,01,B01
201200042879,0,07,000,00,2,3,01,A01
201200042880,0,07,000,00,2,3,01,A01
201200042880,0,07,000,00,2,1,01,B01
201200042881,0,07,000,00,1,2,01,A01
201200042882,0,07,000,00,0,3,01,A01
201200042883,0,31,000,00,2,3,01,B01
201200042883,0,07,000,00,2,3,15,A01
201200042884,0,30,000,00,1,1,21,A01
201200042885,1,30,000,00,1,0,00,Z01
201200042886,0,32,000,00,2,1,01,B01
201200042886,0,07,000,00,2,3,20,A01
201200042887,0,30,000,00,2,1,18,A01
201200042887,0,07,000,00,2,3,01,B01
201200042888,1,07,000,00,0,0,11,Z01
201200042888,0,15,000,04,0,1,21,A01
201200042889,0,07,000,00,2,1,01,A01
201200042889,0,33,000,00,2,8,15,B01
201200042890,0,07,000,00,2,3,01,B01
201200042890,0,07,000,00,2,2,04,A01
201200042891,0,07,000,00,2,1,02,A01
201200042891,0,07,000,00,2,4,23,B01
201200042892,0,31,000,00,2,1,15,B01
201200042892,0,07,000,00,2,2,01,A01
201200042893,0,07,000,00,2,4,01,A01
201200042893,0,07,000,00,2,1,02,B01
201200042894,0,31,000,00,2,4,02,B01
201200042894,0,07,000,00,2,1,02,A01
201200042895,0,07,000,00,2,7,02,B01
201200042895,0,33,000,00,2,8,02,A01
201200042896,0,07,000,00,2,0,00,B01
201200042896,2,07,000,00,2,0,00,Z01
201200042897,0,07,000,00,2,3,15,A01
201200042897,0,07,000,00,2,2,01,B01
201200042898,0,07,000,00,2,2,16,A01
201200042898,0,07,000,00,2,3,01,B01
201200042899,0,01,000,00,1,1,01,A01
201200042900,0,07,000,00,1,2,01,A01
201200042901,0,07,000,07,0,1,13,A01
201200042902,0,07,000,00,1,2,01,A01
201200042903,0,07,000,00,2,3,15,B01
201200042903,0,33,000,00,2,1,01,A01
201200042904,0,32,000,00,2,7,17,A01
201200042904,0,07,000,00,2,8,01,B01
201200042905,0,07,000,00,2,3,01,B01
201200042905,0,07,000,00,2,1,01,A01
201200042906,0,31,000,00,2,1,01,A01
201200042906,0,07,000,00,2,5,23,B01
201200042907,0,07,000,00,2,4,01,B01
201200042907,0,07,000,00,2,1,02,A01
201200042908,0,07,000,00,2,6,10,A01
201200042908,0,32,000,00,2,1,01,B01
201200042909,0,07,000,00,1,3,01,A01
201200042910,0,07,000,00,2,6,09,A01
201200042910,0,07,000,00,2,2,01,B01
201200042911,0,13,000,00,2,4,01,B01
201200042911,0,07,000,09,2,1,14,A01
201200042912,0,32,000,00,2,7,01,B01
201200042912,0,07,000,00,2,8,11,A01
201200042913,0,07,000,00,2,1,01,A01
201200042913,0,07,000,00,2,4,01,B01
201200042914,0,07,000,00,2,4,00,B01
201200042914,0,07,000,00,2,0,00,A01
201200042915,0,07,000,01,0,1,01,A01
201200042916,0,07,000,00,2,8,01,B01
201200042916,0,07,000,00,2,3,09,A01
201200042917,0,01,000,00,2,2,19,B02
201200042917,0,07,000,00,2,3,15,A01
201200042918,0,10,000,00,2,4,01,B01
201200042918,0,10,000,00,2,1,01,A01
201200042919,0,37,001,03,0,1,00,A01
201200042920,0,30,000,00,2,1,17,A01
201200042920,0,07,000,00,2,3,15,B01
201200042921,0,07,000,00,2,8,15,A01
201200042921,0,30,000,00,2,1,01,B01
201200042922,0,07,000,00,2,4,01,B01
201200042922,0,07,000,00,2,1,01,A01
201200042922,0,07,000,00,2,3,09,C01
201200042923,0,30,000,00,2,2,17,B01
201200042923,0,07,000,00,2,0,15,A01
201200042924,0,07,000,00,2,3,01,B01
201200042924,0,07,000,00,2,2,13,A01
201200042925,1,30,000,00,1,1,01,Z01
201200042926,0,07,000,05,0,1,01,A01
201200042927,0,07,000,00,2,3,23,B01
201200042927,0,30,000,00,2,1,13,A01
201200042928,0,33,000,00,2,1,01,A01
201200042928,0,07,000,00,2,4,01,C01
201200042928,0,07,000,00,2,7,01,B01
201200042929,0,07,000,00,2,1,02,A01
201200042929,0,07,000,00,2,4,15,B01
201200042930,0,07,000,00,2,7,01,A01
201200042930,0,07,000,00,2,3,01,B01
201200042931,0,07,000,00,2,8,16,B01
201200042931,0,31,000,00,2,5,18,A01
201200042932,0,07,000,00,2,1,02,A01
201200042932,0,07,000,00,2,4,23,B01
201200042933,0,33,000,00,0,0,21,A01
201200042934,0,07,000,00,2,1,01,A01
201200042934,0,07,000,00,2,4,01,B01
201200042935,0,30,000,00,2,8,01,B01
201200042935,0,07,000,00,2,2,01,A01
201200042936,0,07,000,00,1,3,01,A01
201200042937,0,07,000,00,2,7,01,A01
201200042937,0,07,000,00,2,1,01,B01
201200042938,0,31,000,00,2,8,18,B01
201200042938,0,07,000,00,2,0,12,A01
201200042939,1,10,000,00,2,0,17,Z01
201200042939,0,01,000,00,2,4,02,A01
201200042940,0,07,000,00,1,3,01,A01
201200042941,0,07,000,00,0,0,00,C01
201200042941,0,07,000,00,1,4,04,A01
201200042942,0,07,000,00,2,5,20,A01
201200042942,0,32,000,00,2,7,00,B01
201200042943,0,15,000,05,0,2,01,A01
201200042944,0,07,000,00,2,1,15,A01
201200042944,0,34,000,00,2,0,01,B01
201200042945,0,30,000,00,2,1,17,A01
201200042945,0,07,000,00,2,3,01,B01
201200042946,0,07,000,00,2,1,01,A01
201200042946,0,07,000,00,2,8,16,B01
201200042947,0,07,000,00,2,4,01,B01
201200042947,0,07,000,00,2,1,01,A01
201200042948,0,34,000,00,2,1,00,A01
201200042948,0,07,000,00,2,1,01,B01
201200042949,0,07,000,00,2,8,01,B01
201200042949,0,32,000,12,2,1,17,A01
201200042950,0,07,000,00,1,3,00,A01
201200042951,0,07,000,08,0,3,01,A01
201200042952,0,07,000,00,2,2,16,A01
201200042952,0,30,000,08,2,3,02,B01
201200042953,0,33,000,00,1,1,00,A01
201200042954,0,07,000,00,2,1,01,A01
201200042954,0,07,000,00,2,7,19,B01
201200042955,0,32,000,00,1,3,01,A01
201200042956,0,07,000,00,2,8,15,B01
201200042956,0,30,000,00,2,2,17,A01
201200042957,0,07,000,00,2,1,15,A01
201200042957,0,30,000,00,2,1,01,B01
201200042958,0,33,000,00,2,1,01,B01
201200042958,0,07,000,00,2,1,15,A01
201200042959,0,31,000,00,2,1,01,B01
201200042959,0,07,000,00,2,6,01,A01
201200042960,0,33,000,00,1,1,01,A01
201200042961,0,32,000,00,0,8,21,A01
201200042962,0,02,000,00,2,8,01,A01
201200042962,0,07,000,00,2,7,01,B01
201200042963,0,07,000,00,9,1,09,A01
201200042963,0,01,000,00,2,7,01,B01
201200042964,0,07,000,00,2,7,00,A01
201200042964,0,33,000,00,2,3,16,B01
201200042965,0,33,000,00,0,0,16,A01
201200042966,0,07,000,01,2,3,11,A01
201200042966,0,15,000,00,2,6,24,C01
201200042966,0,10,000,00,2,2,01,B01
201200042967,0,33,000,00,2,1,01,A01
201200042967,0,07,000,00,2,3,09,B01
201200042968,0,07,000,00,2,6,01,C01
201200042968,0,07,000,00,2,1,01,D01
201200042968,1,07,000,00,0,1,00,Z01
201200042968,0,07,000,00,2,4,01,B01
201200042969,0,01,000,00,2,4,13,B01
201200042969,0,32,000,00,2,1,01,A01
201200042970,0,07,000,00,1,1,15,A01
201200042971,0,10,000,00,1,3,15,A01
201200042972,0,32,000,00,2,1,18,B01
201200042972,0,07,000,00,2,7,01,A01
201200042973,0,34,000,00,0,9,01,A01
201200042974,0,32,000,00,0,0,21,B01
201200042974,0,07,000,00,0,0,15,A01
201200042975,0,07,000,00,2,3,15,A01
201200042975,0,32,000,00,2,1,17,B01
201200042976,0,33,000,00,0,0,01,A01
201200042977,0,01,000,00,0,0,01,A01
201200042978,0,07,000,00,2,8,13,A01
201200042978,0,13,000,00,2,2,01,B01
201200042979,0,37,001,00,2,1,02,A01
201200042979,0,07,000,00,2,4,02,B01
201200042980,0,30,000,00,2,1,01,A01
201200042980,0,07,000,00,2,7,01,B01
201200042981,0,30,000,00,2,8,01,A01
201200042981,0,07,000,00,2,1,15,B01
201200042982,0,07,000,00,9,9,02,A01
201200042983,1,07,000,00,1,0,00,Z01
201200042984,0,32,000,00,9,1,00,B01
201200042984,0,07,000,00,2,2,00,A01
201200042985,0,07,000,00,2,3,00,C01
201200042985,0,07,000,00,2,5,00,B01
201200042985,0,07,000,00,2,9,00,A01
201200042986,0,07,000,00,2,1,15,B01
201200042986,0,30,000,00,2,9,01,A01
201200042987,0,07,000,00,1,1,00,A01
201200042988,0,07,000,00,2,1,00,B01
201200042988,0,30,000,00,2,1,00,A01
201200042989,0,07,000,00,1,0,01,A01
201200042990,0,07,000,00,0,8,22,A01
201200042990,0,01,000,00,2,7,01,B01
201200042991,0,33,000,00,0,3,00,A01
201200042992,0,07,000,00,1,1,15,A01
201200042993,0,07,000,00,2,2,01,A01
201200042993,0,07,000,00,2,6,00,B01
201200042994,0,07,000,00,1,3,00,A01
201200042995,0,10,000,00,2,2,02,B01
201200042995,0,07,000,00,2,1,10,A01
201200042996,0,32,000,00,9,0,01,A01
201200042997,0,07,000,00,2,3,15,B01
201200042997,0,02,000,00,2,2,00,A01
201200042998,0,03,000,00,2,4,00,B01
201200042998,0,07,000,00,2,1,00,A01
201200042999,0,01,000,00,2,9,13,A01
201200042999,0,02,000,00,2,0,01,B01
201200043000,0,07,000,00,2,1,01,A01
201200043000,0,07,000,00,2,8,01,B01
201200043001,0,30,000,00,2,1,02,A01
201200043001,0,07,000,00,2,4,02,B01
201200043002,0,07,000,00,2,2,15,A01
201200043002,0,07,000,00,2,1,01,B01
201200043003,0,07,000,00,2,3,15,A01
201200043003,0,32,000,00,2,9,01,B01
201200043004,0,07,000,00,1,1,01,A01
201200043005,0,13,000,00,1,2,01,A01
201200043006,0,32,000,00,2,1,01,A01
201200043006,0,07,000,00,2,5,01,B01
201200043006,0,07,000,00,2,6,01,C01
201200043007,0,34,000,16,0,0,01,A01
201200043008,0,30,000,00,0,7,00,A01
201200043009,0,07,000,00,1,1,01,A01
201200043010,0,07,000,00,2,3,20,A01
201200043010,0,33,000,00,2,7,01,B01
201200043011,0,07,000,00,2,4,01,C01
201200043011,0,07,000,00,2,6,15,B01
201200043011,0,07,000,00,2,2,01,A01
201200043012,0,07,000,,2,1,00,A01
201200043012,0,10,000,00,2,4,01,B01
201200043013,0,33,000,00,2,1,01,B01
201200043013,0,07,000,00,2,7,01,A01
201200043014,0,33,000,00,1,1,01,A01
201200043015,0,99,000,00,2,7,01,A01
201200043015,0,34,000,00,2,1,01,B01
201200043016,0,07,000,00,2,6,12,B01
201200043016,0,30,000,00,2,7,03,A01
201200043017,0,07,000,00,1,1,17,A01
201200043018,0,07,000,00,1,6,04,A01
201200043019,0,07,000,01,2,4,01,B01
201200043019,0,07,000,00,2,1,01,A01
201200043020,0,07,000,00,2,8,15,B01
201200043020,0,33,000,00,2,1,01,A01
201200043021,0,07,000,00,2,9,02,A01
201200043021,0,13,000,00,2,1,01,B01
201200043022,0,33,000,02,2,1,02,C01
201200043022,0,34,000,00,2,1,02,A01
201200043022,0,07,000,00,2,4,02,B01
201200043023,0,07,000,00,2,7,10,A01
201200043023,0,07,000,00,2,1,01,B01
201200043024,0,01,000,01,0,1,01,B01
201200043024,0,07,000,00,9,8,22,A01
201200043025,0,07,000,00,2,2,01,B01
201200043025,0,07,000,00,2,7,15,A01
201200043026,0,32,000,00,2,6,01,B01
201200043026,0,07,000,00,2,1,01,A01
201200043027,0,10,000,00,1,5,16,A01
201200043028,0,07,000,00,1,1,01,A01
201200043029,0,07,000,00,1,1,01,A01
201200043030,0,33,000,00,2,9,01,B01
201200043030,0,07,000,00,2,1,10,A01
201200043031,0,07,000,00,2,8,10,A01
201200043031,0,32,000,00,2,1,01,B01
201200043032,0,33,000,00,1,1,01,A01
201200043033,0,07,000,00,2,1,01,A01
201200043033,0,07,000,00,2,8,19,B01
201200043034,1,07,000,00,1,3,00,Z01
201200043035,0,33,000,00,1,1,00,A01
201200043036,0,07,000,00,2,1,05,A01
201200043036,0,10,000,00,2,3,01,B01
201200043037,0,32,000,00,2,9,01,A01
201200043038,0,33,000,00,2,9,01,B01
201200043038,0,07,000,00,2,1,01,A01
201200043039,0,07,000,00,2,3,19,A01
201200043039,0,34,000,00,2,1,17,B01
201200043040,0,07,000,00,2,1,12,A01
201200043040,0,33,000,00,2,9,01,B01
201200043041,0,10,000,00,2,1,02,A01
201200043041,0,07,000,00,0,4,02,B01
201200043042,0,07,000,00,2,6,02,B01
201200043042,0,33,000,14,0,1,02,A01
201200043043,0,10,000,00,1,6,04,A01
201200043044,0,31,000,00,2,6,15,B01
201200043044,0,07,000,00,2,3,19,A01
201200043045,1,07,000,00,0,0,02,Z01
201200043045,0,07,000,00,2,6,02,B01
201200043046,0,31,000,00,9,0,21,A01
201200043047,0,02,000,00,2,1,05,B01
201200043047,0,10,000,00,2,1,05,A01
201200043048,0,10,000,00,1,1,01,A01
201200043049,1,07,000,00,1,0,01,Z01
201200043050,0,07,000,00,2,5,02,B01
201200043050,0,32,000,00,2,1,02,A01
201200043051,0,07,000,00,2,2,02,C01
201200043051,0,07,000,00,2,6,05,A01
201200043051,0,07,000,00,2,3,05,B01
201200043051,0,07,000,00,2,4,02,D01
201200043052,0,02,000,00,0,8,01,A01
201200043053,1,07,000,00,2,1,18,Z01
201200043053,0,02,000,00,2,7,01,A01
201200043054,0,31,000,00,2,8,00,A01
201200043054,0,07,000,00,2,8,02,B01
201200043054,0,07,000,01,2,3,02,C01
201200043055,0,10,000,00,2,1,01,A01
201200043055,0,07,000,00,2,4,01,B01
201200043056,0,30,000,00,2,1,14,A01
201200043056,0,07,000,00,2,8,01,B01
201200043057,0,07,000,09,,1,01,A01
201200043058,0,07,000,00,2,1,02,A01
201200043058,0,07,000,00,0,4,02,B01
201200043059,0,07,000,00,2,1,02,B01
201200043059,0,07,000,00,2,4,23,A01
201200043060,0,32,000,00,2,4,17,A01
201200043060,0,07,000,00,2,1,01,B01
201200043061,0,10,000,00,1,2,01,A01
201200043062,0,07,000,00,2,7,16,A01
201200043062,0,32,000,00,2,8,18,B01
201200043063,0,10,000,00,2,1,01,B01
201200043063,0,07,000,00,2,3,01,A01
201200043064,0,07,000,00,2,7,10,A01
201200043064,0,32,000,00,2,1,01,B01
201200043065,0,07,000,00,2,3,15,B01
201200043065,0,02,000,00,2,9,01,A01
201200043066,0,32,000,00,1,9,01,A01
201200043067,0,07,000,00,2,1,09,A01
201200043068,0,07,000,00,2,6,11,A01
201200043068,0,30,000,00,2,4,01,B01
201200043069,0,32,000,00,2,7,16,A01
201200043069,0,07,000,00,2,3,01,B01
201200043070,0,32,000,12,0,0,01,A01
201200043071,0,07,000,00,2,1,10,A01
201200043071,0,02,000,00,2,1,01,B01
201200043072,0,33,000,00,2,1,01,B01
201200043072,0,07,000,00,2,8,10,A01
201200043073,0,07,000,00,1,1,01,A01
201200043074,0,07,000,00,2,7,01,C01
201200043074,0,33,000,00,2,7,01,A01
201200043074,0,07,000,00,2,3,12,B01
201200043075,0,10,000,00,2,2,15,A01
201200043075,0,30,000,00,2,1,01,B01
201200043076,1,07,000,00,1,0,00,A01
201200043077,0,07,000,00,2,2,22,A01
201200043077,0,32,000,00,0,0,01,B01
201200043078,0,01,000,00,0,4,01,B01
201200043078,0,07,000,00,0,1,01,A01
201200043079,0,07,000,00,1,4,04,A01
201200043080,0,31,000,00,2,1,01,A01
201200043080,0,07,000,00,2,8,11,B01
201200043081,0,32,000,00,0,8,15,A01
201200043082,0,01,000,14,0,7,01,A01
201200043083,0,07,000,00,1,1,01,A01
201200043084,0,07,000,00,2,4,02,C01
201200043084,0,33,000,00,2,1,02,A01
201200043084,0,10,000,00,0,4,02,B01
201200043085,0,07,000,00,1,0,02,A01
201200043086,0,31,000,00,0,0,01,A01
201200043087,0,10,000,00,2,8,15,A01
201200043087,0,30,000,00,2,1,01,B01
201200043088,0,32,000,00,0,0,15,A01
201200043089,0,34,000,00,1,1,01,A01
201200043090,0,01,000,00,2,1,01,B01
201200043090,0,07,000,00,2,7,20,A01
201200043091,0,07,000,00,2,9,01,A01
201200043091,1,07,000,00,2,0,01,Z01
201200043092,0,07,000,00,0,4,23,C01
201200043092,0,07,000,00,2,1,02,A01
201200043092,0,07,000,00,2,4,23,B01
201200043093,0,32,000,00,1,1,21,A01
201200043094,0,32,000,00,1,1,01,A01
201200043095,0,07,000,00,2,1,01,A01
201200043095,1,07,000,01,2,0,00,Z01
201200043096,0,02,000,00,2,1,01,B01
201200043096,0,07,000,00,2,7,12,A01
201200043097,0,10,000,00,2,4,23,B01
201200043097,0,34,000,00,2,1,01,A01
201200043098,0,07,000,00,2,1,02,A01
201200043098,0,01,000,00,2,8,23,B01
201200043099,0,02,000,00,0,0,01,A01
201200043100,0,07,000,00,2,5,00,B01
201200043100,0,30,000,00,0,1,01,A01
201200043101,0,07,000,00,2,3,20,A01
201200043101,0,32,000,00,2,0,01,B01
201200043102,0,07,000,00,2,9,16,B01
201200043102,0,02,000,00,2,9,18,A01
201200043103,0,07,000,00,2,1,01,B01
201200043103,0,33,000,00,2,7,01,A01
201200043104,0,32,000,00,0,9,01,A01
201200043105,0,07,000,00,2,0,12,A01
201200043105,0,01,000,00,2,0,01,B01
201200043106,0,34,000,12,0,1,01,A01
201200043107,0,07,000,00,2,1,02,A01
201200043107,0,07,000,00,2,4,23,B01
201200043108,0,07,000,00,2,4,01,A01
201200043108,0,07,000,00,2,1,02,B01
201200043109,0,30,000,00,1,1,07,A01
201200043110,0,07,000,00,1,1,16,A01
201200043111,0,07,000,00,2,7,16,B01
201200043111,0,32,000,00,2,1,07,A01
201200043112,0,07,000,00,2,7,15,B01
201200043112,0,31,000,00,2,7,16,A01
201200043113,0,30,000,00,0,0,00,A01
201200043114,0,02,000,00,2,4,01,B01
201200043114,0,07,000,00,2,6,15,A01
201200043115,0,07,000,01,0,1,01,A01
201200043115,0,07,000,01,2,6,23,B01
201200043116,0,33,000,12,2,8,01,B01
201200043116,0,07,000,00,2,5,12,A01
201200043117,0,07,000,00,2,5,09,B01
201200043117,0,32,000,00,2,1,01,A01
201200043118,0,33,000,00,2,1,01,A01
201200043118,0,07,000,00,2,4,01,B01
201200043119,0,07,000,00,2,2,19,B01
201200043119,0,07,000,00,2,3,01,A01
201200043120,0,15,000,00,2,1,01,B01
201200043120,0,07,000,00,2,6,01,A01
201200043120,0,31,000,00,2,1,01,C01
201200043121,0,07,000,00,1,1,00,A01
201200043122,0,33,000,00,1,7,01,A01
201200043123,0,34,000,00,2,1,21,A01
201200043123,0,07,000,00,2,6,01,B01
201200043124,0,07,000,00,2,3,01,A01
201200043124,0,33,000,00,2,7,15,B01
201200043125,0,30,000,00,2,8,16,A01
201200043125,0,07,000,00,2,2,01,B01
201200043126,0,07,000,08,0,1,01,A01
201200043127,0,07,000,00,2,3,09,A01
201200043127,0,34,000,00,2,1,01,B01
201200043128,0,31,000,00,2,1,13,A01
201200043128,0,10,000,00,2,5,01,B01
201200043129,0,07,000,08,0,1,01,A01
201200043130,0,07,000,00,1,1,01,A01
201200043131,0,34,000,00,1,1,01,A01
201200043132,0,07,000,00,2,2,15,A01
201200043132,0,33,000,00,2,1,01,B01
201200043133,0,10,000,00,2,4,01,B01
201200043133,0,07,000,00,2,1,00,A01
201200043134,0,07,000,00,2,2,01,B01
201200043134,0,07,000,09,2,1,15,A01