Num_Acc,senc,catv,occutc,obs,obsm,choc,manv,num_veh
201200044283,0,10,000,00,2,3,01,A01
201200044284,0,07,000,00,1,1,02,A01
201200044285,0,10,000,01,0,2,00,D01
201200044286,0,33,000,00,2,2,01,A01
201200044286,0,07,000,00,2,3,15,B01
201200044287,0,07,000,00,0,1,00,A01
201200044287,0,07,000,00,0,1,00,B01
201200044288,0,07,000,00,2,1,11,A01
201200044288,0,07,000,00,2,3,01,B01
201200044289,0,07,000,00,0,2,10,A01
201200044289,0,33,000,00,2,1,01,B01
201200044290,0,07,000,00,0,1,00,A01
201200044291,0,07,000,00,1,3,15,A01
201200044292,0,07,000,11,0,1,06,A01
201200044293,0,07,000,00,0,2,02,B01
201200044293,0,07,000,00,0,1,15,A01
201200044294,0,07,000,00,0,2,15,A01
201200044294,0,07,000,00,2,1,01,B01
201200044295,1,07,000,00,1,1,00,Z01
201200044296,0,07,000,00,1,1,01,A01
201200044297,0,10,000,00,2,1,01,B01
201200044297,0,10,000,00,2,2,15,A01
201200044298,0,10,000,00,2,3,01,A01
201200044298,0,10,000,00,2,3,01,B01
201200044299,0,37,000,00,2,7,01,A01
201200044299,0,07,000,00,2,1,16,B01
201200044300,0,07,000,00,0,4,02,B01
201200044300,0,07,000,00,0,4,02,A01
201200044301,0,07,000,00,0,1,00,A01
201200044302,0,07,000,00,2,2,15,A01
201200044302,0,33,000,00,2,3,01,B01
201200044303,0,33,000,01,0,1,05,A01
201200044304,0,07,000,00,1,2,01,A01
201200044305,0,13,000,00,1,1,01,A01
201200044306,0,07,000,00,0,4,00,A01
201200044306,2,07,000,14,0,0,00,B01
201200044307,0,07,000,06,0,1,09,A01
201200044308,0,07,000,00,2,1,01,B01
201200044308,0,33,000,00,2,1,01,A01
201200044309,0,07,000,00,2,6,11,A01
201200044309,0,02,000,00,2,7,11,B01
201200044310,0,30,000,00,1,3,13,A01
201200044311,0,33,000,00,2,8,01,A01
201200044311,0,07,000,00,2,2,09,B01
201200044312,0,07,000,00,1,3,01,A01
201200044313,0,99,000,08,0,0,00,A01
201200044314,0,07,000,00,2,3,02,B01
201200044314,0,07,000,00,2,2,02,A01
201200044315,0,07,000,00,2,2,09,A01
201200044315,0,02,000,00,2,1,01,B01
201200044316,0,07,000,00,0,3,01,A01
201200044316,0,07,000,00,2,8,15,B01
201200044317,0,33,000,00,0,0,01,B01
201200044317,0,07,000,00,2,3,10,A01
201200044318,0,07,000,00,1,2,01,A01
201200044319,0,07,000,00,2,3,01,A01
201200044319,0,30,000,00,2,1,05,B01
201200044320,1,07,000,00,1,0,00,Z01
201200044321,0,34,000,00,2,2,01,A01
201200044321,0,07,000,00,2,3,01,B01
201200044322,0,07,000,00,2,1,02,A01
201200044322,0,07,000,00,0,4,23,B01
201200044323,0,07,000,00,0,1,02,B01
201200044323,0,07,000,00,0,7,02,A01
201200044324,0,01,000,00,2,0,02,B01
201200044324,0,07,000,00,9,2,02,A01
201200044325,0,07,000,00,1,2,01,A01
201200044326,0,07,000,08,0,1,02,A01
201200044327,0,07,000,00,2,8,05,A01
201200044327,0,33,000,00,2,1,01,B01
201200044328,0,01,000,00,2,4,13,A01
201200044328,1,07,000,00,9,0,00,B01
201200044329,0,07,000,00,2,3,01,B01
201200044329,0,07,000,00,2,2,01,A01
201200044330,0,07,000,00,2,1,02,B01
201200044330,0,07,000,00,0,4,02,A01
201200044331,0,03,000,00,2,3,15,A01
201200044331,0,31,000,00,2,8,01,B01
201200044332,0,07,000,00,0,2,00,A01
201200044333,0,07,000,00,2,0,02,B01
201200044333,0,33,000,00,2,0,02,A01
201200044334,0,07,000,00,2,1,16,B01
201200044334,0,33,000,00,2,8,14,C01
201200044334,0,07,000,00,2,3,01,A01
201200044335,0,07,000,00,1,1,00,A01
201200044336,0,07,000,00,2,4,23,B01
201200044336,0,07,000,00,2,4,23,C01
201200044336,0,10,000,00,2,1,00,A01
201200044337,0,07,000,00,0,0,00,A01
201200044337,0,36,000,00,0,0,00,B01
201200044338,0,07,000,08,9,7,06,A01
201200044339,0,01,000,00,1,0,00,A01
201200044340,0,07,000,06,2,2,01,A01
201200044340,0,07,000,00,2,1,01,B01
201200044341,0,02,000,00,2,1,02,A01
201200044341,0,07,000,00,2,2,19,B01
201200044342,0,07,000,00,2,3,01,A01
201200044342,0,07,000,00,2,8,01,B01
201200044343,0,07,000,00,2,7,01,A01
201200044343,0,07,000,00,2,1,01,B01
201200044344,0,03,000,12,0,2,00,A01
201200044345,0,07,000,00,2,3,01,A01
201200044345,0,07,000,00,2,3,01,B01
201200044346,0,14,000,00,2,3,01,A01
201200044346,0,07,000,00,0,4,15,B01
201200044347,0,17,000,00,1,1,00,A01
201200044348,0,33,000,00,2,1,03,A01
201200044348,0,10,000,00,2,1,01,C01
201200044348,0,07,000,00,2,2,09,B01
201200044349,0,10,000,00,2,8,15,A01
201200044349,0,30,000,00,2,1,17,B01
201200044350,0,07,000,01,0,1,00,A01
201200044351,1,99,000,00,2,1,00,B01
201200044351,0,07,000,00,1,1,15,A01
201200044352,0,07,000,00,2,6,01,B01
201200044352,0,07,000,00,2,2,01,A01
201200044353,0,07,000,00,2,3,16,B01
201200044353,0,07,000,00,2,3,05,C01
201200044353,0,07,000,00,2,7,01,A01
201200044354,0,07,000,00,0,3,15,A01
201200044355,0,07,000,00,2,8,00,A01
201200044355,0,33,000,00,2,2,02,B01
201200044356,0,07,000,08,2,2,10,B01
201200044356,1,07,000,00,2,0,00,Z01
201200044357,0,37,000,00,1,2,01,A01
201200044358,0,34,000,00,0,7,03,A01
201200044358,0,03,000,00,2,1,09,B01
201200044359,0,07,000,00,0,6,15,A01
201200044359,0,30,000,00,2,7,17,B01
201200044360,0,07,000,00,2,3,01,A01
201200044360,0,36,000,00,2,1,05,B01
201200044361,0,07,000,00,2,2,19,A01
201200044361,0,31,000,00,2,1,01,B01
201200044362,0,07,000,00,1,1,02,A01
201200044363,1,07,000,00,0,0,00,Z01
201200044364,0,07,000,00,0,8,15,A01
201200044364,0,13,000,00,2,2,17,B01
201200044365,1,07,000,00,1,0,00,A01
201200044366,1,07,000,00,1,1,00,A01
201200044367,0,07,000,00,0,6,00,A01
201200044367,0,30,000,00,2,1,02,B01
201200044368,0,07,000,00,1,1,01,A01
201200044369,0,07,000,00,1,1,19,A01
201200044369,0,07,000,00,2,3,00,B01
201200044370,0,07,000,00,9,5,13,A01
201200044370,0,01,000,00,2,1,01,B01
201200044371,0,07,000,00,1,2,01,A01
201200044372,0,07,000,00,1,1,00,A01
201200044373,0,07,000,00,2,6,01,B01
201200044373,0,07,000,00,2,1,00,C01
201200044373,0,33,000,00,2,1,19,A01
201200044374,0,07,000,16,0,7,00,A01
201200044375,0,07,000,06,0,1,01,A01
201200044375,0,07,000,06,0,1,01,B01
201200044376,1,10,000,00,2,1,01,A01
201200044376,0,10,000,00,2,1,01,B01
201200044377,0,30,000,00,2,1,02,A01
201200044377,0,07,000,00,0,4,02,B01
201200044378,0,10,000,00,2,4,23,A01
201200044378,0,30,000,00,2,1,02,B01
201200044379,2,07,000,00,2,1,02,A01
201200044379,0,07,000,00,2,9,02,B01
201200044379,1,07,000,00,2,0,00,Z01
201200044380,0,01,000,00,0,2,00,B01
201200044380,0,07,000,00,9,1,01,A01
201200044381,0,07,000,00,2,5,14,A01
201200044381,0,07,000,00,2,3,01,B01
201200044382,0,07,000,00,1,7,15,A01
201200044383,0,07,000,00,2,8,01,B01
201200044383,0,14,000,00,2,2,09,A01
201200044384,0,07,000,01,0,1,02,A01
201200044384,0,10,000,00,2,4,23,B01
201200044385,0,37,000,00,2,1,02,A01
201200044385,0,07,000,00,0,4,02,B01
201200044386,0,07,000,00,2,1,02,A01
201200044386,0,07,000,00,2,4,23,B01
201200044387,0,33,000,00,2,1,02,A01
201200044387,0,07,000,00,2,2,09,B01
201200044388,1,99,000,00,2,1,00,B01
201200044388,0,33,000,00,0,7,09,A01
201200044389,0,07,000,00,0,6,20,A01
201200044389,0,32,000,00,2,1,01,B01
201200044390,0,07,000,01,2,3,11,A01
201200044390,0,20,000,00,2,1,01,B01
201200044391,0,07,000,00,1,7,01,A01
201200044392,0,07,000,00,0,6,11,A01
201200044392,0,34,000,00,2,0,01,B01
201200044393,0,07,000,00,1,1,00,A01
201200044394,0,07,000,00,2,3,02,A01
201200044394,0,31,000,00,2,7,06,B01
201200044395,0,07,000,16,1,1,00,A01
201200044396,0,07,000,00,0,4,23,A01
201200044396,0,07,000,00,0,1,23,B01
201200044396,2,07,000,00,2,1,02,C01
201200044397,0,40,000,00,2,1,01,B01
201200044397,0,07,000,08,4,3,00,A01
201200044398,0,10,000,00,1,2,01,A01
201200044399,0,07,000,04,0,3,05,A01
201200044400,0,07,000,00,1,1,15,A01
201200044401,0,10,000,00,2,8,12,A01
201200044401,0,33,000,00,2,1,01,B01
201200044402,0,07,000,00,2,1,01,A01
201200044402,0,07,000,00,2,3,01,B01
201200044403,0,15,000,00,1,7,15,A01
201200044404,0,07,000,00,2,7,16,A01
201200044404,0,07,000,00,2,1,01,B01
201200044405,0,07,000,00,1,7,01,A01
201200044406,0,10,000,00,1,3,11,A01
201200044407,0,07,000,00,0,1,15,A01
201200044408,1,07,000,00,1,0,00,A01
201200044409,0,07,000,00,0,6,15,A01
201200044409,0,02,000,00,2,1,01,B01
201200044410,0,10,000,00,1,1,00,A01
201200044411,0,07,000,00,2,9,01,A01
201200044411,0,07,000,00,2,1,01,B01
201200044412,0,07,000,00,1,2,16,A01
201200044413,0,07,000,00,1,3,02,A01
201200044414,0,33,000,00,2,2,01,A01
201200044414,1,10,000,00,2,6,01,Z01
201200044415,0,07,000,00,1,5,00,A01
201200044416,0,10,000,01,1,3,00,A01
201200044417,0,33,000,00,2,1,01,A01
201200044417,0,07,000,00,0,3,00,E01
201200044417,0,33,000,14,2,1,01,B01
201200044417,0,07,000,00,0,7,01,C01
201200044417,0,07,000,00,0,0,00,D01
201200044418,0,07,000,00,1,1,02,A01
201200044419,0,32,000,00,0,1,01,A01
201200044419,0,07,000,00,0,5,01,B01
201200044420,0,07,000,00,2,1,15,A01
201200044420,0,07,000,00,0,0,00,C01
201200044420,0,07,000,00,2,1,15,B01
201200044421,0,30,000,00,2,1,01,A01
201200044421,0,07,000,00,2,6,01,B01
201200044422,0,07,000,00,0,0,10,A01
201200044422,0,30,000,00,2,1,00,B01
201200044423,0,07,000,00,0,4,02,A01
201200044423,1,07,000,00,2,0,02,B01
201200044424,0,07,000,00,2,1,15,A01
201200044424,0,07,000,00,2,1,00,B01
201200044425,0,07,000,00,2,2,01,A01
201200044425,0,02,000,00,2,1,01,B01
201200044426,0,07,000,14,0,1,02,A01
201200044427,0,37,001,00,1,6,01,A01
201200044428,0,07,000,00,1,2,01,A01
201200044429,1,07,000,00,1,0,00,A01
201200044430,0,07,000,00,1,2,01,A01
201200044431,0,07,000,00,1,1,00,A01
201200044432,0,07,000,00,2,4,02,C01
201200044432,0,07,000,00,0,4,02,D01
201200044432,0,07,000,00,2,4,02,B01
201200044432,0,07,000,00,2,1,02,A01
201200044433,0,10,000,00,2,0,15,A01
201200044433,0,02,000,00,2,2,15,B02
201200044434,0,07,000,00,2,8,01,A01
201200044434,0,07,000,00,2,1,01,B01
201200044435,0,99,000,00,2,1,02,A01
201200044435,0,07,000,00,2,3,02,B01
201200044436,1,99,000,00,0,0,00,B01
201200044436,0,32,000,00,2,3,18,A01
201200044437,1,30,000,00,1,0,00,A01
201200044438,0,07,000,00,2,3,01,A01
201200044438,0,07,000,00,2,2,15,B01
201200044439,0,07,000,00,0,1,01,B01
201200044439,2,07,000,00,2,1,13,A01
201200044440,0,07,000,00,1,2,00,A01
201200044441,0,10,000,00,1,7,02,A01
201200044442,1,07,000,00,1,5,01,Z01
201200044443,0,07,000,00,2,4,02,A01
201200044443,0,32,000,00,2,1,02,B01
201200044444,2,02,000,00,1,1,00,A01
201200044445,0,07,000,00,0,0,00,A01
201200044445,0,07,000,00,0,0,00,B01
201200044446,1,07,000,00,1,0,00,Z01
201200044447,0,10,000,00,2,1,05,A01
201200044448,0,34,000,00,1,1,01,A01
201200044449,0,14,000,00,1,8,01,A01
201200044450,0,10,000,00,0,4,04,A01
201200044451,0,33,000,01,0,1,02,A01
201200044451,0,30,000,00,0,4,23,B01
201200044452,0,07,000,01,0,1,01,A01
201200044453,1,07,000,00,0,0,00,Z01
201200044453,0,07,000,00,0,1,01,A01
201200044453,0,15,000,00,2,1,01,B01
201200044454,2,01,000,00,1,0,01,Z01
201200044455,0,30,000,00,0,7,01,A01
201200044456,0,07,000,00,1,1,01,A01
201200044457,0,14,000,00,1,5,04,A01
201200044458,0,07,000,00,2,2,09,A01
201200044458,0,07,000,00,2,3,01,B01
201200044459,0,30,000,12,0,2,00,A01
201200044460,0,10,000,00,1,1,01,A01
201200044461,0,37,003,00,1,7,02,A01
201200044462,0,30,000,00,0,0,00,A01
201200044463,0,33,000,12,0,1,18,A01
201200044464,0,07,000,00,1,1,01,A01
201200044465,0,37,000,00,1,2,01,A01
201200044466,0,07,000,00,2,1,01,A01
201200044466,0,14,000,00,2,8,01,B01
201200044467,0,07,000,00,1,3,01,A01
201200044468,0,02,000,00,0,3,01,A01
201200044469,0,07,000,00,0,1,01,A01
201200044469,0,07,000,00,0,8,02,B01
201200044470,0,07,000,00,2,1,02,A01
201200044470,0,07,000,00,2,4,02,B01
201200044470,0,07,000,01,2,4,02,C01
201200044470,0,07,000,00,2,4,02,D01
201200044471,0,07,000,00,0,1,11,B01
201200044471,0,07,000,00,0,4,01,A01
201200044472,0,07,000,12,0,2,14,A01
201200044473,0,07,000,00,2,6,09,A01
201200044473,0,15,000,00,0,2,01,C01
201200044473,0,07,000,00,2,7,01,B01
201200044474,0,07,000,00,0,1,13,A01
201200044474,0,07,000,00,2,3,01,B01
201200044474,0,07,000,00,2,1,01,C01
201200044475,0,07,000,00,1,1,01,A01
201200044476,0,33,000,00,0,1,01,B01
201200044476,0,07,000,00,0,2,09,A01
201200044477,0,07,000,00,1,3,00,A01
201200044478,0,10,000,00,2,2,02,A01
201200044478,0,34,000,00,2,0,02,B01
201200044479,0,30,000,00,2,1,01,A01
201200044479,0,07,000,00,2,5,15,B01
201200044480,0,07,000,00,1,1,00,A01
201200044481,0,37,000,00,0,2,01,A01
201200044482,0,07,000,00,0,2,01,A01
201200044483,0,07,000,00,2,7,02,A01
201200044483,0,30,000,00,0,7,00,B01
201200044484,0,07,000,00,1,2,01,A01
201200044485,0,07,000,00,2,1,01,A01
201200044485,0,14,000,00,0,5,01,B01
201200044486,0,07,000,01,0,1,02,A01
201200044487,0,07,000,00,0,2,16,A01
201200044487,0,07,000,00,0,3,16,B01
201200044488,0,07,000,00,2,2,01,A01
201200044488,2,02,000,00,2,8,01,B01
201200044489,0,07,000,00,2,1,06,A01
201200044489,0,07,000,00,2,1,14,B01
201200044490,0,07,000,00,1,2,01,A01
201200044491,0,07,000,00,0,3,00,B01
201200044491,0,07,000,00,0,1,10,A01
201200044492,0,33,000,00,2,2,01,A01
201200044492,1,10,000,00,2,0,00,Z01
201200044493,0,07,000,00,0,5,09,A01
201200044493,0,34,000,00,2,3,15,B01
201200044494,0,33,000,00,1,1,02,A01
201200044495,0,32,000,00,0,1,01,A01
201200044495,0,07,000,00,0,2,16,B01
201200044496,0,07,000,00,2,6,19,A01
201200044496,0,07,000,00,2,1,00,B01
201200044497,0,30,000,00,1,1,02,A01
201200044498,0,07,000,00,0,0,24,A01
201200044499,0,32,000,00,2,9,01,B01
201200044499,1,07,000,00,2,3,15,A01
201200044500,0,10,000,00,2,1,01,A01
201200044500,0,30,000,00,2,1,01,B01
201200044501,0,07,000,00,2,8,01,A01
201200044501,0,07,000,00,2,1,01,B01
201200044502,0,07,000,00,1,8,01,A01
201200044503,0,07,000,00,1,1,01,A01
201200044504,0,33,000,00,2,1,01,A01
201200044504,0,07,000,00,2,3,11,B01
201200044505,0,07,000,00,2,3,01,A01
201200044505,0,32,000,00,2,2,03,B01
201200044506,0,07,000,00,2,2,01,A01
201200044506,0,07,000,00,2,3,09,B01
201200044507,0,32,000,00,2,1,02,B01
201200044507,0,07,000,00,2,2,09,A01
201200044508,0,07,000,00,2,1,15,A01
201200044508,0,33,000,00,2,8,01,B01
201200044509,0,34,000,08,0,1,02,A01
201200044510,0,07,000,00,2,8,00,A01
201200044510,0,33,000,00,2,1,00,B01
201200044511,0,15,000,00,2,1,01,C01
201200044511,0,07,000,06,2,5,16,A01
201200044511,0,07,000,00,2,2,01,B01
201200044512,0,30,000,00,0,8,15,A01
201200044513,0,32,000,00,1,3,01,A01
201200044514,0,07,000,00,2,1,01,B01
201200044514,0,07,000,00,2,3,00,A01
201200044515,0,07,000,00,2,2,01,A01
201200044515,0,07,000,01,2,3,16,B01
201200044516,0,33,000,00,2,2,02,A01
201200044516,0,10,000,00,2,3,10,B01
201200044517,0,07,000,00,1,1,01,A01
201200044518,0,07,000,01,0,3,10,A01
201200044518,0,07,000,01,2,2,17,B01
201200044519,0,07,000,00,2,3,01,B01
201200044519,0,07,000,00,2,2,09,A01
201200044520,0,35,000,00,2,1,01,A01
201200044520,0,07,000,00,2,3,10,B01
201200044521,0,07,000,00,1,1,02,A01
201200044522,0,13,000,08,0,1,00,A01
201200044523,0,30,000,00,2,2,17,A01
201200044523,0,10,000,00,2,8,15,B01
201200044524,0,33,000,12,0,1,00,A01
201200044525,0,33,000,00,2,1,00,A01
201200044525,0,07,000,00,2,1,01,B01
201200044526,0,33,000,00,2,8,00,B01
201200044526,0,07,000,00,0,0,15,A01
201200044527,0,31,000,00,1,1,03,A01
201200044528,0,07,000,00,1,4,23,A01
201200044529,0,31,000,00,2,2,17,A01
201200044529,0,07,000,00,2,3,15,B01
201200044530,0,07,000,00,1,2,01,A01
201200044531,0,07,000,00,2,1,01,B01
201200044531,0,07,000,00,0,7,15,A01
201200044532,1,07,000,00,1,1,00,A01
201200044533,0,30,000,15,0,1,00,A01
201200044534,0,31,000,00,2,3,01,B01
201200044534,0,07,000,00,2,2,12,A01
201200044535,0,10,000,00,0,7,01,B01
201200044535,0,10,000,00,0,3,09,A01
201200044536,0,10,000,00,0,7,01,A01
201200044536,0,07,000,00,0,3,01,B01
201200044537,0,07,000,00,1,6,04,A01
201200044538,0,07,000,00,2,4,02,C01
201200044538,0,07,000,00,2,1,02,A01
201200044538,0,10,000,00,2,4,02,B01
201200044539,0,07,000,00,2,1,01,A01
201200044539,0,07,000,00,2,8,01,B01
201200044540,0,33,000,00,2,8,01,B01
201200044540,0,07,000,08,2,2,01,A01
201200044541,0,33,000,00,2,1,00,B01
201200044541,0,07,000,00,2,3,10,A01
201200044542,0,07,000,00,0,0,00,A01
201200044543,0,07,000,00,1,8,01,A01
201200044544,0,10,000,00,1,7,02,A01
201200044545,0,33,000,01,0,1,14,A01
201200044545,0,07,000,00,2,6,24,B01
201200044546,0,07,000,00,2,1,02,A01
201200044546,0,07,000,00,0,4,02,B01
201200044547,0,07,000,00,2,7,16,A01
201200044547,0,07,000,12,2,3,16,B01
201200044548,0,10,000,00,1,1,01,A01
201200044549,0,01,000,00,2,3,02,A01
201200044549,1,07,000,00,2,5,23,Z01
201200044550,0,33,000,00,1,1,01,A01
201200044551,0,07,000,00,2,2,10,A01
201200044551,0,31,000,00,2,1,01,B01
201200044552,0,07,000,00,2,2,10,A01
201200044552,0,30,000,00,2,1,01,B01
201200044553,0,07,000,00,0,8,01,A01
201200044553,0,07,000,00,2,8,09,B01
201200044554,0,07,000,00,2,3,01,A01
201200044554,0,34,000,00,2,5,15,B01
201200044555,0,07,000,00,2,1,01,A01
201200044555,0,07,000,00,0,2,01,B01
201200044556,0,10,000,00,0,6,15,A01
201200044556,0,34,000,00,2,1,17,B01
201200044557,0,02,000,00,1,1,17,A01
201200044558,2,07,000,01,2,7,01,A01
201200044558,0,07,000,00,2,1,01,B01
201200044559,0,07,000,00,2,1,00,A01
201200044559,0,07,000,00,2,7,01,B01
201200044560,0,07,000,00,1,1,01,A01
201200044561,0,07,000,00,1,2,01,A01
201200044562,0,07,000,00,2,2,01,A01
201200044562,0,07,000,00,2,3,09,B01
201200044563,2,07,000,00,2,1,01,A01
201200044563,0,07,000,00,0,3,01,C01
201200044563,0,07,000,00,0,6,09,B01
201200044564,0,07,000,00,2,1,02,A01
201200044564,0,07,000,00,2,4,02,B01
201200044565,2,07,000,06,0,2,00,A01
201200044566,0,07,000,09,2,5,15,A01
201200044566,0,10,000,00,2,2,01,B01
201200044567,0,07,000,00,0,2,15,A01
201200044568,0,03,000,14,0,1,00,A01
201200044569,0,07,000,01,0,2,01,A01
201200044570,0,07,000,00,1,6,04,A01
201200044571,0,07,000,02,2,3,01,B01
201200044571,0,07,000,00,2,2,00,A01
201200044572,0,03,000,00,2,3,22,A01
201200044572,0,01,000,01,0,1,02,B01
201200044573,0,07,000,00,1,3,01,A01
201200044574,0,07,000,00,2,1,02,A01
201200044574,0,10,000,00,2,8,09,B01
201200044575,0,10,000,00,1,7,01,A01
201200044576,0,07,000,01,0,3,02,A01
201200044577,0,01,000,00,1,1,05,A01
201200044578,0,07,000,00,9,3,15,A01
201200044578,0,01,000,00,2,1,01,B01
201200044579,0,07,000,00,2,1,00,A01
201200044579,0,07,000,00,2,1,00,B01
201200044580,0,07,000,00,1,3,01,A01
201200044581,0,07,000,00,1,1,01,A01
201200044582,0,33,000,00,2,1,01,A01
201200044582,0,07,000,00,2,2,15,B01
201200044583,0,33,000,00,2,7,05,A01
201200044583,0,07,000,00,2,6,15,B01
201200044584,0,34,000,00,1,3,01,A01
201200044585,0,07,000,00,1,1,01,A01
201200044586,0,37,000,00,1,2,00,A01
201200044587,0,01,000,00,2,1,15,A01
201200044587,0,07,000,00,2,1,01,B01
201200044588,0,07,000,00,2,1,01,A01
201200044588,0,07,000,00,2,1,01,B01
201200044589,0,07,000,00,2,2,15,A01
201200044589,0,07,000,00,2,1,01,B01
201200044590,0,07,000,00,2,3,15,B01
201200044590,0,03,000,00,2,3,01,A01
201200044591,0,32,000,00,0,0,00,B01
201200044591,0,14,000,00,0,0,10,A01
201200044592,0,07,000,00,2,3,10,A01
201200044592,0,33,000,00,2,1,17,B01
201200044593,0,07,000,00,0,2,01,A01
201200044594,0,07,000,00,2,1,05,A01
201200044594,0,10,000,00,2,7,01,B01
201200044595,0,07,000,00,1,2,17,A01
201200044596,0,33,000,00,2,8,09,A01
201200044596,0,33,000,00,2,1,01,B01
201200044597,0,31,000,00,2,1,17,A01
201200044597,0,32,000,00,2,8,15,B01
201200044598,0,07,000,00,2,1,01,A01
201200044598,0,07,000,00,2,8,01,B01
201200044599,0,07,000,00,2,3,02,A01
201200044599,0,07,000,00,0,5,11,B01
201200044600,0,32,000,00,2,1,05,A01
201200044600,0,07,000,00,2,6,02,B01
201200044601,0,10,000,00,1,2,02,A01
201200044602,0,30,000,00,1,2,00,A01
201200044603,0,07,000,00,1,1,15,A01
201200044604,0,30,000,00,2,2,02,A01
201200044604,0,07,000,00,2,6,11,B01
201200044605,0,07,000,00,2,3,09,A01
201200044605,0,31,000,00,2,1,01,B01
201200044606,0,07,000,00,2,1,01,A01
201200044606,0,07,000,00,2,5,01,B01
201200044607,0,07,000,00,2,3,09,A01
201200044607,0,07,000,00,2,4,14,B01
201200044608,0,30,000,00,2,0,13,B01
201200044608,0,07,000,00,2,1,09,A01
201200044609,0,10,000,00,2,5,01,B01
201200044609,0,32,000,00,2,1,01,A01
201200044610,0,07,000,09,0,1,06,A01
201200044611,0,07,000,00,2,7,15,B01
201200044611,0,07,000,00,2,3,01,A01
201200044612,0,07,000,00,0,3,01,B01
201200044612,0,07,000,00,0,3,15,A01
201200044613,0,07,000,00,1,7,01,A01
201200044614,0,07,000,00,0,2,01,A01
201200044615,0,07,000,00,0,4,01,A01
201200044615,0,10,000,00,2,1,01,B01
201200044616,0,01,000,00,2,1,00,B01
201200044616,0,07,000,00,2,1,00,A01
201200044617,0,07,000,00,2,1,01,A01
201200044617,0,14,000,00,2,4,02,B01
201200044618,1,07,000,00,1,3,15,A01
201200044619,0,07,000,00,0,1,02,A01
201200044620,1,32,000,00,0,0,00,A01
201200044621,0,07,000,00,2,1,00,A01
201200044621,0,07,000,00,2,3,00,B01
201200044622,0,07,000,00,2,3,09,A01
201200044622,0,32,000,00,2,8,01,B01
201200044623,0,32,000,00,2,1,01,A01
201200044624,0,07,000,00,2,0,09,A01
201200044624,0,10,000,00,2,3,01,B01
201200044625,0,07,000,00,0,8,02,B01
201200044625,0,02,000,00,0,2,06,A01
201200044626,0,37,000,00,2,3,01,A01
201200044626,0,07,000,00,2,2,01,B01
201200044627,0,07,000,00,1,1,01,A01
201200044628,0,07,000,00,0,0,00,A01
201200044629,0,01,000,00,2,3,19,A01
201200044629,0,07,000,00,0,8,00,B01
201200044630,0,30,000,00,2,0,00,Z01
201200044630,0,07,000,00,2,1,01,A01
201200044631,0,33,000,00,1,3,01,A01
201200044632,0,30,000,00,2,4,15,B01
201200044632,0,07,000,00,2,1,01,A01
201200044633,0,07,000,00,2,5,00,A01
201200044633,0,07,000,00,2,2,02,B01
201200044633,0,07,000,00,2,3,01,C01
201200044634,0,30,000,00,0,0,01,A01
201200044635,0,32,000,00,0,1,01,B01
201200044635,0,07,000,00,0,2,10,A01
201200044636,0,07,000,01,0,3,15,A01
201200044636,0,33,000,00,2,1,01,B01
201200044637,0,01,000,00,2,2,15,B01
201200044637,0,07,000,00,9,3,01,A01
201200044638,0,07,000,00,2,2,09,A01
201200044638,0,30,000,00,2,7,16,B01
201200044639,0,07,000,00,1,3,00,A01
201200044640,0,33,000,00,2,1,01,B01
201200044640,0,07,000,00,0,6,10,A01
201200044641,0,07,000,12,2,8,21,A01
201200044642,0,34,000,00,2,1,03,A01
201200044642,0,07,000,00,0,3,06,B01
201200044643,1,07,000,00,0,1,01,Z01
201200044643,0,07,000,00,2,4,01,A01
201200044644,0,99,000,00,1,1,15,A01
201200044645,0,99,000,05,2,7,02,A01
201200044645,0,99,000,05,2,1,02,B01
201200044646,0,99,000,00,2,1,09,A01
201200044646,0,03,000,00,2,2,01,B01
201200044647,2,07,000,15,0,7,01,A01
201200044648,0,07,000,00,0,5,23,B01
201200044648,0,99,000,00,2,1,18,A01
201200044649,0,10,000,00,2,1,01,A01
201200044649,0,10,000,00,2,5,00,B01
201200044650,0,07,000,00,2,1,01,A01
201200044650,0,02,000,00,2,4,02,B01
201200044651,0,07,000,00,2,1,01,B01
201200044651,0,07,000,00,2,2,01,A01
201200044652,0,99,000,00,1,1,02,A01
201200044653,1,07,000,00,1,2,01,Z01
201200044654,0,03,000,00,2,1,17,A01
201200044654,0,07,000,00,9,1,02,B01
201200044655,0,02,000,00,2,3,02,A01
201200044655,0,07,000,00,2,2,02,B01
201200044656,0,33,000,00,5,1,01,A01
201200044657,0,07,000,00,1,1,15,A01
201200044658,0,99,000,00,2,1,02,A01
201200044658,0,99,000,00,2,9,02,B01
201200044658,0,07,000,00,2,4,02,C01
201200044659,0,07,000,00,2,2,01,A01
201200044659,0,99,000,00,2,3,01,B01
201200044660,0,07,000,00,2,7,15,A01
201200044660,0,02,000,00,2,0,01,B01
201200044661,0,07,000,00,0,5,15,A01
201200044661,0,30,000,00,2,1,01,B01
201200044662,0,07,000,08,0,2,01,A01
201200044663,0,01,000,00,2,4,01,A01
201200044663,1,07,000,00,2,0,00,Z01
201200044664,0,07,000,00,1,2,16,A01
201200044665,0,07,000,00,1,8,09,A01
201200044666,0,07,000,00,2,2,01,B01
201200044666,0,32,000,00,2,3,01,A01
201200044667,0,07,000,00,2,1,02,A01
201200044667,0,07,000,00,2,4,01,B01
201200044668,0,07,000,00,1,1,01,A01