Num_Acc,senc,catv,occutc,obs,obsm,choc,manv,num_veh
201200045057,0,07,000,00,2,1,02,A01
201200045057,0,07,000,00,0,4,23,B01
201200045058,0,07,000,15,2,1,01,A01
201200045058,0,07,000,00,2,1,15,B01
201200045059,0,13,000,00,2,1,01,A01
201200045059,0,07,000,00,0,4,02,B01
201200045060,0,30,000,00,2,2,01,B01
201200045060,0,30,000,00,2,1,01,A01
201200045061,0,10,000,00,2,4,04,A01
201200045061,0,01,000,00,0,1,02,B01
201200045062,0,33,000,00,2,8,21,B01
201200045062,0,07,000,00,2,7,15,A01
201200045063,0,07,000,00,2,1,02,A01
201200045063,0,07,000,00,0,4,23,B01
201200045064,0,10,000,00,2,2,01,A01
201200045064,0,01,000,00,0,8,11,B01
201200045065,0,07,000,00,1,1,01,A01
201200045066,0,07,000,00,1,1,01,A01
201200045067,0,07,000,00,0,1,01,B01
201200045067,0,07,000,00,2,2,01,A01
201200045068,0,07,000,00,0,8,15,B01
201200045068,0,34,000,00,2,8,17,A01
201200045069,0,07,000,15,0,4,02,B01
201200045069,0,07,000,14,2,1,02,A01
201200045070,0,07,000,00,2,4,02,B01
201200045070,0,07,000,00,2,1,02,A01
201200045071,0,07,000,00,1,3,01,A01
201200045072,0,07,000,12,0,3,02,A01
201200045073,0,07,000,00,2,1,01,A01
201200045073,0,07,000,00,2,1,01,B01
201200045074,0,07,000,00,0,6,02,A01
201200045074,0,01,000,00,2,1,02,B01
201200045075,0,07,000,06,0,2,01,A01
201200045076,0,07,000,00,0,4,02,B01
201200045076,0,07,000,00,2,1,02,A01
201200045077,0,07,000,00,1,1,01,A01
201200045078,0,10,000,00,2,1,01,A01
201200045078,0,33,000,00,2,4,23,B01
201200045078,0,07,000,00,2,4,23,C01
201200045079,0,01,000,00,2,1,01,A01
201200045079,0,07,000,00,2,5,16,B01
201200045080,0,07,000,01,0,8,24,D01
201200045080,0,07,000,00,2,2,20,B01
201200045080,0,07,000,01,2,2,01,A01
201200045080,0,07,000,00,2,2,24,C01
201200045081,0,07,000,12,0,3,00,A01
201200045081,1,07,000,00,2,3,01,Z01
201200045082,0,07,000,00,2,4,02,B01
201200045082,1,07,000,00,2,1,02,Z01
201200045083,0,33,000,00,2,1,01,A01
201200045083,0,07,000,00,2,3,01,B01
201200045084,0,14,000,00,2,1,09,A01
201200045084,0,07,000,00,0,6,01,B01
201200045085,0,07,000,00,2,2,11,A01
201200045085,0,07,000,00,2,3,01,B01
201200045086,0,07,000,00,0,4,02,A01
201200045086,0,31,000,00,2,1,02,B01
201200045087,2,10,000,00,2,1,02,A01
201200045087,0,07,000,00,0,6,23,B01
201200045088,0,07,000,00,1,6,15,A01
201200045089,0,02,000,00,2,1,17,A01
201200045089,0,07,000,00,2,1,01,B01
201200045089,0,07,000,00,2,3,01,C01
201200045090,0,07,000,00,1,1,01,A01
201200045091,0,07,000,00,2,2,15,B01
201200045091,0,33,000,00,2,1,01,A01
201200045092,0,07,000,00,2,1,02,A01
201200045092,0,07,000,00,2,9,02,B01
201200045092,0,07,000,00,0,4,02,C01
201200045093,0,07,000,00,2,2,15,A01
201200045093,0,07,000,00,2,3,01,B01
201200045094,0,07,000,00,2,3,15,A01
201200045094,0,33,000,00,2,1,17,B01
201200045095,0,15,000,01,0,2,00,A01
201200045095,0,07,000,00,0,3,16,B01
201200045096,0,07,000,00,2,1,21,A01
201200045096,1,02,000,00,0,0,05,Z01
201200045097,0,07,000,00,2,6,01,B01
201200045097,1,07,000,00,2,2,02,Z01
201200045098,0,33,000,00,2,6,10,A01
201200045098,0,07,000,00,2,6,15,B01
201200045099,2,07,000,15,0,1,01,A01
201200045100,0,37,001,00,1,1,00,A01
201200045101,0,07,000,00,1,7,01,B01
201200045102,0,07,000,00,2,1,02,A01
201200045102,0,07,000,00,2,4,02,B01
201200045102,0,07,000,00,2,4,02,C01
201200045102,0,07,000,00,2,4,01,D01
201200045103,0,07,000,00,1,2,01,A01
201200045104,0,07,000,00,2,2,12,A01
201200045104,0,07,000,00,2,6,01,B01
201200045105,0,10,000,00,1,1,01,A01
201200045106,0,07,000,00,1,3,01,A01
201200045107,0,37,002,00,2,2,01,B01
201200045107,0,07,000,00,2,3,16,A01
201200045108,0,07,000,00,2,3,13,A01
201200045108,0,30,000,00,2,7,17,B01
201200045109,0,07,000,00,2,8,01,B01
201200045109,0,07,000,00,2,1,01,A01
201200045110,0,07,000,00,2,1,01,A01
201200045110,0,07,000,00,2,3,01,B01
201200045111,0,99,000,00,2,3,01,A01
201200045111,0,07,000,04,2,1,13,B01
201200045112,0,07,000,00,2,2,15,A01
201200045112,0,07,000,00,2,2,01,B01
201200045113,0,37,036,00,0,2,01,A01
201200045114,0,07,000,00,1,1,16,A01
201200045115,0,07,000,00,2,6,24,A01
201200045115,0,17,000,01,0,5,15,B01
201200045116,0,33,000,00,2,1,02,A01
201200045116,0,07,000,00,2,4,01,B01
201200045117,0,30,000,00,0,1,02,A01
201200045117,0,10,000,00,0,3,00,B01
201200045118,0,10,000,00,1,4,04,A01
201200045119,0,07,000,16,0,1,16,A01
201200045120,0,37,006,00,1,2,16,A01
201200045121,0,07,000,00,2,1,02,A01
201200045121,0,07,000,00,2,4,01,B01
201200045122,0,07,000,10,0,3,00,A01
201200045123,0,33,000,00,1,0,19,A01
201200045124,0,07,000,00,1,2,02,A01
201200045125,0,14,000,00,1,2,00,A01
201200045126,0,07,000,00,2,4,16,B01
201200045126,0,07,000,02,2,1,16,A01
201200045127,0,32,000,00,2,3,01,B01
201200045127,0,07,000,00,2,3,05,A01
201200045128,0,07,000,00,2,1,02,A01
201200045128,0,07,000,00,2,4,02,B01
201200045128,0,07,000,00,2,4,01,C01
201200045129,0,07,000,00,2,3,00,A01
201200045129,0,07,000,00,2,1,00,B01
201200045130,0,03,000,00,0,1,00,A01
201200045131,0,07,000,00,2,3,16,A01
201200045131,0,07,000,00,0,3,23,B01
201200045132,0,07,000,00,2,3,09,B01
201200045132,0,07,000,00,2,2,00,A01
201200045133,0,07,000,00,2,7,01,A01
201200045133,0,07,000,00,2,1,01,B01
201200045134,0,02,000,00,2,0,00,A01
201200045135,0,07,000,00,2,1,09,A01
201200045135,0,02,000,00,0,7,01,B01
201200045136,0,33,000,00,2,1,00,B01
201200045136,0,07,000,00,2,2,00,A01
201200045137,0,07,000,00,1,8,01,A01
201200045138,0,07,000,00,2,1,21,B01
201200045138,0,10,000,06,2,2,19,A01
201200045139,0,07,000,00,1,1,01,A01
201200045140,0,33,000,00,2,1,02,B01
201200045140,0,07,000,00,2,6,11,A01
201200045141,0,32,000,00,0,8,00,A01
201200045141,0,33,000,00,0,0,00,B01
201200045142,0,07,000,00,1,1,00,A01
201200045143,0,07,000,00,1,8,01,A01
201200045144,0,07,000,00,2,1,01,B01
201200045144,0,07,000,00,2,7,15,A01
201200045145,0,07,000,00,2,3,02,B01
201200045145,0,07,000,00,2,1,16,A01
201200045146,0,07,000,09,0,1,00,A01
201200045147,0,07,000,00,1,2,09,A01
201200045148,0,30,000,00,1,0,02,A01
201200045149,0,07,000,00,1,1,01,A01
201200045150,0,33,000,00,2,1,01,A01
201200045150,0,07,000,00,2,6,02,B01
201200045151,0,07,000,12,0,2,16,A01
201200045152,0,01,000,00,0,0,00,A01
201200045153,0,02,000,00,0,3,00,A01
201200045154,0,30,000,00,2,8,01,B01
201200045154,0,07,000,00,2,5,16,A01
201200045155,0,07,000,00,2,2,02,A01
201200045155,0,02,000,00,0,4,11,B01
201200045156,0,07,000,00,2,2,01,A01
201200045156,0,07,000,00,2,2,01,B01
201200045157,0,07,000,00,0,5,02,B01
201200045157,0,33,000,00,2,1,02,A01
201200045158,0,07,000,04,0,3,01,A01
201200045159,0,07,000,01,0,2,00,A01
201200045159,0,07,000,00,0,6,00,B01
201200045160,0,30,000,00,2,1,15,A01
201200045160,0,33,000,00,2,3,01,B01
201200045161,0,07,000,00,2,1,05,A01
201200045161,0,07,000,00,2,3,05,B01
201200045162,0,33,000,00,1,2,02,A01
201200045163,0,02,000,00,2,2,01,A01
201200045163,0,07,000,00,2,6,01,B01
201200045164,0,07,000,00,2,2,09,A01
201200045164,0,07,000,02,0,6,09,B01
201200045165,0,33,000,00,0,1,00,A01
201200045165,1,07,000,00,0,3,15,B01
201200045166,0,30,000,00,2,9,02,A01
201200045166,0,07,000,00,2,1,02,B01
201200045167,0,01,000,00,0,1,00,A01
201200045167,0,33,000,00,0,1,00,B01
201200045168,0,07,000,00,1,3,01,A01
201200045169,0,03,000,02,0,3,16,B01
201200045169,0,33,000,00,0,5,01,A01
201200045170,0,37,001,00,2,2,01,B01
201200045170,0,07,000,08,2,1,16,A01
201200045171,0,07,000,00,0,2,00,A01
201200045172,0,07,000,00,1,2,00,B01
201200045173,0,10,000,00,2,5,01,B01
201200045173,0,07,000,00,2,5,01,C01
201200045173,0,07,000,00,2,4,01,D01
201200045173,0,37,000,00,2,1,01,A01
201200045174,0,32,000,00,2,3,18,A01
201200045174,0,07,000,00,2,5,01,B01
201200045175,0,07,000,00,2,5,02,B01
201200045175,0,07,000,00,2,3,16,A01
201200045176,0,37,000,00,1,0,02,A01
201200045177,0,07,000,00,0,8,15,B01
201200045177,0,33,000,00,0,0,17,A01
201200045178,0,07,000,00,9,1,01,A01
201200045178,0,01,000,00,2,9,19,B01
201200045179,0,07,000,00,0,1,01,A01
201200045179,0,01,000,00,0,8,01,B01
201200045180,0,07,000,00,1,3,01,A01
201200045181,0,14,000,00,2,3,09,A01
201200045181,0,07,000,00,2,3,09,B01
201200045182,0,07,000,00,1,1,01,A01
201200045183,0,07,000,00,2,3,01,A01
201200045183,0,10,000,00,2,2,01,B01
201200045184,1,99,000,00,0,0,00,A01
201200045185,1,07,000,00,1,1,01,Z01
201200045186,0,01,000,00,2,8,09,A01
201200045186,0,32,000,00,2,8,01,B01
201200045187,0,30,000,00,2,0,21,A01
201200045187,0,07,000,00,0,0,20,B01
201200045188,0,07,000,00,2,1,02,A01
201200045188,0,07,000,00,2,4,01,B01
201200045189,0,99,000,00,2,7,17,B01
201200045189,0,10,000,00,2,8,15,A01
201200045190,0,07,000,00,2,4,23,A01
201200045190,0,07,000,00,2,4,23,B01
201200045190,0,07,000,00,2,1,02,C01
201200045191,0,31,000,12,0,7,01,A01
201200045192,0,34,000,00,0,8,01,A01
201200045193,0,33,000,00,2,7,01,A01
201200045193,0,07,000,00,2,1,15,B01
201200045194,0,07,000,08,0,1,00,A01
201200045195,0,37,030,00,2,2,01,A01
201200045195,0,07,000,00,2,3,10,B01
201200045196,0,07,000,00,1,1,02,A01
201200045197,0,07,000,00,1,2,01,A01
201200045198,0,40,000,00,1,2,01,A01
201200045199,0,33,000,00,2,1,02,A01
201200045200,0,07,000,00,1,3,01,A01
201200045201,0,07,000,00,2,7,01,A01
201200045201,0,32,000,00,2,1,01,B01
201200045202,0,07,000,00,2,1,01,A01
201200045202,0,07,000,00,0,4,01,B01
201200045203,0,07,000,00,2,6,23,B01
201200045203,0,07,000,00,2,5,17,A01
201200045204,0,07,000,00,1,0,00,A01
201200045205,0,07,000,00,1,1,00,A01
201200045206,0,33,000,00,0,7,00,A01
201200045207,0,07,000,00,1,2,01,A01
201200045208,0,32,000,00,2,1,02,B01
201200045208,0,07,000,00,2,3,09,A01
201200045209,0,07,000,00,0,3,09,A01
201200045209,0,07,000,00,0,2,05,B01
201200045210,0,07,000,00,2,7,01,A01
201200045210,0,01,000,00,2,1,15,B01
201200045211,0,34,000,00,2,1,01,B01
201200045211,0,07,000,00,2,2,10,A01
201200045212,0,07,000,00,0,4,23,A01
201200045212,0,07,000,00,2,1,16,B01
201200045213,0,07,000,00,2,2,15,A01
201200045213,0,01,000,00,2,1,01,B01
201200045214,0,07,000,00,1,2,02,A01
201200045215,0,07,000,00,1,1,00,A01
201200045216,0,07,000,00,1,2,16,A01
201200045217,0,32,000,00,2,1,02,A01
201200045217,0,07,000,00,2,7,09,B01
201200045218,0,30,000,00,2,4,02,A01
201200045218,0,10,000,00,2,1,02,B01
201200045219,0,07,000,00,2,7,10,A01
201200045219,0,33,000,00,2,1,01,B01
201200045220,0,07,000,00,2,1,02,A01
201200045220,0,07,000,00,0,4,23,B01
201200045221,0,33,000,00,2,1,02,B01
201200045221,0,07,000,00,2,3,00,C01
201200045221,0,07,000,00,2,4,15,A01
201200045222,0,07,000,00,9,3,11,A01
201200045222,0,01,000,00,2,8,01,B01
201200045223,0,07,000,00,2,8,01,B01
201200045223,0,07,000,00,2,1,01,A01
201200045224,0,30,000,00,2,1,01,A01
201200045224,0,07,000,00,2,8,15,B01
201200045225,0,07,000,00,1,1,01,A01
201200045226,0,07,000,00,2,1,13,B01
201200045226,0,37,030,00,2,1,01,A01
201200045227,1,07,000,00,2,1,11,B01
201200045227,0,02,000,00,2,1,00,A01
201200045228,0,07,000,00,2,1,01,A01
201200045228,0,07,000,00,2,8,01,B01
201200045229,2,07,000,02,0,1,00,A01
201200045230,0,07,000,00,2,1,01,A01
201200045230,0,07,000,00,0,4,23,C01
201200045230,0,99,000,00,2,4,23,B01
201200045231,0,07,000,00,2,5,12,B01
201200045231,0,02,000,00,0,5,01,A01
201200045232,0,07,000,00,2,1,01,A01
201200045232,0,07,000,00,2,8,16,B01
201200045233,0,07,000,00,9,4,02,A01
201200045233,0,01,000,00,0,4,02,B01
201200045234,0,07,000,00,1,0,00,A01
201200045235,1,07,000,00,1,1,02,Z01
201200045236,0,07,000,02,0,1,13,A01
201200045237,0,07,000,00,2,1,00,A01
201200045237,0,07,000,00,0,1,00,B01
201200045237,0,07,000,00,2,1,02,C01
201200045238,0,07,000,00,2,8,15,B01
201200045238,0,32,000,00,2,1,01,A01
201200045239,1,13,000,00,1,2,12,Z01
201200045240,0,07,000,00,0,3,17,A01
201200045240,0,07,000,00,2,3,01,B01
201200045240,0,37,000,00,0,3,02,C01
201200045241,0,07,000,00,2,1,11,A01
201200045241,0,13,000,00,2,2,19,B01
201200045242,0,07,000,00,2,7,01,A01
201200045242,0,07,000,00,2,1,01,B01
201200045243,0,34,000,15,0,8,01,A01
201200045244,0,34,000,00,0,7,01,A01
201200045245,0,07,000,01,0,1,00,A01
201200045245,0,07,000,01,0,3,00,B01
201200045246,0,30,000,00,1,1,01,A01
201200045247,0,07,000,00,2,5,22,A01
201200045247,0,02,000,01,0,1,01,B01
201200045248,0,30,000,00,2,1,00,B01
201200045248,0,07,000,00,2,7,15,A01
201200045249,0,99,000,00,0,1,01,B01
201200045249,0,07,000,00,0,2,19,A01
201200045250,0,07,000,00,1,1,10,A01
201200045251,0,07,000,00,2,4,09,A01
201200045251,0,34,000,00,2,1,21,B01
201200045252,0,10,000,15,0,4,02,B01
201200045252,0,30,000,00,2,1,02,A01
201200045253,0,07,000,00,0,2,02,A01
201200045254,0,07,000,15,2,3,01,A01
201200045254,0,37,001,00,2,2,15,B01
201200045255,0,07,000,01,2,1,01,A01
201200045255,0,10,000,01,2,3,01,B01
201200045256,0,32,000,00,2,8,01,B01
201200045256,0,10,000,00,2,2,10,A01
201200045257,0,33,000,12,2,2,01,A01
201200045257,1,07,000,00,0,0,10,B01
201200045258,0,37,025,00,1,7,07,A01
201200045259,0,07,000,00,2,7,15,A01
201200045259,0,30,000,00,2,1,01,B01
201200045260,0,07,000,00,1,3,01,A01
201200045261,0,07,000,00,2,2,16,A01
201200045261,0,30,000,00,2,1,18,B01
201200045262,0,07,000,00,1,1,01,A01
201200045263,0,02,000,00,1,7,02,A01
201200045264,0,07,000,01,0,0,00,Z01
201200045265,0,07,000,00,1,0,04,A01
201200045266,0,07,000,00,1,1,11,A01
201200045267,0,07,000,00,2,3,11,A01
201200045267,0,30,000,00,2,1,01,B01
201200045268,0,02,000,00,2,1,01,A01
201200045268,0,07,000,00,0,0,00,B01
201200045269,0,34,000,00,0,9,02,A01
201200045270,0,10,000,00,1,1,01,A01
201200045271,0,31,000,00,2,7,02,A01
201200045271,0,10,000,00,2,8,15,B01
201200045272,0,07,000,00,2,7,17,A01
201200045273,0,07,000,01,0,1,14,A01
201200045274,0,32,000,00,2,8,00,B01
201200045274,0,07,000,00,2,3,00,A01
201200045275,0,07,000,00,1,1,00,A01
201200045276,0,07,000,00,2,7,00,B01
201200045276,0,30,000,00,2,3,00,A01
201200045277,0,07,000,00,0,2,00,A01
201200045277,0,31,000,00,2,1,00,B01
201200045278,1,30,000,00,1,0,01,Z01
201200045279,1,07,000,00,2,3,11,Z01
201200045279,0,32,000,00,2,1,02,A01
201200045280,0,07,000,00,0,4,02,A01
201200045280,1,07,000,00,0,1,02,B01
201200045281,0,34,000,00,1,1,02,A01
201200045282,0,02,000,00,2,1,05,A01
201200045282,0,10,000,00,2,5,01,B01
201200045283,0,07,000,00,2,1,01,A01
201200045283,0,07,000,00,2,7,01,B01
201200045284,0,07,000,00,2,1,02,A01
201200045284,0,07,000,00,2,4,02,B01
201200045284,0,07,000,00,2,4,02,C01
201200045285,0,07,000,00,1,1,02,A01
201200045286,1,07,000,00,1,1,01,Z01
201200045287,0,10,000,00,2,6,15,A01
201200045287,0,30,000,00,2,1,01,B01
201200045288,0,07,000,00,0,7,15,A01
201200045288,0,33,000,00,2,1,18,B01
201200045289,0,07,000,00,0,4,02,B01
201200045289,0,07,000,00,0,1,16,A01
201200045290,0,07,000,00,0,6,15,A01
201200045290,0,33,000,00,2,1,00,B01
201200045291,0,07,000,15,1,3,00,A01
201200045292,0,07,000,00,0,7,00,A01
201200045293,0,07,000,01,0,0,10,A01
201200045294,0,07,000,00,2,1,02,A01
201200045294,0,34,000,00,0,4,16,B01
201200045295,0,07,000,09,2,1,09,B01
201200045295,1,99,000,00,2,8,09,A01
201200045296,0,07,000,00,2,3,00,A01
201200045296,0,02,000,00,2,0,00,B01
201200045297,0,07,000,00,1,1,01,A01
201200045298,0,07,000,00,1,3,01,A01
201200045299,0,07,000,00,1,1,01,A01
201200045300,0,07,000,06,0,4,02,B01
201200045300,0,07,000,00,2,1,17,A01
201200045301,0,07,000,00,1,2,02,A01
201200045302,0,07,000,00,0,8,22,A01
201200045302,0,01,000,01,0,1,22,B01
201200045303,1,30,000,00,2,0,01,A01
201200045303,0,07,000,00,2,8,02,B01
201200045304,0,02,000,00,1,2,01,A01
201200045305,0,07,000,00,2,1,02,B01
201200045305,0,07,000,00,2,2,17,A01
201200045306,0,07,000,00,2,8,13,B01
201200045306,0,32,000,00,2,8,01,A01
201200045307,0,07,000,00,2,3,02,A01
201200045307,0,30,000,00,2,9,02,B01
201200045308,0,32,000,00,0,3,00,B01
201200045308,0,07,000,00,0,3,10,A01
201200045309,0,30,000,00,2,7,17,B01
201200045309,0,07,000,00,0,6,01,A01
201200045310,0,07,000,00,1,1,01,A01
201200045311,0,10,000,00,1,4,04,A01
201200045312,0,07,000,00,2,8,11,A01
201200045312,0,38,001,00,2,1,01,B01
201200045312,1,07,000,00,0,0,00,C01
201200045313,0,07,000,00,1,3,01,A01
201200045314,0,32,000,00,2,1,01,A01
201200045314,0,07,000,00,2,3,09,B01
201200045315,0,07,000,00,1,1,00,A01
201200045316,0,07,000,00,1,3,15,A01
201200045317,1,32,000,00,1,0,00,Z01
201200045317,0,07,000,00,1,3,00,B01
201200045318,0,13,000,00,0,4,23,A01
201200045318,0,34,000,00,2,1,02,B01
201200045319,0,07,000,00,0,2,15,A01
201200045319,0,32,000,00,2,1,01,B01
201200045320,0,31,000,00,2,8,01,B01
201200045320,0,10,000,00,2,2,16,A01
201200045321,0,15,000,00,0,0,00,A01
201200045321,0,34,000,00,0,0,00,B01
201200045322,0,10,000,00,1,1,01,A01
201200045323,0,07,000,01,0,2,02,A01
201200045324,0,10,000,00,1,2,01,A01
201200045325,0,07,000,01,2,1,01,B01
201200045325,0,02,000,00,2,7,01,A01
201200045326,0,07,000,00,2,2,10,A01
201200045326,0,33,000,00,2,1,01,B01
201200045327,0,07,000,00,2,1,02,A01
201200045327,0,07,000,00,2,4,23,B01
201200045328,0,30,000,00,2,7,03,A01
201200045328,0,07,000,00,2,1,09,B01
201200045329,0,02,000,00,2,2,15,A01
201200045329,0,07,000,00,2,3,01,B01
201200045330,0,07,000,00,2,3,11,A01
201200045330,0,33,000,00,2,2,02,B01
201200045331,0,33,000,00,0,7,01,A01
201200045331,1,07,000,00,0,0,15,Z01
201200045332,0,30,000,00,2,1,02,A01
201200045332,0,07,000,00,2,4,01,B01
201200045333,0,32,000,00,0,7,01,A01
201200045334,0,07,000,00,2,1,13,A01
201200045334,0,07,000,00,2,1,23,B01
201200045335,0,07,000,00,1,1,01,A01
201200045336,0,02,000,00,2,1,01,B01
201200045336,0,07,000,00,2,3,01,A01
201200045337,0,07,000,00,2,1,02,A01
201200045337,0,07,000,00,2,4,01,B01
201200045338,0,07,000,00,1,1,15,A01
201200045339,0,07,000,00,1,1,02,A01
201200045340,0,07,000,00,1,2,16,A01
201200045341,0,30,000,00,2,1,17,A01
201200045341,0,30,000,00,0,8,15,B01
201200045342,0,30,000,00,0,4,15,A01
201200045342,1,07,000,00,2,0,00,B01
201200045343,0,07,000,00,2,5,02,A01
201200045343,0,07,000,00,2,3,13,B01
201200045344,0,07,000,00,2,1,02,A01
201200045344,0,07,000,00,2,3,09,B01
201200045345,0,07,000,01,0,5,04,A01
201200045346,0,99,000,00,2,7,19,B01
201200045346,0,07,000,00,2,7,16,A01
201200045347,0,34,000,01,0,1,13,A01
201200045348,0,07,000,00,2,3,13,A01
201200045348,0,07,000,00,2,3,01,B01
201200045349,0,30,000,15,0,1,01,A01
201200045350,0,07,000,00,2,1,15,A01
201200045350,0,07,000,00,2,3,01,B01
201200045351,0,07,000,00,2,1,01,A01
201200045351,0,07,000,00,2,7,01,B01
201200045352,0,07,000,00,2,4,01,B01
201200045352,0,07,000,00,2,1,01,C01
201200045352,0,07,000,00,0,4,01,A01
201200045353,0,31,000,00,0,0,01,B01
201200045353,0,07,000,00,0,0,01,A01
201200045354,0,07,000,00,2,2,09,A01
201200045354,0,33,000,01,2,1,01,B01
201200045355,0,07,000,00,2,1,01,B01
201200045355,0,07,000,00,2,8,01,A01
201200045356,0,07,000,00,2,1,01,B01
201200045356,0,07,000,00,2,2,01,A01
201200045357,0,07,000,00,2,1,01,A01
201200045357,0,07,000,00,2,3,16,B01
201200045358,0,07,000,00,1,1,01,A01
201200045359,0,07,000,09,0,7,01,A01
201200045359,0,07,000,00,0,2,15,B01
201200045360,0,31,000,00,2,1,02,A01
201200045360,0,07,000,00,0,4,23,B01
201200045361,0,07,000,00,0,2,01,A01
201200045361,0,07,000,00,0,1,01,B01
201200045362,0,33,000,00,1,1,01,A01
201200045363,0,33,000,00,2,1,01,B01
201200045363,0,10,000,00,2,8,15,A01
201200045364,0,07,000,00,0,1,01,A01
201200045364,0,07,000,01,0,2,01,B01
201200045365,0,07,000,15,2,3,01,B01
201200045365,0,07,000,15,2,2,01,A01
201200045366,0,07,000,00,1,1,00,A01
201200045367,0,07,000,00,2,2,01,B01
201200045367,0,07,000,00,2,1,01,A01
201200045368,0,07,000,01,2,7,01,B01
201200045368,0,07,000,00,0,1,01,A01
201200045369,0,07,000,01,1,2,15,A01
201200045370,0,07,000,00,2,1,10,A01
201200045370,0,07,000,00,2,7,01,B01
201200045371,0,07,000,00,1,7,01,A01
201200045372,0,07,000,00,2,1,13,A01
201200045372,0,20,000,00,2,3,01,B01
201200045373,0,30,000,00,1,8,01,A01
201200045374,0,10,000,00,9,3,01,A01
201200045374,0,01,000,00,2,1,01,B01
201200045375,0,03,000,00,0,0,01,A01
201200045376,0,07,000,15,0,1,01,A01
201200045377,0,33,000,00,2,8,18,A01
201200045377,0,07,000,00,2,2,16,B01
201200045378,0,01,000,00,1,1,01,A01
201200045379,0,07,000,00,2,1,01,A01
201200045379,0,10,000,00,2,4,01,B01
201200045380,0,30,000,00,2,1,01,B01
201200045380,0,07,000,00,0,3,01,A01
201200045381,0,07,000,00,2,2,01,B01
201200045381,0,07,000,00,2,3,16,A01
201200045382,0,07,000,06,0,1,16,A01
201200045383,0,02,000,00,2,1,01,A01
201200045383,0,07,000,00,0,3,19,B01
201200045384,0,07,000,00,2,1,01,B01
201200045384,0,07,000,00,2,8,01,A01
201200045385,0,07,000,00,1,3,09,A01
201200045386,0,07,000,00,2,3,21,A01
201200045386,0,07,000,00,2,1,01,B01
201200045387,0,07,000,00,2,7,19,A01
201200045387,0,32,000,00,2,1,01,B01
201200045388,0,10,000,00,1,1,02,A01
201200045389,0,07,000,00,1,3,01,A01
201200045390,0,07,000,00,2,9,02,A01
201200045390,0,07,000,00,2,3,02,B01
201200045390,0,07,000,00,0,3,01,C01
201200045390,0,07,000,00,0,3,01,D01
201200045391,0,07,000,00,2,1,01,A01
201200045391,0,07,000,00,0,4,23,B01
201200045391,1,99,000,00,0,4,23,Z01
201200045392,0,07,000,00,2,1,02,A01
201200045392,0,07,000,00,2,4,02,B01
201200045393,0,07,000,00,2,4,23,B01
201200045393,0,10,000,00,2,1,01,A01
201200045394,0,07,000,00,1,1,01,A01
201200045395,0,40,000,00,1,2,02,A01
201200045396,0,07,000,00,1,1,01,A01
201200045397,0,07,000,00,2,3,01,B01
201200045397,0,07,000,00,2,7,01,A01
201200045398,0,30,000,00,9,6,02,A01
201200045398,0,20,000,00,2,0,15,B01
201200045399,0,07,000,00,1,1,01,A01
201200045400,0,07,000,00,1,4,20,A01
201200045401,0,33,000,00,0,0,01,A01
201200045402,0,33,000,00,2,1,01,A01
201200045402,0,07,000,00,2,6,02,B01
201200045403,0,07,000,00,2,1,01,A01
201200045403,0,07,000,00,2,1,13,B01
201200045404,0,07,000,00,2,1,01,A01
201200045404,0,07,000,00,2,3,01,B01
201200045405,0,07,000,00,1,1,01,A01
201200045406,0,07,000,00,2,1,02,A01
201200045406,0,07,000,00,2,4,02,B01
201200045407,0,07,000,01,0,1,21,A01
201200045408,0,07,000,00,2,6,01,B01
201200045408,0,07,000,00,2,1,01,A01
201200045409,0,07,000,00,2,3,02,A01
201200045409,0,07,000,00,2,7,00,B01
201200045410,0,07,000,00,1,2,01,A01
201200045411,0,07,000,00,2,1,01,A01
201200045411,0,07,000,00,2,3,09,B01
201200045412,0,32,000,00,2,1,01,B01
201200045412,0,07,000,00,2,2,15,A01
201200045413,0,07,000,00,1,1,09,A01
201200045414,0,07,000,00,1,2,01,A01
201200045415,0,07,000,15,1,2,02,A01
201200045415,0,07,000,00,2,1,02,B01
201200045416,0,07,000,00,1,1,09,A01
201200045417,0,07,000,00,1,6,01,A01
201200045418,0,07,000,06,0,1,00,A01
201200045419,0,07,000,00,1,2,01,A01
201200045420,0,07,000,01,0,1,15,A01
201200045420,0,07,000,00,2,1,24,B01
201200045421,0,07,000,00,2,1,01,A01
201200045421,0,07,000,00,2,4,01,B01
201200045422,0,33,000,00,0,1,01,A01
201200045423,0,07,000,00,1,1,01,A01
201200045424,0,30,000,00,0,1,01,A01
201200045425,0,07,000,00,1,6,01,A01
201200045426,1,07,000,00,1,1,00,A01
201200045427,0,07,000,00,2,1,15,A01
201200045427,0,32,000,00,2,1,01,B01
201200045428,0,07,000,00,2,1,20,B01
201200045428,0,07,000,00,2,1,18,A01
201200045428,0,07,000,00,2,1,20,C01
201200045428,0,13,000,00,0,0,03,D01
201200045429,0,10,000,00,2,1,01,A01
201200045429,0,07,000,00,2,6,00,B01
201200045430,0,07,000,00,2,1,01,B01
201200045430,0,07,000,00,2,1,01,C01
201200045430,0,07,000,00,2,4,15,A01
201200045431,0,07,000,00,1,1,20,A01
201200045432,0,07,000,00,2,1,23,A01
201200045432,0,30,000,00,2,1,01,B01
201200045433,0,07,000,00,1,1,01,A01
201200045434,0,10,000,00,2,2,13,A01
201200045434,0,30,000,00,2,4,10,B01