Num_Acc,senc,catv,occutc,obs,obsm,choc,manv,num_veh
201200047640,0,07,000,00,2,4,01,B01
201200047641,0,07,000,08,0,3,01,A01
201200047642,0,10,000,00,1,4,04,A01
201200047643,0,07,000,00,2,1,02,A01
201200047643,0,34,000,00,2,4,01,B01
201200047644,0,33,000,00,0,1,01,A01
201200047645,0,07,000,00,1,1,01,A01
201200047646,0,33,000,12,0,7,01,A01
201200047647,0,07,000,00,2,1,01,B01
201200047647,0,07,000,00,2,8,10,A01
201200047648,0,10,000,00,2,1,09,A01
201200047648,0,01,000,00,2,4,01,B01
201200047649,0,10,000,00,2,2,01,B01
201200047649,0,07,000,00,2,3,09,A01
201200047650,0,07,000,00,2,1,00,A01
201200047650,0,07,000,00,0,7,01,B01
201200047651,1,07,000,00,2,1,02,Z01
201200047651,0,07,000,00,0,4,02,A01
201200047652,0,32,000,00,2,1,02,A01
201200047652,0,33,000,00,2,4,01,B01
201200047653,0,30,000,00,0,0,01,A01
201200047654,0,33,000,00,2,7,02,A01
201200047654,0,07,000,00,2,6,01,B01
201200047655,0,14,000,00,2,1,02,A01
201200047655,0,07,000,00,2,4,01,B01
201200047656,0,07,000,00,1,2,01,A01
201200047657,0,07,000,00,2,3,01,B01
201200047657,0,07,000,00,2,3,01,C01
201200047657,0,07,000,00,2,3,01,A01
201200047658,0,07,000,00,2,1,02,A01
201200047658,0,07,000,00,2,4,01,B01
201200047659,0,07,000,00,2,1,02,A01
201200047659,0,07,000,00,2,4,23,B01
201200047660,0,07,000,00,2,7,12,A01
201200047660,0,33,000,00,2,8,01,B01
201200047661,0,10,000,00,1,1,01,A01
201200047662,0,07,000,03,0,1,02,A01
201200047663,1,07,000,00,2,7,15,Z01
201200047663,0,33,000,00,2,0,00,B01
201200047664,0,10,000,00,2,1,15,A01
201200047664,0,32,000,00,2,7,15,B01
201200047665,0,07,000,00,1,1,01,A01
201200047666,0,34,000,00,2,2,01,A01
201200047666,0,07,000,00,2,3,01,B01
201200047667,0,02,000,00,0,0,01,A01
201200047668,0,07,000,00,0,1,00,A01
201200047669,0,07,000,00,0,1,01,A01
201200047670,0,33,000,00,1,1,17,A01
201200047671,1,30,000,00,1,1,03,Z01
201200047672,0,33,000,00,9,8,01,A01
201200047673,0,07,000,00,2,5,11,A01
201200047673,0,33,000,00,2,3,01,B01
201200047674,0,07,000,00,2,1,02,A01
201200047674,0,07,000,00,0,5,02,B01
201200047675,0,03,000,00,2,4,01,B01
201200047675,0,07,000,00,2,1,02,A01
201200047676,0,07,000,00,2,4,02,B01
201200047676,0,07,000,00,2,1,02,A01
201200047677,0,07,000,00,2,1,02,A01
201200047677,0,07,000,00,2,4,02,B01
201200047678,0,07,000,00,0,3,01,A01
201200047678,1,07,000,00,2,3,05,Z01
201200047679,0,07,000,00,2,7,15,B01
201200047679,0,02,000,00,2,1,01,A01
201200047680,0,07,000,00,1,3,01,A01
201200047681,0,31,000,00,1,1,01,A01
201200047682,0,07,000,01,0,2,01,A01
201200047683,0,07,000,00,1,7,01,A01
201200047684,0,07,000,00,2,3,15,A01
201200047684,0,31,000,00,2,3,01,B01
201200047685,0,31,000,00,1,1,01,A01
201200047686,0,07,000,00,1,3,01,A01
201200047687,0,37,001,00,1,2,01,A01
201200047688,0,07,000,00,2,1,15,A01
201200047688,0,02,000,00,2,6,01,B01
201200047689,0,07,000,00,1,4,04,A01
201200047690,0,07,000,00,2,7,22,A01
201200047690,0,01,000,01,0,1,17,B01
201200047691,0,07,000,00,2,5,15,A01
201200047691,0,34,000,00,2,2,01,B01
201200047692,0,07,000,01,0,7,01,A01
201200047693,0,32,000,00,1,1,01,A01
201200047694,1,07,000,00,1,0,00,A01
201200047695,0,07,000,00,1,2,01,A01
201200047696,0,37,001,00,1,0,09,A01
201200047697,1,07,000,00,1,1,00,Z01
201200047698,0,07,000,00,1,1,01,A01
201200047699,0,32,000,00,2,7,01,A01
201200047699,0,07,000,00,0,6,01,B01
201200047700,0,07,000,00,2,2,15,B01
201200047700,0,33,000,00,2,1,01,A01
201200047701,0,34,000,00,2,1,01,A01
201200047701,0,07,000,00,2,3,09,B01
201200047702,0,15,000,00,0,4,00,A01
201200047702,0,07,000,00,2,3,00,B01
201200047703,0,07,000,00,2,3,15,B01
201200047703,0,30,000,00,2,2,01,A01
201200047704,0,30,000,00,1,1,01,A01
201200047705,0,07,000,00,1,3,01,A01
201200047706,0,07,000,00,1,1,16,A01
201200047707,0,01,000,00,1,1,01,A01
201200047708,0,07,000,00,9,3,00,A01
201200047708,0,01,000,01,0,1,00,B01
201200047709,0,01,000,01,0,0,00,B01
201200047709,0,07,000,01,0,6,24,A01
201200047710,0,32,000,00,2,1,01,A01
201200047710,0,07,000,00,2,5,15,B01
201200047711,0,31,000,00,2,1,01,B01
201200047711,0,07,000,00,2,1,15,A01
201200047712,0,10,000,00,1,3,01,A01
201200047713,0,07,000,00,0,2,00,A01
201200047713,0,01,000,00,0,1,00,B01
201200047714,0,32,000,00,2,3,15,B01
201200047714,0,07,000,00,2,2,01,A01
201200047715,0,31,000,00,2,0,02,B01
201200047715,0,07,000,00,0,8,15,A01
201200047716,0,07,000,15,0,1,01,A01
201200047717,0,33,000,00,1,3,01,A01
201200047718,0,30,000,00,1,1,00,A01
201200047719,0,07,000,00,2,1,01,A01
201200047719,0,30,000,00,2,8,15,B01
201200047720,0,33,000,00,1,1,01,A01
201200047721,0,01,000,01,0,1,21,B01
201200047721,0,07,000,00,9,3,22,A01
201200047722,0,07,000,00,2,7,16,A01
201200047722,0,32,000,00,2,8,18,B01
201200047723,0,10,000,00,2,3,01,A01
201200047723,0,07,000,00,2,6,15,B01
201200047724,0,07,000,00,2,3,15,A01
201200047724,0,32,000,00,2,7,00,B01
201200047725,0,07,000,00,2,7,01,A01
201200047725,0,07,000,00,2,2,01,B01
201200047726,0,01,000,00,2,5,12,B01
201200047726,0,31,000,01,2,3,01,A01
201200047727,0,07,000,00,2,2,01,A01
201200047727,0,02,000,00,0,1,01,B01
201200047728,0,01,000,00,1,1,00,A01
201200047729,0,33,000,08,0,1,01,A01
201200047730,0,10,000,00,1,4,04,A01
201200047731,0,07,000,00,1,1,15,A01
201200047732,0,07,000,00,1,1,00,A01
201200047733,0,10,000,00,1,3,14,A01
201200047734,0,33,000,00,2,1,01,B01
201200047734,0,07,000,00,2,3,15,A01
201200047735,0,34,000,00,2,4,02,B01
201200047735,0,07,000,00,2,1,02,A01
201200047736,0,07,000,00,2,3,15,A01
201200047736,0,32,000,00,2,7,01,B01
201200047737,0,33,000,00,0,8,01,B01
201200047737,0,20,000,00,0,0,00,A01
201200047738,0,33,000,00,2,1,01,B01
201200047738,0,07,000,00,2,3,10,A01
201200047739,0,07,000,00,1,1,15,A01
201200047740,0,34,000,00,2,1,01,B01
201200047740,0,07,000,00,2,7,15,A01
201200047741,0,34,000,00,2,2,01,A01
201200047741,0,07,000,00,2,2,11,B01
201200047742,0,07,000,00,1,1,01,A01
201200047743,0,30,000,00,2,8,18,B01
201200047743,0,07,000,00,2,2,16,A01
201200047744,0,30,000,00,1,1,00,A01
201200047745,0,07,000,00,2,2,15,A01
201200047745,0,07,000,00,2,1,01,B01
201200047746,0,07,000,00,2,1,00,A01
201200047746,0,07,000,00,2,6,00,B01
201200047747,0,07,000,00,2,2,01,B01
201200047747,0,33,000,00,2,1,01,A01
201200047748,0,07,000,00,1,8,11,A01
201200047749,0,07,000,01,2,2,01,B01
201200047749,2,07,000,01,2,3,01,A01
201200047750,0,07,000,15,2,3,01,B01
201200047750,0,07,000,00,2,1,01,A01
201200047751,0,37,001,00,1,2,21,A01
201200047752,0,07,000,00,2,2,01,A01
201200047752,0,07,000,00,2,1,15,B01
201200047753,0,07,000,00,2,4,01,B01
201200047753,0,07,000,00,2,1,02,A01
201200047754,0,10,000,00,2,7,16,B01
201200047754,0,31,000,00,2,3,18,A01
201200047755,0,07,000,00,1,5,04,A01
201200047756,0,07,000,00,2,5,01,A01
201200047756,1,07,000,00,2,1,02,B01
201200047757,0,07,000,00,2,4,23,B01
201200047757,0,07,000,00,2,1,09,A01
201200047758,0,33,000,00,2,1,01,B01
201200047758,0,07,000,00,2,6,09,A01
201200047759,0,07,000,00,2,3,01,B01
201200047759,0,07,000,00,2,2,01,A01
201200047760,0,10,000,00,1,4,04,A01
201200047761,0,07,000,00,1,2,09,A01
201200047762,0,07,000,00,1,3,01,A01
201200047763,0,07,000,00,1,2,16,A01
201200047764,0,07,000,00,0,9,01,A01
201200047765,0,10,000,00,2,1,02,A01
201200047765,0,07,000,00,2,4,23,B01
201200047766,0,07,000,00,2,1,01,A01
201200047766,0,33,000,00,0,8,01,B01
201200047767,0,99,000,00,2,1,01,A01
201200047767,0,10,000,00,2,3,01,B01
201200047768,0,07,000,00,2,1,02,A01
201200047768,0,07,000,00,2,4,23,B01
201200047769,0,02,000,00,2,2,17,A01
201200047769,0,07,000,08,2,3,15,B01
201200047770,0,07,000,00,1,1,01,A01
201200047771,1,07,000,00,1,3,01,Z01
201200047772,0,07,000,00,1,1,01,A01
201200047773,0,07,000,00,1,3,01,A01
201200047774,0,07,000,00,2,4,02,B01
201200047774,0,07,000,00,2,4,01,C01
201200047775,0,07,000,01,2,4,23,B01
201200047775,0,07,000,01,2,2,02,A01
201200047776,0,32,000,09,0,1,01,A01
201200047777,0,30,000,00,0,7,05,A01
201200047778,0,07,000,00,1,2,01,A01
201200047779,0,10,000,00,1,2,01,A01
201200047780,0,32,000,00,2,7,02,A01
201200047780,0,07,000,00,2,3,02,B01
201200047781,0,07,000,00,0,1,01,A01
201200047782,0,07,000,00,2,1,02,A01
201200047782,0,07,000,00,2,6,01,B01
201200047783,0,30,000,00,2,1,02,A01
201200047783,0,10,000,00,2,4,00,B01
201200047784,0,07,000,00,1,1,01,A01
201200047785,0,07,000,00,2,1,01,A01
201200047785,0,07,000,00,2,8,19,B01
201200047786,1,02,000,00,0,0,00,Z01
201200047787,0,07,000,00,2,3,15,A01
201200047787,0,07,000,00,2,1,07,B01
201200047788,0,07,000,00,2,1,02,A01
201200047788,0,07,000,00,2,4,01,D02
201200047788,0,07,000,00,2,9,02,B02
201200047788,0,07,000,00,2,9,02,C02
201200047789,0,30,000,00,2,2,13,B01
201200047789,0,07,000,00,2,3,09,A01
201200047790,1,34,000,00,0,0,00,A01
201200047790,0,07,000,00,0,0,23,B01
201200047791,0,07,000,01,2,6,00,C01
201200047791,0,07,000,01,2,2,01,B01
201200047791,0,07,000,00,2,3,11,A01
201200047792,0,07,000,09,0,1,06,A01
201200047793,0,07,000,00,0,8,15,B01
201200047793,0,02,000,00,0,7,17,A01
201200047794,0,13,000,00,2,6,13,A01
201200047794,0,33,000,00,2,2,14,B01
201200047795,0,07,000,00,1,1,01,A01
201200047796,0,38,050,00,1,2,01,A01
201200047797,0,07,000,00,2,1,02,A01
201200047797,0,07,000,00,2,4,02,B01
201200047798,0,07,000,00,2,7,01,B01
201200047798,0,07,000,00,2,8,15,A01
201200047799,0,07,000,00,1,1,16,A01
201200047800,0,07,000,00,1,3,02,A01
201200047801,0,07,000,01,2,1,01,B01
201200047801,0,07,000,09,2,2,00,A01
201200047802,0,07,000,00,1,1,02,A01
201200047803,0,10,000,00,0,4,02,B01
201200047803,0,07,000,00,2,1,02,A01
201200047804,0,07,000,00,2,3,01,B01
201200047804,0,02,000,00,2,1,01,A01
201200047805,0,07,000,00,2,3,09,A01
201200047805,0,07,000,00,2,1,01,B01
201200047806,0,07,000,00,1,0,00,A01
201200047807,0,07,000,00,1,2,01,A01
201200047808,0,34,000,00,2,1,01,B01
201200047808,0,07,000,00,2,3,15,A01
201200047809,0,07,000,00,0,0,00,A01
201200047810,0,30,000,00,2,1,01,B01
201200047810,0,07,000,00,2,6,02,A01
201200047811,0,02,000,00,0,1,17,A01
201200047811,0,07,000,00,0,6,15,B01
201200047812,0,07,000,00,2,1,19,A01
201200047812,0,07,000,00,2,1,02,B01
201200047813,0,07,000,00,1,1,15,A01
201200047814,0,34,000,00,2,1,01,B01
201200047814,0,07,000,00,2,2,00,A01
201200047815,0,07,000,00,1,1,02,A01
201200047816,0,01,000,00,0,0,11,B01
201200047816,0,07,000,00,0,3,11,A01
201200047817,0,10,000,00,1,1,01,A01
201200047818,0,32,000,00,2,7,01,B01
201200047818,0,07,000,00,2,4,04,A01
201200047819,0,07,000,00,0,1,01,A01
201200047819,0,07,000,00,0,4,01,B01
201200047820,0,37,000,00,2,2,01,B01
201200047820,0,07,000,00,2,8,15,A01
201200047821,0,07,000,00,2,3,01,A01
201200047821,0,07,000,00,2,6,15,B01
201200047822,0,07,000,00,1,2,15,A01
201200047823,0,34,000,00,1,1,02,A01
201200047824,0,07,000,00,1,2,02,A01
201200047825,0,07,000,00,2,7,16,A01
201200047825,0,30,000,00,2,1,00,B01
201200047826,0,07,000,08,0,7,00,A01
201200047827,0,07,000,00,2,3,01,A01
201200047827,0,34,000,00,2,5,02,B01
201200047828,0,07,000,00,0,4,02,B01
201200047828,0,07,000,00,2,1,02,A01
201200047829,0,07,000,00,2,1,02,A01
201200047829,0,07,000,00,0,4,02,B01
201200047830,0,34,000,00,2,1,02,A01
201200047830,0,03,000,00,2,7,01,B01
201200047831,0,07,000,11,0,1,01,A01
201200047832,0,07,000,00,1,0,04,A01
201200047833,0,07,000,00,2,7,15,A01
201200047833,0,33,000,00,2,1,01,B01
201200047834,1,34,000,00,2,0,00,A01
201200047834,0,01,000,00,2,0,10,B01
201200047835,0,07,000,00,2,1,01,A01
201200047835,0,07,000,00,2,0,00,B01
201200047836,0,07,000,00,2,1,00,A01
201200047836,0,07,000,01,2,9,00,B01
201200047836,0,10,000,00,2,1,00,C01
201200047837,0,07,000,00,0,2,01,B01
201200047837,0,30,000,00,2,7,02,A01
201200047838,0,07,000,00,2,7,09,A01
201200047838,0,07,000,00,2,1,02,B01
201200047838,0,34,000,00,2,3,02,C01
201200047839,0,07,000,00,1,2,01,A01
201200047840,0,02,000,00,2,0,00,A01
201200047840,0,10,000,00,2,0,00,B01
201200047841,0,14,000,00,2,3,09,A01
201200047841,0,07,000,00,2,1,01,B01
201200047842,0,07,000,00,0,3,00,B01
201200047842,0,01,000,00,2,1,00,A01
201200047843,0,07,000,00,2,1,01,A01
201200047844,0,07,000,00,1,2,15,A01
201200047845,0,30,000,00,1,0,17,A01
201200047846,0,07,000,00,2,2,16,B01
201200047846,0,07,000,00,0,1,13,A01
201200047847,0,07,000,00,2,3,16,A01
201200047847,0,07,000,00,2,1,01,B01
201200047848,0,07,000,00,2,1,19,B01
201200047848,0,07,000,00,2,7,19,A01
201200047849,0,07,000,00,1,2,00,A01
201200047850,0,07,000,00,1,1,00,A01
201200047851,0,07,000,00,0,4,20,A01
201200047852,0,07,000,15,0,1,15,A01
201200047853,0,07,000,00,2,1,23,A01
201200047853,0,07,000,00,2,4,23,B01
201200047854,0,07,000,00,1,1,02,A01
201200047855,0,30,000,00,2,1,19,A01
201200047855,0,07,000,00,2,2,01,B01
201200047856,0,32,000,00,2,1,17,A01
201200047856,0,07,000,00,2,3,15,B01
201200047857,0,07,000,00,1,3,02,A01
201200047858,0,37,020,00,0,0,00,A01
201200047859,0,32,000,00,2,2,02,B01
201200047859,0,10,000,00,2,3,10,A01
201200047860,0,07,000,00,0,0,00,B01
201200047860,0,07,000,00,0,0,00,A01
201200047861,0,02,000,00,2,9,02,A01
201200047861,0,07,000,00,2,4,23,B01
201200047862,0,07,000,00,2,8,15,A01
201200047862,0,31,000,00,2,7,17,B01
201200047863,0,15,000,00,2,1,00,A01
201200047863,0,07,000,00,2,4,02,B01
201200047864,0,32,000,00,2,1,05,B01
201200047864,0,10,000,00,2,3,10,A01
201200047865,0,07,000,00,0,1,17,A01
201200047865,0,13,000,00,2,6,00,B01
201200047866,0,07,000,00,2,3,00,A01
201200047866,0,30,000,00,2,1,01,B01
201200047867,0,07,000,00,2,0,00,A01
201200047867,0,07,000,00,2,0,00,B01
201200047868,0,14,000,00,1,8,16,A01
201200047869,0,14,000,00,2,3,01,A01
201200047869,0,32,000,00,2,1,02,B01
201200047870,1,07,000,00,1,1,01,A01
201200047871,0,07,000,00,1,2,02,A01
201200047872,0,07,000,01,0,1,01,A01
201200047873,0,07,000,00,1,3,01,A01
201200047874,0,07,000,00,2,3,04,A01
201200047874,0,33,000,00,2,1,01,B01
201200047875,0,02,000,00,2,8,01,A01
201200047875,0,07,000,00,2,1,01,B01
201200047876,0,07,000,00,2,9,02,B01
201200047876,0,07,000,00,2,4,02,C01
201200047876,0,10,000,00,2,1,01,A01
201200047877,0,07,000,00,2,5,16,A01
201200047877,0,37,009,00,2,3,01,B01
201200047878,0,34,000,00,2,1,17,A01
201200047878,0,07,000,00,2,3,17,B01
201200047879,0,07,000,00,1,1,15,A01
201200047880,0,07,000,00,2,1,15,B01
201200047880,0,02,000,00,2,1,18,A01
201200047881,0,07,000,00,2,9,02,B01
201200047881,0,10,000,00,2,4,02,C01
201200047881,0,07,000,00,2,1,01,A01
201200047882,0,07,000,00,1,4,04,A01
201200047883,0,07,000,15,0,3,06,A01
201200047884,0,07,000,00,2,1,15,A01
201200047884,0,33,000,00,2,8,01,B01
201200047885,0,07,000,00,1,3,01,A01
201200047886,0,07,000,00,2,1,02,A01
201200047886,0,10,000,00,2,6,02,B01
201200047887,0,07,000,00,1,1,24,A01
201200047887,0,07,000,00,2,3,24,C01
201200047887,0,07,000,00,4,9,24,B01
201200047888,0,33,000,16,0,3,01,A01
201200047889,0,07,000,08,0,1,01,A01
201200047890,0,07,000,00,2,3,09,A01
201200047890,0,02,000,00,2,1,01,B01
201200047891,0,10,000,00,1,1,01,A01
201200047892,0,07,000,00,1,3,01,A01
201200047893,0,07,000,00,2,3,19,A01
201200047893,0,30,000,00,2,1,17,B01
201200047894,0,02,000,16,0,0,01,A01
201200047895,0,07,000,01,0,1,01,A01
201200047896,0,33,000,00,2,0,18,A01
201200047896,0,07,000,00,2,7,14,B01
201200047897,0,07,000,00,2,3,16,A01
201200047897,0,07,000,00,2,3,23,C01
201200047897,0,07,000,00,2,1,01,B01
201200047898,0,32,000,00,2,1,01,B01
201200047898,0,07,000,00,2,1,01,A01
201200047899,0,02,000,00,2,2,01,A01
201200047899,0,07,000,00,2,3,01,B01
201200047900,0,07,000,00,2,1,01,A01
201200047900,0,07,000,00,2,4,02,C01
201200047900,0,07,000,00,2,4,02,B01
201200047901,0,07,000,00,1,2,01,A01
201200047902,0,33,000,00,2,1,01,A01
201200047902,0,07,000,00,2,8,11,B01
201200047903,0,07,000,01,0,3,01,A01
201200047904,0,30,000,00,2,1,17,A01
201200047904,0,07,000,00,2,3,15,B01
201200047905,0,07,000,00,2,3,01,A01
201200047905,0,01,000,00,2,4,02,B01
201200047906,0,07,000,00,2,5,23,B01
201200047906,0,07,000,14,2,2,01,A01
201200047907,0,33,000,00,2,7,17,A01
201200047907,0,07,000,00,2,3,15,B01
201200047908,0,07,000,00,2,4,02,B01
201200047908,0,07,000,00,2,1,01,A01
201200047909,0,07,000,00,1,3,01,A01
201200047910,0,07,000,01,1,2,01,A01
201200047911,0,07,000,01,0,1,01,A01
201200047912,0,30,000,16,0,8,01,A01
201200047913,0,07,000,00,1,2,01,A01
201200047914,0,07,000,00,2,1,01,B01
201200047914,0,07,000,00,2,6,01,A01
201200047915,0,07,000,00,1,1,15,A01
201200047916,0,07,000,00,2,3,15,A01
201200047916,0,30,000,00,2,1,17,B01
201200047917,0,37,001,00,2,7,01,B01
201200047917,0,07,000,00,2,1,15,A01
201200047918,0,33,000,00,2,4,02,B01
201200047918,0,10,000,00,2,3,01,A01
201200047919,0,33,000,03,2,1,21,C01
201200047919,0,07,000,03,2,1,21,B01
201200047919,0,07,000,03,0,9,14,A01
201200047920,0,07,000,00,1,1,01,A01
201200047921,0,01,000,00,1,1,01,A01
201200047922,0,07,000,00,2,1,12,A01
201200047922,0,07,000,00,2,4,12,B01
201200047923,0,07,000,00,2,3,09,A01
201200047923,0,31,000,00,2,1,01,B01
201200047924,0,07,000,00,2,5,01,B01
201200047924,0,07,000,00,2,1,01,A01
201200047925,0,07,000,08,0,2,14,A01
201200047926,0,07,000,00,1,1,19,A01
201200047927,0,13,000,00,2,4,02,B01
201200047927,0,13,000,00,2,1,01,A01
201200047928,0,07,000,00,1,2,17,A01
201200047929,0,33,000,00,2,3,01,B01
201200047929,0,07,000,00,2,7,09,A01
201200047930,0,07,000,00,1,2,01,A01
201200047931,0,07,000,00,2,1,01,A01
201200047931,0,37,006,00,2,8,01,B01
201200047932,2,07,000,12,0,2,01,A01
201200047933,0,32,000,00,2,7,01,A01
201200047933,0,10,000,00,2,1,09,B01
201200047934,0,33,000,00,2,1,01,A01
201200047934,0,07,000,00,2,4,02,B01
201200047935,0,07,000,01,0,2,14,A01
201200047936,0,07,000,00,2,4,02,B01
201200047936,0,15,000,00,2,2,01,A01
201200047937,0,02,000,16,0,8,01,A01
201200047938,0,07,000,00,2,6,02,A01
201200047938,1,07,000,00,2,1,01,Z01
201200047939,0,32,000,00,2,1,01,A01
201200047939,0,07,000,00,2,8,13,B01
201200047940,0,30,000,12,0,7,14,A01
201200047941,0,02,000,16,0,7,02,A01
201200047942,0,10,000,00,2,1,01,A01
201200047942,0,07,000,00,2,4,02,B01
201200047943,0,30,000,14,0,1,01,A01
201200047943,1,07,000,00,0,0,00,Z01
201200047944,0,07,000,00,1,1,01,A01
201200047945,0,10,000,00,1,2,01,A01
201200047946,0,07,000,00,1,3,13,A01
201200047947,0,32,000,00,2,1,17,A01
201200047947,0,10,000,00,2,8,15,B01
201200047948,0,10,000,14,0,1,01,A01
201200047949,0,02,000,00,2,1,01,A01
201200047949,0,07,000,00,2,1,01,B01
201200047950,0,02,000,00,2,8,15,B01
201200047950,0,07,000,00,2,2,13,A01
201200047951,0,07,000,00,2,3,01,C01
201200047951,0,02,000,00,2,1,01,A01
201200047951,0,07,000,00,2,3,15,B01
201200047952,0,10,000,00,2,4,23,B01
201200047952,0,07,000,15,2,1,01,A01
201200047953,0,10,000,00,1,2,01,A01
201200047954,0,31,000,00,2,1,01,A01
201200047954,0,07,000,00,2,4,01,C01
201200047954,0,07,000,00,2,9,01,B01
201200047955,0,07,000,00,1,1,01,A01
201200047956,0,34,000,00,2,1,01,B01
201200047956,0,07,000,00,2,7,01,A01
201200047957,0,07,000,00,2,6,15,A01
201200047957,0,31,000,00,2,1,17,B01
201200047958,0,07,000,00,1,1,01,A01
201200047959,0,14,000,00,1,4,04,A01
201200047960,0,99,000,00,2,0,04,A01
201200047960,0,07,000,00,2,2,01,B01
201200047961,0,07,000,01,0,2,01,A01
201200047962,0,34,000,12,0,1,16,A01
201200047963,0,33,000,16,0,1,01,A01
201200047964,0,07,000,00,2,6,15,B01
201200047964,0,07,000,09,2,1,01,A01
201200047965,0,32,000,00,2,1,17,A01
201200047965,0,07,000,00,2,6,15,B01
201200047966,0,33,000,00,2,4,02,B01
201200047966,0,07,000,00,2,8,01,A01
201200047967,0,07,000,00,1,1,01,A01
201200047968,0,02,000,00,2,8,01,B01
201200047968,0,07,000,00,2,2,01,A01
201200047969,0,33,000,00,2,8,01,A01
201200047969,1,07,000,00,2,1,15,Z01
201200047970,0,37,006,00,2,3,01,A01
201200047970,0,07,000,00,2,3,01,C01
201200047970,0,07,000,00,2,9,15,B01
201200047971,0,32,000,00,2,2,01,A01
201200047971,0,07,000,00,2,3,01,B01
201200047972,0,07,000,00,2,7,15,A01
201200047972,0,37,002,00,2,1,01,B01
201200047973,0,07,000,00,2,3,01,B01
201200047973,0,07,000,00,2,2,15,A01
201200047974,0,07,000,00,2,3,01,A01
201200047974,0,07,000,00,2,8,15,B01
201200047974,0,33,000,00,2,8,15,C01
201200047975,0,30,000,16,0,8,01,A01
201200047976,0,07,000,00,1,1,01,A01
201200047977,0,07,000,00,9,3,11,A01
201200047977,0,01,000,00,2,8,01,B01
201200047978,0,07,000,00,1,1,01,A01
201200047979,0,07,000,00,1,3,01,A01
201200047980,0,33,000,00,2,7,02,B01
201200047980,0,99,000,00,4,1,01,A01
201200047981,0,07,000,00,2,1,01,A01
201200047981,0,07,000,00,2,6,02,B01
201200047982,0,33,000,01,0,1,06,A01
201200047983,1,10,000,00,0,0,00,Z01
201200047984,0,34,000,00,6,2,21,A01
201200047985,0,30,000,00,2,8,01,B01
201200047985,0,10,000,00,2,3,09,A01
201200047986,0,32,000,00,2,8,01,A01
201200047986,0,07,000,00,2,1,15,B01
201200047987,0,01,000,00,2,3,01,B01
201200047987,1,38,002,00,2,8,13,Z01
201200047988,0,01,000,16,,9,01,A01
201200047989,0,07,000,00,1,2,21,A01
201200047990,0,33,000,00,2,1,01,B01
201200047990,0,07,000,00,2,8,01,A01
201200047991,0,07,000,00,2,4,02,B01
201200047991,0,01,000,00,2,1,02,A01
201200047992,0,07,000,00,2,1,01,A01
201200047992,0,07,000,00,2,4,23,B01
201200047993,0,07,000,00,1,1,01,A01
201200047994,0,07,000,00,2,3,01,B01
201200047994,0,02,000,00,2,5,02,A01
201200047995,0,07,000,00,1,3,15,A01
201200047996,0,30,000,00,2,2,17,B01
201200047996,0,07,000,00,2,8,02,A01
201200047997,0,01,000,00,2,1,01,A01
201200047997,0,07,000,00,2,1,02,B01
201200047998,0,07,000,00,2,3,15,B01
201200047998,0,33,000,00,2,7,17,A01
201200047999,0,07,000,00,1,1,01,A01
201200048000,0,03,000,00,2,1,13,A01
201200048000,0,03,000,00,2,8,15,B01
201200048001,0,07,000,00,2,1,01,A01
201200048001,0,07,000,00,2,4,02,B01
201200048002,0,07,000,00,2,4,02,B01
201200048002,0,33,000,00,2,1,01,A01
201200048003,0,07,000,00,0,3,01,B01
201200048003,0,34,000,00,2,1,13,A01
201200048004,0,02,000,00,2,1,01,B01
201200048004,0,07,000,00,2,3,19,A01
201200048005,0,02,000,00,2,8,17,A01
201200048005,0,07,000,00,2,3,01,B01
201200048006,0,07,000,00,2,1,01,A01
201200048006,0,01,000,00,2,7,02,B01
201200048007,0,07,000,00,2,3,23,A01
201200048007,0,33,000,00,2,1,01,B01
201200048008,0,02,000,00,1,1,01,A01
201200048009,0,32,000,00,2,1,01,B01
201200048009,0,07,000,00,2,8,10,A01
201200048010,0,01,000,00,2,6,02,B01
201200048010,1,07,000,00,2,,01,Z01
201200048011,0,07,000,00,1,1,01,A01
201200048012,0,07,000,00,2,1,01,B01
201200048012,0,34,000,00,2,1,01,A01
201200048013,0,07,000,00,2,1,01,B01
201200048013,0,07,000,00,2,3,15,A01
201200048014,0,02,000,00,2,1,17,A01
201200048014,0,01,000,00,2,8,19,B01
201200048015,0,07,000,00,2,1,01,B01
201200048015,0,02,000,00,2,7,15,A01
201200048016,0,37,011,12,0,3,13,A01
201200048017,0,07,000,00,1,3,01,A01
201200048018,0,10,000,00,2,5,02,A01
201200048018,0,33,000,00,2,1,02,B01
201200048019,0,33,000,16,0,2,21,A01
201200048020,0,07,000,00,2,4,04,A01
201200048020,0,07,000,00,2,7,16,B01
201200048021,0,10,000,00,2,3,01,B01
201200048021,0,03,000,00,2,1,01,A01
201200048022,0,10,000,00,2,8,22,A01
201200048022,0,01,000,01,0,7,01,B01
201200048023,0,32,000,00,2,3,01,B01
201200048023,0,07,000,00,2,7,15,A01
201200048024,0,02,000,00,2,1,01,A01
201200048024,0,07,000,00,2,3,09,B01
201200048025,0,30,000,00,2,1,17,A01
201200048025,0,07,000,00,2,3,15,B01
201200048026,0,07,000,00,1,1,15,A01
201200048027,1,02,000,00,1,1,01,Z01
201200048028,0,30,000,11,0,1,01,A01
201200048029,0,07,000,00,1,1,09,A01
201200048030,0,10,000,00,2,4,02,A01
201200048030,0,07,000,00,2,1,02,C01