Num_Acc,senc,catv,occutc,obs,obsm,choc,manv,num_veh
201200048030,0,07,000,00,2,9,02,B01
201200048031,0,10,000,00,1,4,04,A01
201200048032,0,07,000,00,2,1,01,A01
201200048032,0,07,000,00,2,8,01,B01
201200048033,0,33,000,00,2,1,01,A01
201200048033,1,07,000,00,2,7,11,Z01
201200048034,0,07,000,01,0,1,24,A01
201200048034,0,14,000,00,1,1,01,B01
201200048035,0,07,000,00,2,1,09,A01
201200048035,0,31,000,00,2,8,02,B01
201200048036,0,02,000,16,0,3,09,A01
201200048037,0,07,000,00,2,1,01,A01
201200048037,0,07,000,00,2,4,02,B01
201200048038,0,07,000,00,2,1,01,A01
201200048038,0,07,000,00,2,9,01,B01
201200048038,0,10,000,00,2,4,01,C01
201200048039,0,07,000,00,2,3,01,B01
201200048039,0,02,000,04,2,1,01,A01
201200048040,0,07,000,00,1,1,01,A01
201200048041,0,33,000,16,0,8,01,A01
201200048042,0,10,000,00,1,1,15,A01
201200048043,0,07,000,00,2,1,13,A01
201200048043,0,07,000,00,2,3,00,B01
201200048044,0,10,000,00,2,4,02,A01
201200048044,0,07,000,00,2,1,01,B01
201200048045,0,07,000,08,2,1,05,A01
201200048045,0,07,000,01,2,1,01,B01
201200048046,0,07,000,00,1,1,12,A01
201200048047,0,33,000,00,2,1,17,A01
201200048047,0,07,000,00,2,8,15,B01
201200048048,0,02,000,00,2,2,09,A01
201200048048,0,07,000,00,2,3,02,B01
201200048049,0,07,000,00,2,1,01,B01
201200048049,0,07,000,00,2,8,09,A01
201200048050,0,10,000,00,1,1,01,A01
201200048051,0,07,000,00,2,2,01,A01
201200048051,0,30,000,00,2,1,01,B01
201200048052,0,02,000,00,2,1,17,A01
201200048052,0,07,000,00,2,7,15,B01
201200048053,0,02,000,16,0,2,01,A01
201200048054,0,33,000,11,2,1,06,A01
201200048055,0,07,000,00,2,4,02,B01
201200048055,0,07,000,00,2,4,01,A01
201200048055,1,07,000,00,2,0,00,Z01
201200048055,0,07,000,00,2,4,02,C01
201200048056,0,07,000,00,2,4,23,B01
201200048056,0,07,000,00,2,1,01,A01
201200048057,0,07,000,00,2,3,15,B01
201200048057,0,02,000,00,2,2,17,A01
201200048058,0,34,000,00,2,1,01,B01
201200048058,0,07,000,00,2,7,15,A01
201200048059,0,30,000,13,9,1,01,A01
201200048060,0,07,000,00,1,8,01,A01
201200048061,0,02,000,,2,3,13,A01
201200048061,0,07,000,00,2,3,05,B01
201200048062,0,07,000,12,0,1,01,A01
201200048063,0,33,000,00,2,1,01,B01
201200048063,0,10,000,00,2,1,15,A01
201200048064,0,30,000,00,2,1,01,B01
201200048064,0,07,000,00,2,2,15,A01
201200048065,0,31,000,00,2,6,17,A01
201200048065,1,07,000,00,2,2,17,Z01
201200048066,0,07,000,00,2,2,01,B01
201200048066,0,07,000,00,2,1,19,A01
201200048067,0,15,000,00,1,7,01,A01
201200048068,0,30,000,00,1,1,01,A01
201200048068,0,07,000,00,2,1,02,C01
201200048068,0,07,000,00,2,3,01,B01
201200048069,0,33,000,01,0,5,21,B01
201200048070,0,02,000,00,2,1,17,B01
201200048070,0,07,000,00,2,3,11,A01
201200048071,2,07,000,00,2,1,01,A01
201200048071,0,07,000,00,2,2,15,B01
201200048072,0,07,000,00,2,1,09,B01
201200048072,0,33,000,00,2,1,01,A01
201200048073,0,33,000,00,2,1,17,A01
201200048073,0,07,000,00,2,3,01,B01
201200048074,0,33,000,00,2,2,02,B01
201200048074,0,07,000,00,2,3,17,A01
201200048075,0,01,000,00,2,1,01,B01
201200048075,1,32,000,00,9,0,00,Z01
201200048076,0,33,000,00,2,7,02,B01
201200048076,0,37,002,00,2,6,01,A01
201200048077,0,34,000,00,1,1,01,A01
201200048078,1,07,000,00,1,,,Z01
201200048079,0,33,000,00,2,7,01,B01
201200048079,0,07,000,00,2,1,01,A01
201200048080,0,07,000,00,1,1,01,A01
201200048081,0,07,000,00,2,2,15,A01
201200048081,0,30,000,00,2,1,01,B01
201200048082,0,32,000,00,0,8,02,B01
201200048082,1,99,000,00,0,0,17,Z01
201200048083,0,02,000,00,2,1,05,A01
201200048083,0,07,000,00,2,3,01,B01
201200048084,0,07,000,00,1,2,01,A01
201200048085,0,07,000,00,2,4,02,A01
201200048085,0,17,000,00,2,1,01,B01
201200048086,0,02,000,00,2,1,13,A01
201200048086,0,07,000,00,2,3,01,B01
201200048087,0,07,000,00,1,1,01,A01
201200048088,1,07,000,00,1,1,01,Z01
201200048089,0,07,000,04,0,1,01,A01
201200048090,0,07,000,00,1,1,01,A01
201200048091,0,03,000,00,1,3,01,A01
201200048092,0,07,000,00,2,3,09,A01
201200048092,0,07,000,00,2,2,01,B01
201200048093,0,10,000,00,2,4,24,B01
201200048093,0,14,000,00,2,1,01,A01
201200048094,0,33,000,00,2,1,01,B01
201200048094,0,07,000,00,2,8,15,A01
201200048095,1,07,000,00,1,1,01,Z01
201200048096,0,07,000,00,2,1,02,D01
201200048096,0,07,000,00,2,1,02,E01
201200048096,0,07,000,00,2,1,11,B01
201200048096,0,10,000,00,2,1,02,C01
201200048096,0,07,000,00,2,1,05,A01
201200048097,0,07,000,00,2,3,01,A01
201200048097,1,07,000,00,2,3,17,Z01
201200048098,0,07,000,00,2,7,15,A01
201200048098,0,07,000,00,0,1,01,B01
201200048099,0,30,000,00,2,1,01,B01
201200048099,0,07,000,00,2,2,15,A01
201200048100,1,07,000,00,1,0,00,Z01
201200048100,0,07,000,00,2,3,01,B01
201200048101,0,14,000,00,1,7,01,A01
201200048102,0,07,000,00,1,1,01,A01
201200048103,0,07,000,00,1,1,01,A01
201200048104,0,33,000,00,2,1,01,B01
201200048104,0,07,000,00,2,7,10,A01
201200048105,0,07,000,00,2,2,15,B01
201200048105,0,07,000,00,2,3,01,A01
201200048106,0,10,000,00,1,4,04,A01
201200048107,0,07,000,00,2,2,01,A01
201200048107,0,33,000,00,0,4,02,B01
201200048108,0,07,000,00,1,3,15,A01
201200048109,0,07,000,00,2,1,01,A01
201200048109,0,07,000,03,2,3,01,B01
201200048110,0,07,000,00,1,3,01,A01
201200048111,0,37,005,00,1,5,01,A01
201200048112,0,07,000,00,1,1,01,A01
201200048113,0,33,000,00,2,1,01,B01
201200048113,0,07,000,00,2,2,15,A01
201200048114,0,07,000,00,1,3,01,A01
201200048115,0,33,000,00,2,9,03,A01
201200048115,0,10,000,00,2,9,02,D01
201200048115,0,07,000,00,2,9,02,F01
201200048115,0,07,000,00,2,9,02,C01
201200048115,0,07,000,00,2,4,02,E02
201200048115,0,07,000,00,2,9,02,B01
201200048116,0,07,000,00,2,3,15,A01
201200048117,0,07,000,00,2,1,15,A01
201200048117,0,99,000,00,2,1,01,B01
201200048118,0,33,000,12,0,1,01,A01
201200048119,0,01,000,00,1,1,01,A01
201200048120,0,07,000,00,1,1,17,A01
201200048121,0,01,000,00,2,7,01,A01
201200048121,0,37,002,00,2,8,01,B01
201200048121,0,07,000,12,0,0,21,C01
201200048122,0,30,000,16,0,1,14,A01
201200048123,0,07,000,00,2,2,01,B01
201200048123,0,07,000,00,2,1,01,A01
201200048124,0,07,000,00,2,2,16,B01
201200048124,0,34,000,00,2,3,01,A01
201200048125,0,07,000,00,2,5,02,B01
201200048125,0,07,000,00,2,2,01,A01
201200048126,0,07,000,00,2,4,24,A01
201200048126,0,31,000,00,0,1,01,B01
201200048127,0,07,000,00,1,1,20,A01
201200048128,0,07,000,00,2,2,01,A01
201200048128,0,07,000,00,2,4,02,B01
201200048128,0,07,000,00,2,4,02,C01
201200048129,0,14,000,00,1,1,01,A01
201200048130,0,07,000,00,2,1,15,A01
201200048130,0,02,000,00,2,1,01,B01
201200048131,0,30,000,01,2,3,01,B01
201200048131,0,07,000,00,2,2,15,A01
201200048132,0,07,000,00,1,1,01,A01
201200048133,0,01,000,01,0,1,01,A01
201200048134,0,07,000,00,1,1,20,A01
201200048135,0,07,000,00,2,2,15,A01
201200048135,0,07,000,00,2,3,01,B01
201200048136,0,07,000,00,1,3,01,A01
201200048137,0,07,000,00,1,3,15,A01
201200048138,0,33,000,16,0,9,01,A01
201200048139,0,07,000,00,2,2,01,A01
201200048139,0,07,000,00,2,1,15,B01
201200048140,0,30,000,16,0,6,01,A01
201200048141,0,07,000,08,0,1,20,A01
201200048142,0,30,000,01,0,1,01,A01
201200048143,0,07,000,00,2,6,01,A01
201200048143,0,01,000,00,2,1,01,B01
201200048144,0,07,000,00,1,4,04,A01
201200048145,0,01,000,00,1,1,19,A01
201200048146,0,07,000,01,2,4,16,B01
201200048146,0,07,000,00,2,1,01,A01
201200048147,0,07,000,00,1,1,01,A01
201200048148,0,07,000,00,2,4,02,B01
201200048148,0,07,000,00,2,4,02,C01
201200048148,0,07,000,00,2,1,01,A01
201200048149,0,07,000,00,2,1,01,A01
201200048149,0,07,000,00,2,4,02,B01
201200048149,0,07,000,00,2,4,02,C01
201200048150,0,07,000,16,0,1,01,A01
201200048151,0,34,000,00,2,3,01,B01
201200048151,0,07,000,00,2,2,15,A01
201200048152,0,30,000,00,2,1,01,B01
201200048152,0,07,000,00,2,3,09,A01
201200048153,0,07,000,00,1,1,01,A01
201200048154,0,07,000,00,2,2,16,B01
201200048154,0,30,000,00,2,1,18,A01
201200048155,0,01,000,00,2,1,01,B01
201200048155,0,07,000,00,2,1,15,A01
201200048156,0,07,000,00,2,1,01,A01
201200048156,0,07,000,00,2,4,02,B01
201200048157,0,02,000,00,2,1,01,A01
201200048157,0,07,000,00,2,4,23,B01
201200048158,0,07,000,00,2,8,15,B01
201200048158,0,02,000,00,2,1,17,A01
201200048159,0,07,000,08,0,1,13,A01
201200048160,0,07,000,00,2,5,04,A01
201200048160,0,01,000,00,2,6,01,B01
201200048161,0,33,000,16,,1,01,A01
201200048162,0,07,000,00,2,4,02,B01
201200048162,0,30,000,00,2,1,01,A01
201200048163,0,31,000,00,2,1,17,A01
201200048163,0,07,000,00,2,8,15,B01
201200048164,0,07,000,00,2,3,13,A01
201200048164,0,33,000,00,2,1,17,B01
201200048165,0,01,000,00,2,8,15,B01
201200048165,0,07,000,00,2,1,17,A01
201200048166,0,33,000,00,2,1,01,A01
201200048166,0,07,000,00,2,4,02,B01
201200048167,0,32,000,02,0,1,01,A01
201200048168,0,07,000,00,2,2,09,A01
201200048168,0,33,000,00,2,1,01,B01
201200048169,0,07,000,00,2,3,01,A01
201200048169,0,33,000,00,2,2,17,B01
201200048170,0,07,000,00,1,1,01,A01
201200048171,0,07,000,00,1,1,16,A01
201200048172,0,07,000,00,2,2,17,A01
201200048172,0,01,000,00,2,8,15,B01
201200048173,0,30,000,00,2,9,01,B01
201200048173,0,07,000,00,2,2,15,A01
201200048174,0,07,000,01,0,9,20,A01
201200048175,0,07,000,00,2,4,02,C01
201200048175,0,10,000,00,2,9,02,B01
201200048175,0,07,000,00,2,1,01,A01
201200048176,2,07,000,00,1,1,01,Z01
201200048177,0,07,000,00,2,3,15,A01
201200048177,0,30,000,00,2,8,01,B01
201200048178,0,07,000,00,1,1,16,A01
201200048179,0,02,000,00,2,9,01,B01
201200048179,0,07,000,00,2,3,15,A01
201200048180,0,07,000,00,2,1,13,A01
201200048180,0,07,000,00,2,1,01,B01
201200048181,0,02,000,00,2,1,01,A01
201200048181,0,07,000,00,2,1,15,B01
201200048182,0,01,000,00,2,8,19,B01
201200048182,0,10,000,00,2,1,01,A01
201200048183,0,07,000,00,1,1,01,A01
201200048184,0,07,000,00,2,2,15,A01
201200048184,0,07,000,00,2,3,01,B01
201200048185,0,07,000,01,0,1,01,A01
201200048186,0,07,000,00,2,1,01,A01
201200048186,0,07,000,00,2,9,02,B01
201200048186,0,07,000,00,2,4,02,C01
201200048187,0,07,000,00,2,3,09,A01
201200048187,0,01,000,00,2,1,01,B01
201200048188,0,33,000,00,2,8,18,B01
201200048188,0,33,000,00,2,7,16,A01
201200048189,0,07,000,01,0,9,01,A01
201200048190,0,01,000,00,2,4,01,B01
201200048190,0,07,000,00,2,3,09,A01
201200048191,0,07,000,00,2,3,09,B01
201200048191,0,07,000,01,2,9,09,A01
201200048192,0,07,000,00,1,1,01,A01
201200048193,0,07,000,00,1,1,01,A01
201200048194,0,10,000,00,2,4,02,B01
201200048194,0,10,000,00,2,1,01,A01
201200048195,0,07,000,00,2,4,02,C01
201200048195,0,07,000,00,2,4,02,D01
201200048195,0,07,000,00,2,4,02,B01
201200048195,0,07,000,00,2,1,01,A01
201200048196,0,07,000,00,2,7,01,B01
201200048196,2,30,000,00,2,1,02,A01
201200048197,0,07,000,00,2,2,15,A01
201200048197,0,07,000,00,2,3,01,B01
201200048198,0,02,000,00,1,1,01,A01
201200048199,0,33,000,16,0,1,01,A01
201200048200,1,07,000,00,1,2,01,Z01
201200048201,0,07,000,09,0,1,15,A01
201200048202,0,07,000,00,2,8,02,B01
201200048202,0,07,000,00,2,3,15,A01
201200048203,0,07,000,00,1,2,01,A01
201200048204,0,07,000,00,2,4,02,B01
201200048204,0,07,000,00,2,1,01,A01
201200048205,2,07,000,00,1,8,01,A01
201200048206,0,07,000,00,2,4,02,B01
201200048206,0,07,000,00,2,1,01,A01
201200048207,0,07,000,00,1,2,16,A01
201200048208,0,07,000,15,0,1,01,A01
201200048209,0,07,000,00,1,1,16,A01
201200048210,0,07,000,00,1,2,01,A01
201200048211,0,07,000,00,2,3,09,A01
201200048211,0,07,000,00,2,2,01,B01
201200048212,0,03,000,06,0,1,01,A01
201200048213,0,07,000,00,1,1,01,A01
201200048214,0,34,000,00,2,3,01,B01
201200048214,0,07,000,00,2,1,09,A01
201200048215,0,07,000,12,0,1,01,A01
201200048216,0,07,000,01,0,9,01,A01
201200048217,0,01,000,00,2,4,23,B01
201200048217,1,07,000,00,2,0,00,Z01
201200048218,0,30,000,00,2,1,05,A01
201200048218,0,07,000,00,2,1,01,B01
201200048219,0,03,000,01,0,2,14,A01
201200048220,0,07,000,00,1,1,11,A01
201200048221,0,07,000,00,2,1,01,A01
201200048221,0,01,000,00,2,8,19,B01
201200048222,0,07,000,00,1,1,01,A01
201200048223,0,07,000,00,2,1,01,B01
201200048223,0,02,000,00,2,8,15,A01
201200048224,0,07,000,00,2,2,15,A01
201200048224,0,33,000,00,2,1,01,B01
201200048225,0,30,000,00,2,9,01,B01
201200048225,1,07,000,00,2,1,15,Z01
201200048226,0,33,000,00,2,1,01,A01
201200048226,0,07,000,00,2,4,16,B01
201200048227,0,07,000,00,2,2,01,A01
201200048227,0,30,000,00,2,2,01,B01
201200048228,0,07,000,00,2,1,11,A01
201200048228,0,07,000,07,2,3,12,B01
201200048229,0,07,000,15,,1,01,A01
201200048230,0,07,000,00,2,2,09,A01
201200048230,0,07,000,00,2,1,01,B01
201200048230,0,07,000,00,2,1,05,C01
201200048231,0,07,000,00,1,1,11,A01
201200048232,0,07,000,00,2,5,23,A01
201200048232,0,07,000,09,0,1,23,B01
201200048232,0,07,000,00,2,1,01,C01
201200048233,0,31,000,00,2,3,01,B01
201200048233,0,07,000,00,2,3,01,A01
201200048234,0,07,000,00,1,0,04,A01
201200048235,0,33,000,16,0,8,01,M01
201200048236,0,07,000,00,0,6,15,A01
201200048236,0,32,000,00,2,1,15,B01
201200048237,0,33,000,00,2,1,02,B01
201200048237,0,07,000,00,0,7,10,A01
201200048237,0,33,000,00,2,1,02,C01
201200048238,0,34,000,00,1,1,01,A01
201200048239,0,07,000,00,2,3,15,A01
201200048239,0,30,000,15,0,1,21,B01
201200048240,0,07,000,00,1,7,09,A01
201200048241,0,07,000,00,1,2,01,A01
201200048242,0,10,000,00,1,2,21,A01
201200048243,0,07,000,00,2,2,15,A01
201200048243,0,33,000,00,2,1,01,B01
201200048244,0,30,000,16,0,9,09,A01
201200048244,0,07,000,00,0,0,01,B01
201200048245,1,07,000,00,2,1,01,Z01
201200048245,0,07,000,00,2,9,02,D01
201200048245,0,07,000,00,2,9,02,C01
201200048245,0,07,000,00,2,1,01,B01
201200048246,0,34,000,00,0,8,01,B01
201200048246,0,07,000,00,2,7,15,A01
201200048247,0,07,000,12,5,3,21,A01
201200048248,0,07,000,00,1,1,01,A01
201200048249,0,07,000,00,0,1,15,B01
201200048249,0,07,000,00,2,1,01,A01
201200048250,0,07,000,00,1,1,01,A01
201200048251,0,07,000,00,1,7,01,A01
201200048252,0,07,000,00,2,1,01,A01
201200048252,0,07,000,00,2,4,02,C01
201200048252,0,07,000,00,2,4,02,B01
201200048253,0,07,000,00,2,1,17,B01
201200048253,0,07,000,00,2,8,10,A01
201200048254,0,07,000,00,2,2,15,B01
201200048254,0,07,000,00,2,1,01,A01
201200048255,0,99,000,00,2,1,13,B01
201200048255,0,07,000,00,2,1,01,A01
201200048256,1,07,000,00,0,0,15,Z01
201200048256,0,34,000,00,2,8,01,B01
201200048257,0,07,000,00,2,1,01,B01
201200048257,0,10,000,00,2,4,24,A01
201200048258,0,07,000,00,2,3,01,A01
201200048258,0,34,000,00,2,7,01,B01
201200048259,0,03,000,00,1,2,01,A01
201200048260,0,33,000,00,2,3,11,B01
201200048260,0,07,000,00,2,6,06,A01
201200048261,0,07,000,00,2,2,21,B01
201200048261,0,07,000,00,2,8,01,A01
201200048262,0,07,000,16,0,9,01,A01
201200048263,0,07,000,00,2,2,01,A01
201200048263,0,07,000,00,2,4,02,B01
201200048264,0,01,000,00,2,7,01,A01
201200048264,0,07,000,00,2,1,01,B01
201200048265,0,07,000,08,0,1,01,A01
201200048266,0,07,000,00,2,4,02,A01
201200048266,0,07,000,00,2,1,01,B01
201200048267,0,30,000,01,,1,05,A01
201200048268,0,07,000,00,1,1,11,A01
201200048269,0,33,000,00,2,2,09,B01
201200048269,0,07,000,00,2,1,01,A01
201200048270,0,07,000,16,0,9,01,A01
201200048271,0,07,000,00,1,1,01,A01
201200048272,0,07,000,00,2,1,02,C01
201200048272,0,07,000,00,2,1,21,A01
201200048272,0,07,000,00,2,8,05,B01
201200048273,0,01,000,00,2,8,01,B01
201200048273,0,07,000,00,2,8,02,A01
201200048274,0,07,000,00,2,2,15,B01
201200048274,0,07,000,00,2,1,01,A01
201200048275,0,07,000,00,2,3,02,B01
201200048275,0,07,000,00,2,2,01,A01
201200048276,0,07,000,00,1,1,16,A01
201200048277,0,31,000,00,2,7,02,B01
201200048277,0,07,000,00,2,4,02,A01
201200048278,0,07,000,00,1,1,01,A01
201200048279,0,07,000,07,2,9,17,A01
201200048279,0,07,000,00,2,3,15,B01
201200048280,0,07,000,00,1,1,01,A01
201200048281,0,07,000,00,2,8,15,A01
201200048281,0,07,000,00,2,7,01,B01
201200048282,0,07,000,00,1,1,01,A01
201200048283,0,07,000,00,2,1,17,B01
201200048283,0,07,000,00,2,1,01,A01
201200048284,0,34,000,00,2,1,01,B01
201200048284,0,07,000,00,2,4,10,A01
201200048285,0,01,000,16,0,4,01,A01
201200048286,0,07,000,00,1,2,01,A01
201200048287,0,07,000,,2,3,01,B01
201200048287,0,99,000,00,2,7,01,A01
201200048288,0,07,000,00,2,2,01,A01
201200048288,0,30,000,00,2,2,01,B01
201200048289,0,33,000,00,2,1,05,A01
201200048289,0,33,000,00,2,1,05,B01
201200048290,0,33,000,16,0,7,01,A01
201200048291,0,07,000,00,1,1,01,A01
201200048292,0,07,000,00,2,8,01,A01
201200048292,1,07,000,00,0,0,00,Z01
201200048293,0,07,000,00,1,3,15,A01
201200048294,0,07,000,00,2,7,01,A01
201200048294,0,32,000,00,2,3,18,B01
201200048295,0,07,000,16,0,9,00,A01
201200048296,0,07,000,00,1,1,01,A01
201200048297,0,07,000,00,1,7,21,A01
201200048298,0,07,000,00,1,7,01,A01
201200048299,1,07,000,00,1,1,01,Z01
201200048300,0,07,000,00,2,6,01,A01
201200048300,0,15,000,00,2,2,12,B01
201200048301,0,07,000,00,2,4,02,A01
201200048301,0,07,000,00,2,1,02,D01
201200048301,0,07,000,00,2,2,01,B01
201200048301,0,33,000,00,2,9,01,C01
201200048302,0,07,000,00,2,5,02,A01
201200048302,0,34,000,00,2,1,01,B01
201200048303,0,32,000,00,1,1,01,A01
201200048304,0,07,000,00,2,4,02,A01
201200048304,0,07,000,00,2,1,01,B01
201200048305,0,07,000,00,2,4,15,A01
201200048305,0,32,000,00,2,1,01,B01
201200048306,0,07,000,00,1,1,01,A01
201200048307,0,15,000,00,1,1,01,A01
201200048308,0,07,000,00,1,1,01,A01
201200048309,0,07,000,00,2,2,01,A01
201200048309,0,36,000,00,2,1,01,B01
201200048310,0,10,000,00,1,1,01,A01
201200048311,0,07,000,02,0,7,06,A01
201200048312,1,30,000,00,1,1,01,A01
201200048313,0,07,000,00,1,1,01,A01
201200048314,0,33,000,00,1,1,01,A01
201200048315,1,31,000,00,1,0,00,Z01
201200048316,0,07,000,00,2,4,04,A01
201200048316,0,34,000,00,2,7,02,B01
201200048317,0,07,000,00,1,5,01,A01
201200048318,0,07,000,00,1,2,01,A01
201200048319,0,07,000,00,1,2,17,A01
201200048320,0,07,000,00,1,1,01,A01
201200048321,0,07,000,00,1,1,01,A01
201200048322,0,07,000,00,2,1,01,B01
201200048322,0,07,000,00,2,1,05,A01
201200048323,0,07,000,00,1,3,01,A01
201200048324,0,30,000,00,1,2,01,A01
201200048325,0,34,000,00,2,1,01,C01
201200048325,0,10,000,00,2,8,01,B01
201200048325,0,07,000,00,2,3,17,A01
201200048326,0,07,000,00,1,4,04,A01
201200048327,0,07,000,01,1,3,01,A01
201200048327,0,07,000,00,0,2,24,B01
201200048328,0,07,000,00,1,1,01,A01
201200048329,0,07,000,00,2,4,02,C01
201200048329,0,07,000,00,2,4,02,B01
201200048329,0,07,000,00,2,1,01,A01
201200048330,0,07,000,00,1,3,01,A01
201200048331,0,07,000,00,1,3,01,A01
201200048332,0,30,000,00,2,1,01,A01
201200048332,0,07,000,00,2,4,02,B01
201200048333,0,30,000,00,2,1,01,A01
201200048333,0,07,000,00,2,3,15,B01
201200048334,0,07,000,00,2,3,01,B01
201200048334,1,30,000,00,2,1,05,A01
201200048335,0,07,000,00,1,1,01,A01
201200048336,0,07,000,00,2,1,01,B01
201200048336,0,01,000,00,0,8,01,A01
201200048337,0,07,000,00,2,2,01,A01
201200048337,0,07,000,00,2,1,01,B01
201200048338,0,30,000,00,2,7,01,A01
201200048338,0,07,000,00,2,3,01,B01
201200048339,0,07,000,00,2,3,15,A01
201200048339,0,33,000,00,2,1,01,B01
201200048340,0,07,000,00,2,4,02,B01
201200048340,0,07,000,00,2,1,01,A01
201200048341,0,07,000,00,2,3,15,A01
201200048341,0,33,000,00,2,7,01,B01
201200048342,0,02,000,00,2,2,13,B01
201200048342,0,07,000,00,2,3,11,A01
201200048343,0,07,000,00,2,5,23,C01
201200048343,0,34,000,00,2,1,01,A01
201200048343,0,07,000,00,2,5,23,B01
201200048344,0,33,000,00,2,1,17,A01
201200048344,0,07,000,00,2,6,15,B01
201200048345,0,07,000,00,2,3,10,B01
201200048345,0,10,000,00,2,2,01,A01
201200048346,0,07,000,00,2,1,01,A01
201200048346,0,07,000,00,2,1,01,B01
201200048347,0,07,000,00,1,2,01,A01
201200048348,0,02,000,00,1,1,01,A01
201200048349,0,07,000,00,2,2,15,A01
201200048349,0,32,000,00,2,7,01,B01
201200048350,0,07,000,00,1,1,01,A01
201200048351,0,07,000,00,2,3,01,A01
201200048351,0,07,000,00,0,8,01,B01
201200048352,0,07,000,00,1,1,17,A01
201200048353,0,07,000,00,1,1,01,A01
201200048354,0,07,000,00,2,5,15,A01
201200048354,0,32,000,00,2,1,01,B01
201200048355,0,07,000,00,1,1,01,A01
201200048356,1,07,000,00,1,0,00,Z01
201200048357,0,31,000,15,0,1,01,A01
201200048358,0,14,000,00,2,6,01,B01
201200048358,0,07,000,00,2,1,01,C01
201200048358,0,07,000,12,2,9,13,A01
201200048359,1,07,000,00,1,1,01,Z01
201200048360,0,07,000,00,1,2,01,A01
201200048361,0,07,000,00,0,3,09,A01
201200048361,0,07,000,00,2,2,01,B01
201200048362,0,07,000,00,2,1,01,A01
201200048362,0,07,000,00,2,4,02,B01
201200048363,0,07,000,00,1,3,01,A01
201200048364,0,13,000,00,2,1,01,B01
201200048364,0,07,000,00,2,7,14,A01
201200048365,0,33,000,00,2,7,09,A01
201200048365,0,07,000,00,2,2,01,B01
201200048366,0,07,000,00,1,2,01,A01
201200048367,0,33,000,00,2,1,17,B01
201200048367,0,10,000,00,2,8,10,A01
201200048368,0,07,000,02,0,1,01,A01
201200048369,0,07,000,00,2,3,01,B01
201200048369,0,07,000,00,2,2,01,A01
201200048370,0,07,000,00,2,4,02,B01
201200048370,0,07,000,00,2,4,02,C01
201200048370,0,07,000,00,2,1,01,A01
201200048371,0,33,000,00,2,1,13,A01
201200048371,0,07,000,00,2,1,01,B01
201200048372,0,07,000,00,2,1,19,A01
201200048372,0,34,000,00,2,1,01,B01
201200048373,0,07,000,00,1,1,01,A01
201200048374,0,02,000,00,2,6,01,B01
201200048374,1,07,000,00,2,2,15,Z01
201200048375,0,07,000,00,2,1,01,A01
201200048375,0,33,000,00,2,4,14,B01
201200048376,0,07,000,00,2,2,17,A01
201200048376,0,07,000,00,2,6,01,B01
201200048377,0,07,000,00,2,1,01,B01
201200048377,0,07,000,00,2,1,16,A01
201200048378,0,34,000,16,0,8,17,A01
201200048379,0,34,000,14,0,1,01,A01
201200048380,0,07,000,00,1,1,15,A01
201200048381,0,07,000,00,2,5,01,B01
201200048381,0,33,000,00,2,1,12,A01
201200048382,0,07,000,00,2,2,17,A01
201200048382,0,01,000,00,2,4,01,B01
201200048383,0,07,000,00,0,4,04,A01
201200048384,0,07,000,06,0,1,01,A01
201200048385,0,07,000,00,1,1,01,A01
201200048386,0,03,000,15,0,3,01,A01
201200048387,0,30,000,12,0,7,01,A01
201200048388,0,31,000,00,2,6,01,B01
201200048388,0,07,000,00,2,2,06,A01
201200048389,0,07,000,13,0,9,01,A01
201200048390,0,07,000,00,1,2,15,A01
201200048391,0,07,000,00,0,1,01,A01
201200048392,0,07,000,00,1,3,01,A01
201200048393,0,07,000,00,2,5,06,A01
201200048393,0,02,000,00,2,1,01,B01
201200048394,0,07,000,00,2,1,01,B01
201200048394,0,07,000,00,2,7,06,A01
201200048395,0,99,000,00,2,1,13,A01
201200048395,0,07,000,00,2,1,23,B01
201200048396,0,10,000,00,0,1,01,A01
201200048396,0,01,000,00,2,4,15,B01
201200048397,0,07,000,00,1,1,01,A01
201200048398,0,07,000,00,2,4,02,C01
201200048398,0,15,000,00,2,1,01,B01
201200048398,0,14,000,00,2,6,02,A01
201200048399,0,33,000,16,0,9,01,A01
201200048400,0,07,000,00,2,5,14,A01
201200048400,0,33,000,00,2,1,01,B01
201200048401,0,07,000,00,1,3,01,V01
201200048402,0,07,000,00,2,1,00,A01
201200048402,0,07,000,00,2,1,00,B01
201200048403,0,30,000,00,2,1,00,B01
201200048403,2,07,000,00,9,8,12,A01
201200048404,0,33,000,00,2,1,01,B01
201200048404,0,07,000,00,2,2,11,A01
201200048405,1,99,000,00,0,0,00,Z01
201200048406,0,07,000,00,2,1,01,B01
201200048406,0,07,000,00,2,7,16,A01
201200048407,0,07,000,00,1,2,01,A01
201200048408,0,07,000,00,2,1,01,A01
201200048408,0,07,000,00,2,2,15,B01
201200048409,0,07,000,00,1,4,04,A01
201200048410,0,07,000,00,1,1,18,A01
201200048411,0,07,000,00,1,4,04,A01
201200048412,0,07,000,00,1,1,01,A01
201200048413,0,07,000,00,1,1,01,A01
201200048414,0,07,000,00,1,3,01,A01
201200048415,0,07,000,00,1,3,01,A01
201200048416,0,07,000,00,2,2,17,A01
201200048416,0,07,000,00,2,3,01,B01
201200048417,0,07,000,00,2,2,01,A01
201200048417,0,07,000,00,2,4,02,B01
201200048417,0,07,000,00,2,9,02,C01
201200048417,0,07,000,00,2,4,02,D01