Num_Acc,senc,catv,occutc,obs,obsm,choc,manv,num_veh
201200050752,0,07,000,00,2,2,01,A01
201200050752,0,07,000,00,2,6,01,B01
201200050753,0,07,000,00,2,1,02,B01
201200050753,0,07,000,00,2,4,01,A01
201200050754,0,34,000,00,2,2,17,B01
201200050754,0,07,000,00,2,8,13,A01
201200050755,0,07,000,00,2,6,11,A01
201200050755,0,32,000,00,2,7,03,B01
201200050756,0,07,000,00,2,4,02,A01
201200050756,0,07,000,00,2,1,02,B01
201200050757,0,33,000,13,0,1,01,A01
201200050758,0,33,000,00,2,4,01,A01
201200050758,0,07,000,00,2,1,02,B01
201200050759,0,33,000,00,2,1,02,C01
201200050759,0,07,000,00,2,4,02,B01
201200050759,0,07,000,00,2,4,01,A01
201200050760,0,33,000,00,0,7,14,A01
201200050761,0,33,000,00,2,7,03,A01
201200050761,0,07,000,00,2,8,01,B01
201200050762,0,15,000,00,2,1,02,B01
201200050762,0,07,000,00,2,4,01,A01
201200050763,0,07,000,00,0,5,00,A01
201200050763,0,33,000,00,0,9,00,B01
201200050764,0,07,000,00,2,8,01,C01
201200050764,0,10,000,00,2,3,01,B01
201200050764,0,33,000,00,2,3,03,A01
201200050764,0,07,000,00,2,3,02,D01
201200050764,0,07,000,00,2,2,02,E01
201200050765,0,34,000,00,2,9,01,A01
201200050765,0,07,000,00,2,2,12,B01
201200050766,0,33,000,00,2,3,09,A01
201200050766,0,17,000,00,2,2,02,B01
201200050767,0,07,000,00,2,1,01,A01
201200050767,0,07,000,00,2,4,02,B01
201200050768,0,07,000,00,2,1,02,A01
201200050768,0,07,000,00,2,4,01,B01
201200050769,0,07,000,00,0,1,01,A01
201200050770,0,33,000,00,0,3,01,A01
201200050771,0,07,000,00,2,1,02,A01
201200050771,0,07,000,00,2,4,02,B01
201200050771,0,07,000,00,2,4,01,C01
201200050772,0,07,000,00,2,9,02,B01
201200050772,0,07,000,00,2,4,02,C01
201200050772,0,07,000,00,2,4,02,A01
201200050772,0,15,000,00,2,1,02,D01
201200050773,0,07,000,00,2,4,01,B01
201200050773,0,10,000,00,2,1,01,A01
201200050774,0,07,000,00,2,1,01,A01
201200050774,0,07,000,00,2,4,02,C01
201200050774,0,07,000,00,2,4,02,B01
201200050774,0,10,000,00,2,4,02,D01
201200050775,0,07,000,00,2,4,01,B01
201200050775,0,07,000,00,2,1,01,A01
201200050775,0,07,000,00,2,4,02,C01
201200050776,1,15,000,00,2,4,09,Z01
201200050776,0,32,000,00,2,2,01,A01
201200050777,1,07,000,00,2,0,00,Z01
201200050777,0,33,000,00,0,0,01,A01
201200050778,0,07,000,00,2,5,14,A01
201200050778,0,07,000,00,2,3,01,B01
201200050779,0,07,000,00,2,8,10,A01
201200050779,0,33,000,00,2,1,02,B01
201200050780,0,14,000,04,0,8,01,A01
201200050781,0,07,000,00,2,4,01,A01
201200050781,0,07,000,00,2,1,02,B01
201200050781,0,07,000,00,2,1,01,C01
201200050782,0,07,000,04,0,3,01,A01
201200050783,0,07,000,04,0,3,01,A01
201200050784,0,07,000,04,0,3,01,A01
201200050785,0,07,000,00,2,1,02,C01
201200050785,0,07,000,00,2,1,02,B01
201200050785,0,07,000,00,2,4,01,A01
201200050786,0,33,000,00,0,9,01,A01
201200050787,0,15,000,00,2,2,21,A01
201200050787,0,07,000,00,2,3,01,B01
201200050787,0,33,000,00,2,3,01,C01
201200050788,0,07,000,00,2,4,01,A01
201200050788,0,07,000,00,2,1,02,B01
201200050789,0,07,000,00,2,4,02,B01
201200050789,0,07,000,00,2,1,01,A01
201200050790,0,15,000,00,2,2,01,B01
201200050790,0,07,000,00,2,3,01,A01
201200050791,0,07,000,00,2,4,09,B01
201200050791,0,07,000,00,2,4,01,A01
201200050792,0,07,000,00,2,5,02,B01
201200050792,0,07,000,00,2,1,01,A01
201200050793,0,15,000,00,2,2,01,B01
201200050793,0,07,000,00,2,3,13,A01
201200050794,0,07,000,00,0,0,01,A01
201200050795,0,33,000,04,0,2,01,A01
201200050796,0,07,000,00,2,1,02,B01
201200050796,0,07,000,00,2,4,01,A01
201200050797,0,14,000,03,0,3,01,A01
201200050798,0,07,000,00,2,4,01,A01
201200050798,0,07,000,00,2,1,02,B01
201200050799,0,07,000,13,0,1,01,A01
201200050800,0,07,000,00,2,1,02,A01
201200050800,0,07,000,00,2,4,01,B01
201200050801,0,07,000,00,2,1,02,A01
201200050801,0,07,000,00,2,3,11,C01
201200050801,0,15,000,00,2,2,02,B01
201200050802,0,07,000,04,0,1,01,A01
201200050803,0,07,000,00,2,4,01,A01
201200050803,0,07,000,00,2,1,02,B01
201200050804,0,07,000,00,2,8,01,A01
201200050804,0,15,000,00,2,2,12,B01
201200050805,0,07,000,04,0,1,01,A01
201200050806,0,07,000,00,2,4,01,A01
201200050806,0,33,000,00,2,1,01,B01
201200050807,0,07,000,00,2,5,01,C01
201200050807,0,07,000,00,2,1,01,A01
201200050807,0,07,000,00,2,8,01,B01
201200050808,0,07,000,00,0,0,00,A01
201200050809,0,10,000,00,2,2,01,B01
201200050809,0,07,000,00,2,3,13,A01
201200050810,0,07,000,00,0,9,01,A01
201200050811,0,10,000,00,2,4,01,A01
201200050811,0,07,000,00,2,4,01,B01
201200050811,0,07,000,00,2,1,02,D01
201200050811,0,07,000,00,2,4,01,C01
201200050812,0,07,000,00,0,9,00,A01
201200050812,0,07,000,00,0,9,00,B01
201200050813,0,07,000,00,2,2,12,A01
201200050813,0,33,000,00,2,8,03,B01
201200050814,0,33,000,00,0,1,01,A01
201200050815,0,07,000,00,2,1,02,A01
201200050815,0,07,000,00,2,4,01,B01
201200050816,0,07,000,00,2,2,17,A01
201200050816,0,33,000,00,2,1,03,B01
201200050816,0,07,000,00,2,4,01,C01
201200050817,0,07,000,00,2,4,02,C01
201200050817,0,07,000,00,2,4,02,B01
201200050817,0,07,000,00,2,1,01,A01
201200050818,0,07,000,04,0,7,01,A01
201200050819,0,15,000,00,2,7,12,A01
201200050819,0,07,000,00,2,6,01,B01
201200050820,0,07,000,04,0,1,01,A01
201200050821,0,33,000,00,2,1,01,A01
201200050821,0,07,000,00,2,4,02,B01
201200050822,0,07,000,00,0,9,00,A01
201200050823,0,07,000,00,0,8,01,A01
201200050824,0,10,000,00,2,4,01,B01
201200050824,0,07,000,00,2,1,01,A01
201200050825,0,07,000,00,2,5,12,B01
201200050825,0,33,000,00,2,8,01,A01
201200050826,0,07,000,00,2,4,02,C01
201200050826,0,07,000,05,0,6,02,A01
201200050826,0,07,000,04,2,2,12,B01
201200050827,0,33,000,16,0,1,01,A01
201200050828,0,10,000,16,0,9,01,A01
201200050829,0,07,000,00,2,1,01,A01
201200050829,0,07,000,00,2,4,02,B01
201200050830,0,15,000,00,2,4,01,A01
201200050830,0,15,000,00,2,1,02,B01
201200050831,0,33,000,00,2,2,02,A01
201200050831,0,07,000,00,2,4,01,B01
201200050832,0,07,000,00,2,6,01,A01
201200050832,0,33,000,00,2,1,02,B01
201200050833,0,07,000,00,2,4,01,B01
201200050833,0,07,000,00,2,1,02,C01
201200050833,0,07,000,00,2,4,01,A01
201200050834,0,33,000,00,2,9,03,A01
201200050834,0,07,000,00,2,7,12,B01
201200050835,0,07,000,00,0,4,02,B01
201200050835,0,07,000,00,2,1,01,A01
201200050836,0,33,000,00,0,7,01,A01
201200050837,0,33,000,00,2,8,01,B01
201200050837,0,07,000,00,2,7,12,A01
201200050838,0,07,000,00,2,4,01,A01
201200050838,0,07,000,00,2,1,01,B01
201200050839,0,10,000,00,2,4,02,B01
201200050839,0,07,000,00,2,1,01,A01
201200050839,0,07,000,00,2,4,02,C01
201200050840,0,07,000,00,2,6,11,A01
201200050840,0,33,000,00,2,1,03,B01
201200050841,0,07,000,00,2,4,01,A01
201200050841,0,15,000,00,2,2,12,B01
201200050842,0,07,000,00,2,1,14,A01
201200050842,0,07,000,00,0,4,01,B01
201200050843,0,07,000,00,2,8,13,A01
201200050843,0,33,000,00,2,1,01,B01
201200050844,0,10,000,00,0,6,01,A01
201200050844,0,07,000,00,0,2,14,B01
201200050845,0,07,000,00,2,0,00,B01
201200050845,0,33,000,00,2,8,00,A01
201200050846,0,33,000,00,2,7,03,B01
201200050846,0,07,000,00,2,8,01,A01
201200050847,0,17,000,00,2,5,01,A01
201200050847,0,33,000,00,2,6,03,B01
201200050848,0,07,000,00,2,1,21,B01
201200050848,0,07,000,03,2,6,01,A01
201200050849,0,07,000,00,2,2,12,B01
201200050849,0,33,000,00,2,3,03,A01
201200050850,0,07,000,00,0,1,01,A01
201200050851,0,07,000,04,0,9,01,A01
201200050852,0,07,000,00,2,4,02,B01
201200050852,0,07,000,00,2,1,01,A01
201200050853,0,33,000,16,0,0,01,A01
201200050854,0,17,000,00,2,4,01,A01
201200050854,0,10,000,00,2,1,02,B01
201200050855,0,07,000,00,2,4,01,A01
201200050855,0,07,000,00,2,1,01,B01
201200050856,0,32,000,00,2,1,03,B01
201200050856,0,07,000,00,2,2,22,A01
201200050856,0,07,000,00,2,2,02,C01
201200050857,0,07,000,00,2,5,01,A01
201200050857,0,32,000,00,2,3,03,B01
201200050858,0,07,000,00,0,0,01,A01
201200050859,0,33,000,10,0,1,01,A01
201200050860,0,07,000,00,0,0,01,A01
201200050861,0,07,000,00,2,1,02,B01
201200050861,0,07,000,00,2,4,01,A01
201200050862,0,33,000,00,2,4,01,A01
201200050862,0,33,000,00,2,1,01,B01
201200050863,0,33,000,00,2,8,03,A01
201200050863,1,07,000,00,2,7,12,Z01
201200050864,0,15,000,00,2,3,11,A01
201200050864,0,07,000,00,2,2,02,B01
201200050865,0,07,000,00,2,4,02,B01
201200050865,0,33,000,00,2,1,01,A01
201200050866,0,33,000,00,2,2,01,B01
201200050866,0,07,000,00,2,8,10,A01
201200050867,0,33,000,00,2,7,03,B01
201200050867,0,07,000,00,2,8,17,A01
201200050868,0,07,000,00,2,6,11,A01
201200050868,0,33,000,00,2,7,01,B01
201200050869,0,07,000,00,2,1,02,B01
201200050869,0,31,000,00,2,7,01,A01
201200050870,0,31,000,00,2,1,03,A01
201200050870,0,07,000,00,2,4,01,B01
201200050871,0,10,000,00,2,4,01,A01
201200050871,0,07,000,00,2,1,02,B01
201200050871,0,10,000,00,2,4,02,C01
201200050871,0,10,000,00,2,1,02,D01
201200050872,0,07,000,00,2,8,11,A01
201200050872,0,32,000,00,2,7,03,B01
201200050873,0,32,000,00,2,8,01,A01
201200050873,0,07,000,00,2,4,11,B01
201200050874,0,07,000,13,0,1,11,A01
201200050875,0,33,000,03,0,3,01,A01
201200050876,0,33,000,16,0,1,01,A01
201200050877,0,07,000,00,2,6,11,B01
201200050877,0,32,000,00,2,2,01,A01
201200050878,0,07,000,02,0,1,01,A01
201200050879,0,07,000,00,2,1,02,A01
201200050879,0,07,000,00,2,4,01,B01
201200050880,0,07,000,00,2,5,02,C01
201200050880,0,33,000,00,2,2,03,D01
201200050880,0,07,000,00,2,6,02,B01
201200050880,0,07,000,00,2,8,02,A01
201200050881,0,07,000,00,2,6,11,B01
201200050881,0,33,000,00,2,2,01,A01
201200050882,0,37,001,00,2,1,01,A01
201200050882,0,07,000,00,2,4,02,B01
201200050883,0,33,000,00,2,2,11,B01
201200050883,0,07,000,00,2,8,11,A01
201200050884,0,07,000,00,0,3,01,A01
201200050885,0,07,000,00,2,8,11,B01
201200050885,0,07,000,00,2,7,01,A01
201200050885,0,33,000,00,2,7,03,C01
201200050886,0,07,000,00,2,4,02,C01
201200050886,0,07,000,00,2,4,02,B01
201200050886,0,07,000,00,2,1,01,A01
201200050887,0,07,000,00,2,6,11,A01
201200050887,0,33,000,00,2,2,03,B01
201200050888,0,07,000,00,2,7,12,B01
201200050888,0,31,000,00,2,8,03,A01
201200050889,0,34,000,00,0,7,00,A01
201200050890,0,33,000,00,0,8,17,B01
201200050890,0,10,000,00,2,7,01,A01
201200050891,0,31,000,00,2,8,03,B01
201200050891,0,99,000,04,2,2,12,A01
201200050892,0,32,000,00,2,2,12,A01
201200050892,0,07,000,00,2,8,01,B01
201200050893,0,07,000,00,2,4,01,B01
201200050893,0,07,000,00,2,4,02,D01
201200050893,0,14,000,00,2,2,01,A01
201200050893,0,07,000,00,2,4,02,C01
201200050894,0,07,000,00,2,8,11,B01
201200050894,0,34,000,00,2,1,03,A01
201200050895,0,15,000,13,0,2,01,A01
201200050896,0,07,000,00,2,4,02,B01
201200050896,0,07,000,00,2,1,01,A01
201200050897,0,07,000,00,2,3,01,B01
201200050897,0,07,000,00,2,2,19,A01
201200050898,0,33,000,00,2,7,03,B01
201200050898,0,07,000,00,2,8,11,A01
201200050899,0,07,000,00,0,9,01,A01
201200050900,0,07,000,00,2,6,11,A01
201200050900,0,32,000,00,2,7,03,B01
201200050901,0,31,000,00,0,8,01,A01
201200050902,0,32,000,00,0,1,01,A01
201200050903,0,07,000,04,0,1,02,A01
201200050904,0,07,000,00,2,1,02,B01
201200050904,0,07,000,00,2,4,01,A01
201200050905,0,07,000,00,2,4,02,B01
201200050905,0,07,000,00,2,1,01,A01
201200050906,0,33,000,00,2,9,01,E01
201200050906,0,07,000,00,2,2,01,D01
201200050906,0,07,000,00,2,4,01,A01
201200050906,0,07,000,00,2,1,02,C01
201200050906,0,07,000,00,2,9,01,B01
201200050907,0,07,000,00,0,4,02,B01
201200050907,0,07,000,00,0,1,02,A01
201200050908,0,07,000,04,0,3,01,A01
201200050909,0,07,000,00,0,0,01,A01
201200050910,0,07,000,00,0,0,01,A01
201200050911,0,07,000,00,2,4,01,A01
201200050911,0,07,000,00,2,4,02,B01
201200050912,0,07,000,00,2,2,14,A01
201200050912,0,07,000,00,2,4,02,B01
201200050913,0,07,000,00,0,2,01,A01
201200050914,0,07,000,00,0,1,01,A01
201200050915,0,07,000,00,2,1,02,B01
201200050915,0,15,000,00,2,1,02,C01
201200050915,0,07,000,00,2,4,01,A01
201200050916,0,31,000,00,0,0,03,A01
201200050917,0,07,000,00,2,4,11,B01
201200050917,0,31,000,00,2,1,01,A01
201200050918,0,34,000,00,2,2,02,B01
201200050918,0,07,000,00,2,5,12,A01
201200050919,0,07,000,04,0,2,01,A01
201200050920,0,34,000,00,0,0,03,A01
201200050921,0,07,000,00,2,8,01,A01
201200050921,0,15,000,00,2,2,12,B01
201200050922,0,15,000,00,2,6,24,B01
201200050922,0,07,000,00,2,2,14,A01
201200050923,0,07,000,00,2,2,01,A01
201200050923,0,33,000,00,2,4,02,B01
201200050924,0,31,000,00,0,7,01,A01
201200050925,0,07,000,00,0,9,00,A01
201200050926,0,07,000,02,0,6,04,A01
201200050927,0,07,000,04,0,1,01,A01
201200050928,0,07,000,00,0,1,01,A01
201200050929,0,07,000,00,2,4,02,D01
201200050929,0,07,000,00,2,4,02,C01
201200050929,0,07,000,00,2,4,02,B01
201200050929,0,07,000,00,2,1,01,A01
201200050930,0,33,000,00,2,1,02,B01
201200050930,0,07,000,00,2,4,01,A01
201200050931,0,33,000,00,2,1,01,A01
201200050931,0,07,000,00,2,5,09,B01
201200050932,0,33,000,00,2,7,01,B01
201200050932,0,07,000,00,2,8,13,A01
201200050933,0,07,000,00,2,4,11,B01
201200050933,0,34,000,00,2,1,03,A01
201200050934,0,07,000,00,2,7,12,A01
201200050934,0,33,000,00,2,8,03,B01
201200050935,0,10,000,00,2,4,01,A01
201200050935,0,07,000,00,2,1,02,B01
201200050936,0,07,000,00,2,7,14,B01
201200050936,0,10,000,00,2,8,01,A01
201200050937,0,07,000,00,2,1,02,B01
201200050937,0,07,000,00,2,4,01,A01
201200050938,1,07,000,00,2,2,11,Z01
201200050938,0,33,000,00,2,2,01,A01
201200050938,0,07,000,00,2,6,01,B01
201200050939,0,33,000,00,2,1,02,B01
201200050939,0,07,000,00,2,4,01,A01
201200050940,1,15,000,00,2,7,12,Z01
201200050940,0,34,000,00,2,8,01,A01
201200050941,0,15,000,00,2,4,02,B01
201200050941,0,07,000,00,2,1,01,A01
201200050942,0,07,000,00,0,0,00,A01
201200050943,0,07,000,00,2,1,02,C01
201200050943,0,07,000,00,2,4,01,A01
201200050943,0,07,000,00,2,4,02,B01
201200050944,0,07,000,00,2,8,01,A01
201200050944,0,33,000,00,2,7,01,C01
201200050944,0,33,000,00,2,7,01,B01
201200050945,0,07,000,00,0,1,01,A01
201200050945,0,15,000,00,0,4,02,C01
201200050945,0,07,000,00,0,9,02,B01
201200050946,0,07,000,00,2,1,11,A01
201200050946,0,07,000,00,2,1,01,B01
201200050947,0,10,000,00,2,1,02,A01
201200050947,0,15,000,00,2,4,01,B01
201200050948,0,34,000,04,0,3,01,A01
201200050949,0,07,000,00,0,1,01,A01
201200050950,0,07,000,00,0,9,00,A01
201200050951,0,07,000,00,2,1,01,A01
201200050951,0,07,000,00,2,4,02,B01
201200050951,0,07,000,00,2,4,02,C01
201200050952,0,33,000,00,2,1,01,A01
201200050952,0,07,000,00,2,4,02,B01
201200050953,0,07,000,00,0,1,01,A01
201200050954,0,10,000,04,0,9,01,A01
201200050955,0,07,000,00,0,9,00,A01
201200050956,0,33,000,00,0,8,01,A01
201200050957,0,07,000,00,0,1,01,A01
201200050958,0,07,000,00,2,1,02,C01
201200050958,0,07,000,00,2,1,02,B01
201200050958,0,07,000,00,2,4,01,A01
201200050958,0,07,000,00,2,1,02,D01
201200050959,0,10,000,00,0,9,01,A01
201200050960,0,07,000,00,2,6,11,B01
201200050960,0,33,000,00,2,1,02,A01
201200050961,0,15,000,00,2,2,02,B01
201200050961,0,07,000,00,2,6,01,A01
201200050962,0,15,000,00,0,0,01,A01
201200050963,0,07,000,00,2,1,01,A01
201200050963,0,33,000,00,0,0,00,B01
201200050964,0,33,000,00,2,1,02,B01
201200050964,0,07,000,00,2,6,01,A01
201200050965,0,33,000,00,2,8,03,A01
201200050965,1,07,000,00,2,0,12,Z01
201200050966,0,07,000,00,2,1,02,B01
201200050966,0,07,000,00,2,4,01,A01
201200050967,0,07,000,00,2,4,01,A01
201200050967,0,34,000,00,2,1,02,B01
201200050968,0,07,000,00,2,1,02,B01
201200050968,0,07,000,00,2,4,01,A01
201200050969,0,07,000,00,2,2,12,B01
201200050969,0,34,000,00,2,8,11,A01
201200050970,0,07,000,00,2,3,01,A01
201200050970,0,07,000,00,2,1,00,B01
201200050971,0,07,000,00,2,1,02,B01
201200050971,0,07,000,00,2,1,01,A01
201200050971,0,07,000,00,2,4,02,C01
201200050972,0,07,000,00,2,1,01,A01
201200050972,0,07,000,00,2,4,02,C01
201200050972,0,07,000,00,2,4,02,B01
201200050973,0,07,000,00,2,1,02,C01
201200050973,0,07,000,00,2,8,13,B01
201200050973,0,15,000,00,2,2,01,A01
201200050974,0,07,000,00,2,1,05,B01
201200050974,0,15,000,00,2,0,00,A01
201200050975,0,07,000,00,2,1,01,A01
201200050975,0,10,000,00,2,4,02,B01
201200050976,1,07,000,00,2,4,11,Z01
201200050976,0,34,000,00,2,1,11,A01
201200050977,0,03,000,00,2,2,12,B01
201200050977,0,33,000,00,2,3,03,A01
201200050978,0,07,000,00,2,4,02,B01
201200050978,0,07,000,00,2,1,01,A01
201200050979,0,07,000,00,2,8,01,B01
201200050979,0,07,000,00,2,2,14,A01
201200050980,0,15,000,00,2,1,02,B01
201200050980,0,33,000,00,2,4,11,A01
201200050981,0,33,000,00,2,4,03,B01
201200050981,0,33,000,00,2,1,03,A01
201200050982,0,33,000,00,2,1,02,B01
201200050982,0,07,000,00,2,4,01,A01
201200050983,0,07,000,00,2,4,01,A01
201200050983,0,07,000,00,2,4,02,B01
201200050983,0,07,000,00,2,1,02,C01
201200050983,0,07,000,00,2,4,02,D01
201200050983,0,07,000,00,2,4,02,E01
201200050983,0,07,000,00,2,4,02,F01
201200050983,0,07,000,00,2,1,02,G01
201200050984,0,33,000,00,0,0,03,A01
201200050985,0,33,000,00,2,2,03,A01
201200050985,0,07,000,00,2,8,11,B01
201200050986,0,32,000,00,2,3,03,B01
201200050986,0,07,000,00,2,4,02,C01
201200050986,0,07,000,00,2,2,12,A01
201200050987,0,07,000,00,2,3,01,A01
201200050987,0,07,000,00,2,6,02,B01
201200050987,0,32,000,00,2,1,03,C01
201200050988,0,33,000,00,2,2,03,A01
201200050988,0,15,000,00,2,6,00,C01
201200050988,0,07,000,00,2,2,02,B01
201200050989,0,33,000,00,2,2,01,B01
201200050989,0,07,000,00,2,8,11,A01
201200050990,0,07,000,00,2,4,12,A01
201200050990,0,33,000,00,2,1,01,B01
201200050991,0,07,000,00,2,1,02,C01
201200050991,0,07,000,00,2,4,01,A01
201200050991,0,07,000,00,2,4,02,B01
201200050992,0,07,000,00,2,1,19,B01
201200050992,0,07,000,00,2,1,01,A01
201200050993,0,07,000,00,2,1,02,B01
201200050993,0,07,000,00,2,4,01,A01
201200050994,0,07,000,00,2,3,11,A01
201200050994,0,07,000,00,2,4,12,B01
201200050995,0,07,000,04,0,1,14,A01
201200050996,0,33,000,00,2,1,02,B01
201200050996,0,07,000,00,2,6,01,A01
201200050997,0,07,000,00,2,5,11,B01
201200050997,0,33,000,00,2,2,11,A01
201200050998,0,07,000,00,2,3,02,B01
201200050998,0,15,000,00,2,7,15,A01
201200050999,0,33,000,00,2,2,01,A01
201200050999,0,07,000,00,2,6,11,B01
201200051000,0,07,000,00,2,3,02,B01
201200051000,0,07,000,00,2,4,02,C01
201200051000,0,07,000,00,2,9,13,A01
201200051001,0,07,000,00,2,6,11,A01
201200051001,0,34,000,00,2,2,03,B01
201200051002,0,07,000,00,2,1,02,B01
201200051002,0,07,000,00,2,4,01,A01
201200051003,0,34,000,00,0,7,01,A01
201200051004,0,07,000,00,2,6,11,B01
201200051004,0,15,000,00,2,2,01,A01
201200051005,0,33,000,00,0,0,01,A01
201200051006,0,07,000,00,2,1,01,A01
201200051006,0,07,000,00,2,4,02,B01
201200051007,0,07,000,00,2,4,02,B01
201200051007,0,07,000,00,2,1,12,A01
201200051008,0,07,000,00,2,1,02,C01
201200051008,0,07,000,00,2,4,02,B01
201200051008,0,07,000,00,2,4,01,A01
201200051009,0,07,000,03,0,1,01,A01
201200051010,0,07,000,00,2,1,01,A01
201200051010,0,07,000,00,2,4,02,B01
201200051011,0,07,000,00,2,1,14,B01
201200051011,0,13,000,00,2,4,01,A01
201200051012,0,07,000,04,0,1,01,A01
201200051013,0,07,000,00,2,4,01,C01
201200051013,0,07,000,00,2,4,02,B01
201200051013,0,07,000,00,2,1,02,A01
201200051014,0,07,000,03,0,3,01,A01
201200051015,0,10,000,14,2,2,01,C01
201200051015,0,07,000,00,2,4,01,E01
201200051015,0,07,000,00,2,4,23,B01
201200051015,0,07,000,00,2,6,01,D01
201200051015,0,15,000,00,2,2,01,A01
201200051016,0,33,000,00,0,1,03,A01
201200051017,0,07,000,00,2,4,02,D01
201200051017,0,07,000,00,2,1,01,A01
201200051017,0,07,000,00,2,4,02,B01
201200051017,0,07,000,00,2,4,02,C01
201200051018,0,15,000,00,2,3,02,A01
201200051018,0,07,000,00,2,2,12,B01
201200051019,0,33,000,00,0,1,01,A01
201200051020,0,10,000,00,2,2,12,A01
201200051020,0,33,000,00,2,8,01,B01
201200051021,0,15,000,00,2,1,02,B01
201200051021,0,07,000,00,2,6,12,A01
201200051022,0,07,000,00,2,1,02,B01
201200051022,0,07,000,00,2,8,09,A01
201200051022,0,15,000,00,2,2,02,C01
201200051023,0,07,000,00,0,8,13,A01
201200051024,0,33,000,00,2,1,01,B01
201200051024,0,07,000,00,2,6,11,A01
201200051025,0,07,000,00,2,4,02,B01
201200051025,0,33,000,00,2,1,01,A01
201200051026,0,07,000,00,2,3,11,A01
201200051026,0,33,000,00,2,2,01,B01
201200051027,0,07,000,00,2,4,12,A01
201200051027,0,31,000,00,2,1,03,B01
201200051028,0,07,000,00,2,8,11,B01
201200051028,0,07,000,00,2,8,01,C01
201200051028,0,33,000,00,2,8,03,A01
201200051029,0,07,000,00,2,4,01,A01
201200051029,0,07,000,00,2,9,02,B01
201200051029,0,07,000,00,2,1,02,C01
201200051030,0,07,000,04,0,3,01,A01
201200051031,0,31,000,00,2,2,03,B01
201200051031,0,07,000,00,2,8,11,A01
201200051032,0,33,000,00,0,2,01,A01
201200051033,0,07,000,00,2,1,02,C01
201200051033,0,15,000,00,2,1,02,B01
201200051033,0,07,000,00,2,9,01,A01
201200051034,0,07,000,00,0,0,01,A01
201200051035,0,07,000,00,0,5,01,A01
201200051036,0,07,000,04,0,1,01,A01
201200051037,0,07,000,00,2,5,01,A01
201200051037,0,33,000,00,2,3,02,B01
201200051038,0,15,000,00,0,8,01,A01
201200051039,0,07,000,00,2,1,02,A01
201200051039,0,07,000,00,2,4,01,B01
201200051040,0,07,000,00,2,8,09,B01
201200051040,0,07,000,00,2,8,01,A01
201200051041,0,33,000,00,2,9,01,A01
201200051041,0,07,000,00,2,6,01,C01
201200051041,0,33,000,00,2,9,02,B01
201200051042,0,33,000,00,0,8,01,A01
201200051043,0,33,000,00,0,8,01,A01
201200051044,1,07,000,00,0,0,00,Z01
201200051044,0,33,000,00,2,8,01,A01
201200051045,1,07,000,00,0,0,00,Z01
201200051045,0,33,000,00,2,8,01,A01
201200051046,0,15,000,00,2,3,02,B01
201200051046,0,07,000,00,2,7,12,A01
201200051047,0,07,000,00,2,4,02,B01
201200051047,0,07,000,00,2,1,01,A01
201200051048,0,34,000,00,0,1,01,A01
201200051049,0,07,000,00,2,1,01,A01
201200051049,0,07,000,00,2,4,02,C01
201200051049,0,07,000,00,2,4,02,B01
201200051050,0,07,000,00,2,9,02,B01
201200051050,0,07,000,00,2,4,01,A01
201200051050,0,07,000,00,2,1,02,C01
201200051051,0,07,000,00,2,4,01,A01
201200051051,0,33,000,00,2,1,01,B01
201200051052,0,33,000,00,2,7,01,A01
201200051052,0,07,000,00,2,3,11,B01
201200051053,0,10,000,00,2,4,01,A01
201200051053,0,07,000,00,2,5,01,C01
201200051053,0,33,000,00,2,8,03,B01
201200051054,0,33,000,00,2,7,01,B01
201200051054,0,33,000,00,2,7,01,A01
201200051055,1,07,000,00,2,1,02,Z01
201200051055,0,07,000,04,2,5,01,A01
201200051056,0,07,000,00,2,4,02,B01
201200051056,0,10,000,00,2,1,02,C01
201200051056,0,07,000,00,2,4,01,A01
201200051057,0,07,000,00,0,0,01,A01
201200051058,0,07,000,00,0,9,01,A01
201200051059,0,07,000,16,0,2,14,A01
201200051060,0,10,000,00,2,1,02,B01
201200051060,0,10,000,00,2,4,01,A01
201200051061,0,07,000,00,0,9,01,A01
201200051062,0,07,000,00,2,9,02,B01
201200051062,0,07,000,00,2,1,01,A01
201200051062,0,07,000,00,2,4,02,C01
201200051063,0,07,000,00,0,9,01,A01
201200051064,0,07,000,00,0,9,01,A01
201200051065,0,07,000,04,0,3,01,A01
201200051066,0,10,000,00,0,9,00,A01
201200051067,0,15,000,00,2,3,01,A01
201200051067,0,07,000,00,2,4,02,B01
201200051068,0,07,000,00,0,9,00,A01
201200051068,0,15,000,00,0,7,00,B01
201200051069,0,07,000,00,1,4,04,A01
201200051070,0,07,000,00,2,1,01,A01
201200051070,0,07,000,00,2,1,01,B01
201200051071,0,07,000,00,1,1,01,A01
201200051072,0,07,000,00,2,1,01,B01
201200051072,0,33,000,00,2,1,01,A01
201200051073,0,07,000,00,1,1,02,A01
201200051074,0,07,000,00,1,1,01,A01
201200051075,0,07,000,00,1,8,01,A01
201200051076,0,07,000,00,2,8,09,A01
201200051076,0,07,000,00,2,3,01,B01
201200051077,0,07,000,00,2,4,01,B01
201200051077,0,07,000,00,2,1,02,A01
201200051078,0,07,000,00,0,9,00,A01
201200051079,0,07,000,00,2,7,01,A01
201200051079,0,15,000,00,2,8,01,B01
201200051080,0,07,000,00,2,3,00,A01
201200051080,0,07,000,00,2,9,00,B01