Num_Acc,senc,catv,occutc,obs,obsm,choc,manv,num_veh
201200051081,0,07,000,00,0,2,01,A01
201200051081,0,07,000,00,2,4,01,B01
201200051082,0,07,000,00,2,6,09,A01
201200051082,0,33,000,00,2,1,02,B01
201200051083,0,07,000,00,2,1,01,B01
201200051083,0,07,000,00,2,9,13,A01
201200051084,0,07,000,00,2,1,01,B01
201200051084,0,07,000,00,2,8,09,A01
201200051085,0,07,000,08,0,9,01,A01
201200051086,0,07,000,00,2,8,09,A01
201200051086,0,07,000,00,2,1,01,B01
201200051087,0,32,000,00,2,9,00,A01
201200051088,1,07,000,08,2,9,01,B01
201200051089,0,07,000,00,2,4,02,B01
201200051089,0,07,000,00,2,1,02,A01
201200051090,0,07,000,00,2,4,01,C01
201200051090,0,07,000,00,2,1,01,A01
201200051090,0,07,000,00,2,4,01,B01
201200051091,1,02,000,00,2,0,00,A01
201200051092,0,33,000,00,2,1,01,B01
201200051092,0,07,000,00,2,7,15,A01
201200051093,0,07,000,00,2,1,01,A01
201200051093,0,34,000,00,2,1,01,B01
201200051094,0,07,000,00,0,0,01,A01
201200051095,0,07,000,00,2,4,02,C01
201200051095,0,07,000,00,2,1,02,A01
201200051095,0,07,000,00,2,1,02,B01
201200051096,0,33,000,00,2,6,00,A01
201200051096,0,07,000,00,2,2,00,B01
201200051097,0,07,000,00,2,1,01,A01
201200051097,0,07,000,00,2,7,01,B01
201200051098,0,07,000,00,2,3,02,B01
201200051098,0,07,000,00,2,5,12,A01
201200051099,0,07,000,00,2,4,02,B01
201200051099,0,07,000,00,2,1,02,A01
201200051100,0,07,000,00,2,4,00,B01
201200051100,0,02,000,00,2,1,00,A01
201200051101,0,02,000,00,2,1,01,B01
201200051101,0,07,000,00,2,8,11,A01
201200051102,0,07,000,00,2,3,09,A01
201200051102,0,16,000,01,2,7,23,B01
201200051103,0,07,000,00,2,9,01,B01
201200051103,2,07,000,00,2,1,05,A01
201200051104,0,07,000,00,0,6,01,B01
201200051104,0,02,000,00,2,1,01,A01
201200051105,0,07,000,00,2,1,02,A01
201200051105,0,07,000,00,0,4,02,B01
201200051106,0,07,000,01,2,4,01,B01
201200051106,0,07,000,00,2,1,01,A01
201200051106,0,10,000,00,0,4,20,C01
201200051107,0,07,000,01,0,1,01,A01
201200051108,1,33,000,04,0,1,01,A01
201200051109,0,07,000,00,2,1,01,B01
201200051109,0,07,000,00,2,1,13,A01
201200051110,1,07,000,00,2,8,02,B01
201200051110,0,33,000,00,2,2,14,A01
201200051111,0,07,000,00,2,8,09,A01
201200051111,0,07,000,00,2,1,01,B01
201200051112,0,34,000,00,2,2,17,A01
201200051112,0,07,000,00,2,8,11,B01
201200051113,0,34,000,00,2,1,01,B01
201200051113,0,32,000,00,2,1,01,A01
201200051114,0,07,000,00,0,4,02,C01
201200051114,0,07,000,00,2,4,01,B01
201200051114,0,07,000,00,2,1,01,A01
201200051115,0,07,000,00,2,1,02,A01
201200051115,0,10,000,00,2,1,02,B01
201200051115,0,07,000,00,0,4,02,C01
201200051116,0,07,000,00,2,8,20,A01
201200051116,0,07,000,00,2,1,10,B01
201200051117,0,02,000,03,0,1,01,A01
201200051118,0,31,000,00,2,1,01,A01
201200051118,0,07,000,00,2,7,01,B01
201200051119,0,07,000,00,2,2,01,A01
201200051119,0,07,000,00,2,3,15,B01
201200051120,0,07,000,00,2,3,13,A01
201200051120,0,07,000,00,2,3,01,B01
201200051121,0,07,000,00,2,1,00,A01
201200051121,0,07,000,00,2,4,20,B01
201200051122,0,02,000,00,2,1,01,A01
201200051122,0,02,000,00,2,1,15,B01
201200051123,0,07,000,00,2,1,00,B01
201200051123,0,07,000,00,2,1,01,A01
201200051124,0,34,000,00,2,1,01,B01
201200051124,0,07,000,00,2,2,15,A01
201200051125,0,07,000,04,0,1,01,A01
201200051126,0,07,000,00,2,1,01,A01
201200051126,0,07,000,00,2,4,01,B01
201200051127,0,33,000,00,2,1,01,B01
201200051127,0,07,000,00,2,3,15,A01
201200051128,0,15,000,00,1,3,00,A01
201200051129,0,07,000,00,2,1,15,A01
201200051129,0,30,000,00,2,1,01,B01
201200051130,0,07,000,14,0,1,01,A01
201200051131,0,36,000,00,2,1,06,A01
201200051131,0,07,000,00,2,7,01,B01
201200051132,0,33,000,00,0,8,01,A01
201200051133,0,10,000,00,1,0,04,A01
201200051134,0,31,000,00,0,7,01,A01
201200051135,1,07,000,00,2,1,01,B01
201200051135,0,07,000,00,2,1,13,A01
201200051136,0,10,000,00,2,1,01,A01
201200051136,0,07,000,00,2,4,01,B01
201200051137,0,07,000,01,2,1,01,A01
201200051137,0,07,000,00,2,4,01,B01
201200051137,0,07,000,00,2,4,01,C01
201200051137,0,07,000,00,2,4,12,D01
201200051138,0,02,000,16,0,1,01,A01
201200051139,0,07,000,00,1,1,01,A01
201200051140,0,07,000,00,1,1,01,A01
201200051141,0,07,000,00,2,5,01,A01
201200051141,0,07,000,00,2,3,01,B01
201200051142,0,07,000,06,0,1,01,A01
201200051143,0,07,000,00,2,1,13,A01
201200051143,0,07,000,00,2,1,01,B01
201200051144,0,07,000,00,2,4,01,B01
201200051144,0,07,000,00,2,1,01,A01
201200051145,0,07,000,00,2,5,12,B01
201200051145,0,07,000,01,2,2,01,A01
201200051146,0,01,000,00,2,1,17,A01
201200051146,0,07,000,00,2,3,01,B01
201200051147,0,33,000,00,2,1,02,A01
201200051147,0,07,000,00,2,4,12,B01
201200051148,0,33,000,00,2,1,01,A01
201200051148,0,07,000,00,2,4,01,B01
201200051149,0,07,000,00,2,3,11,A01
201200051149,0,34,000,00,2,1,17,B01
201200051150,1,07,000,12,0,1,01,A01
201200051151,0,07,000,15,0,1,01,A01
201200051152,0,07,000,00,2,6,01,A01
201200051152,0,33,000,00,2,1,02,B01
201200051153,0,07,000,08,0,1,01,A01
201200051154,2,07,000,00,2,1,01,D01
201200051154,0,07,000,00,2,9,01,B01
201200051154,0,07,000,00,2,1,01,A01
201200051154,0,07,000,00,2,1,02,C01
201200051155,0,07,000,00,1,1,01,A01
201200051156,0,02,000,07,0,1,01,A01
201200051157,0,01,000,00,2,1,01,A01
201200051157,1,07,000,00,2,1,01,B01
201200051158,0,07,000,00,1,1,01,A01
201200051159,0,07,000,00,2,1,01,A01
201200051159,0,07,000,00,2,4,01,B01
201200051160,0,07,000,00,2,2,02,A01
201200051160,0,33,000,00,2,1,01,B01
201200051161,0,07,000,00,2,8,01,C01
201200051161,0,07,000,01,2,7,17,B01
201200051161,0,17,000,00,2,6,13,A01
201200051162,0,07,000,00,1,4,20,A01
201200051163,0,07,000,04,0,2,01,A01
201200051164,0,07,000,00,2,4,09,A01
201200051164,0,07,000,00,2,1,01,B01
201200051165,0,07,000,00,2,4,01,D01
201200051165,0,07,000,00,2,4,01,C01
201200051165,0,07,000,00,2,1,01,A01
201200051165,0,07,000,00,2,4,01,B01
201200051166,0,07,000,00,2,4,01,B01
201200051166,0,07,000,00,2,1,01,A01
201200051166,0,07,000,00,2,4,01,C01
201200051167,0,07,000,00,2,1,01,A01
201200051167,0,07,000,00,2,1,01,B01
201200051168,0,07,000,00,2,8,13,B01
201200051168,0,33,000,00,2,2,17,A01
201200051169,0,07,000,00,2,3,13,A01
201200051169,0,33,000,00,2,2,17,B01
201200051170,0,07,000,00,4,4,15,B01
201200051170,0,33,000,00,2,1,01,A01
201200051171,0,07,000,00,2,6,15,B01
201200051171,0,07,000,00,2,2,16,A01
201200051172,0,33,000,00,2,1,17,A01
201200051172,0,07,000,00,2,6,15,B01
201200051173,0,07,000,00,2,1,15,A01
201200051173,0,07,000,00,2,2,01,B01
201200051174,0,07,000,00,2,1,01,A01
201200051174,0,07,000,00,2,4,01,B01
201200051175,0,31,000,00,2,1,01,A01
201200051175,0,07,000,00,2,6,01,B01
201200051176,0,02,000,00,1,1,01,A01
201200051177,0,07,000,00,2,1,01,A01
201200051177,0,07,000,00,2,4,01,B01
201200051177,0,07,000,00,2,4,01,C01
201200051178,0,33,000,14,0,8,01,A01
201200051179,0,07,000,00,2,1,01,A01
201200051179,0,07,000,00,2,4,01,C01
201200051179,0,07,000,00,2,4,01,B01
201200051180,0,07,000,00,2,5,01,B01
201200051180,0,07,000,00,2,1,01,D01
201200051180,0,30,000,00,2,1,01,C01
201200051180,1,33,000,00,2,1,13,A01
201200051180,0,07,000,00,2,4,01,E01
201200051181,0,07,000,00,4,4,05,B01
201200051181,0,13,000,01,0,1,05,A01
201200051182,0,07,000,01,0,2,14,A01
201200051183,0,07,000,00,2,6,09,A01
201200051183,0,02,000,00,2,1,01,B01
201200051184,0,07,000,00,2,7,16,B01
201200051184,0,32,000,00,2,1,18,A01
201200051185,0,33,000,00,2,1,01,B01
201200051185,0,07,000,00,2,8,11,A01
201200051186,0,07,000,00,2,1,01,A01
201200051186,0,07,000,00,2,4,01,B01
201200051187,0,07,000,00,2,1,13,A01
201200051187,0,07,000,00,2,1,01,B01
201200051188,0,07,000,00,2,4,13,A01
201200051188,0,32,000,00,2,2,17,B01
201200051189,0,32,000,12,0,1,02,A01
201200051190,0,07,000,00,2,1,01,A01
201200051190,0,07,000,00,2,4,01,B01
201200051191,0,07,000,00,2,1,01,A01
201200051191,0,07,000,00,2,4,01,B01
201200051191,0,07,000,00,2,4,01,D01
201200051191,0,07,000,00,2,4,01,C01
201200051192,0,07,000,00,1,2,01,A01
201200051193,0,07,000,06,1,1,01,A01
201200051194,0,02,000,00,2,1,13,A01
201200051194,0,34,000,00,2,1,01,B01
201200051195,0,02,000,00,2,1,17,A01
201200051195,0,07,000,00,2,3,15,B01
201200051196,0,33,000,00,2,1,01,A01
201200051196,0,34,000,00,2,1,02,B01
201200051197,0,07,000,00,2,1,01,A01
201200051197,2,07,000,00,2,6,01,B01
201200051198,0,07,000,00,2,1,01,B01
201200051198,0,07,000,00,2,1,13,A01
201200051199,0,07,000,00,2,1,01,A01
201200051199,0,07,000,00,0,4,01,B01
201200051200,0,07,000,00,2,8,01,A01
201200051201,0,32,000,06,0,1,01,A01
201200051201,0,14,000,06,0,1,01,B01
201200051202,0,07,000,00,2,1,01,A01
201200051202,0,07,000,00,2,4,01,B01
201200051203,0,07,000,00,2,1,01,B01
201200051203,0,33,000,00,2,1,13,A01
201200051204,0,07,000,00,2,2,11,A01
201200051204,0,32,000,00,2,1,01,B01
201200051205,0,07,000,00,1,4,20,A01
201200051206,0,31,000,00,0,1,01,B01
201200051206,0,07,000,00,0,0,01,A01
201200051207,0,07,000,00,2,1,01,B01
201200051207,0,07,000,00,2,6,15,A01
201200051208,0,07,000,00,2,3,15,A01
201200051208,0,33,000,00,2,1,01,B01
201200051209,0,33,000,00,2,8,01,B01
201200051209,0,07,000,00,2,2,15,A01
201200051210,0,33,000,00,2,5,01,A01
201200051210,0,07,000,00,2,2,15,B01
201200051211,0,07,000,00,2,5,04,A01
201200051211,0,07,000,00,2,2,01,B01
201200051212,2,07,000,00,2,2,01,Z01
201200051212,0,07,000,00,2,6,15,B01
201200051213,0,07,000,04,0,9,01,A01
201200051214,0,07,000,00,2,4,01,B01
201200051214,0,07,000,00,2,1,01,A01
201200051215,0,33,000,00,2,1,01,A01
201200051215,0,07,000,00,2,4,01,B01
201200051216,0,07,000,00,0,0,15,B01
201200051216,0,33,000,00,0,8,01,A01
201200051217,0,07,000,00,2,3,01,A01
201200051217,0,07,000,00,2,7,15,B01
201200051218,0,07,000,00,2,6,13,A01
201200051218,0,34,000,00,2,7,17,B01
201200051219,0,07,000,00,2,6,09,B01
201200051219,0,07,000,00,2,3,01,A01
201200051220,0,33,000,04,0,1,02,A01
201200051221,0,07,000,00,1,3,01,A01
201200051222,0,07,000,13,0,0,01,A01
201200051223,0,07,000,00,2,1,01,A01
201200051223,0,07,000,00,2,4,01,B01
201200051224,0,07,000,00,2,4,01,B01
201200051224,0,07,000,00,0,1,01,A01
201200051225,0,07,000,00,2,4,01,B01
201200051225,0,07,000,00,2,1,01,A01
201200051226,0,07,000,00,2,4,01,B01
201200051226,0,33,000,00,2,1,01,A01
201200051227,0,07,000,00,2,8,01,B01
201200051227,0,31,000,00,2,1,01,A01
201200051228,0,07,000,00,2,1,01,B01
201200051228,0,33,000,00,2,7,01,A01
201200051229,0,07,000,00,1,3,01,A01
201200051230,0,01,000,00,2,1,01,A01
201200051230,0,07,000,00,2,2,01,B01
201200051231,0,10,000,00,2,4,01,B01
201200051231,0,07,000,00,2,1,01,A01
201200051232,0,07,000,06,0,1,01,A01
201200051233,0,07,000,16,0,1,01,A01
201200051234,0,07,000,00,2,1,01,A01
201200051234,0,07,000,00,2,4,01,B01
201200051234,0,07,000,00,2,4,01,C01
201200051235,0,07,000,00,2,1,01,A01
201200051235,0,07,000,00,2,4,01,D01
201200051235,0,07,000,00,2,4,01,B01
201200051235,0,07,000,00,2,4,01,C01
201200051236,0,07,000,00,2,4,01,B01
201200051236,1,07,000,00,2,1,01,Z01
201200051237,0,07,000,00,1,1,01,A01
201200051238,0,07,000,00,2,1,01,A01
201200051238,0,07,000,00,2,4,01,C01
201200051238,0,07,000,00,2,4,01,B01
201200051239,0,07,000,13,0,7,01,A01
201200051240,0,07,000,00,1,8,01,A01
201200051241,0,07,000,00,1,1,01,A01
201200051242,0,07,000,09,0,1,14,A01
201200051243,0,07,000,00,1,1,01,A01
201200051244,0,07,000,00,2,4,01,C01
201200051244,0,07,000,00,2,4,01,B01
201200051244,0,07,000,00,2,1,01,A01
201200051245,0,07,000,00,2,1,01,B01
201200051245,0,07,000,08,2,1,01,A01
201200051246,0,07,000,00,2,4,01,B01
201200051246,0,07,000,00,2,4,01,C01
201200051246,0,10,000,00,2,1,01,A01
201200051247,0,07,000,00,2,2,01,A01
201200051247,0,07,000,00,2,4,01,B01
201200051247,0,07,000,00,2,4,01,C01
201200051248,0,07,000,06,0,1,01,A01
201200051249,0,07,000,00,2,4,01,C01
201200051249,0,07,000,00,2,4,01,B01
201200051249,0,07,000,00,2,1,01,A01
201200051249,0,07,000,00,2,4,01,D01
201200051250,0,02,000,00,2,8,01,B01
201200051250,0,07,000,00,2,7,12,A01
201200051251,0,07,000,00,2,1,01,B01
201200051251,0,07,000,08,2,7,01,A01
201200051252,0,07,000,00,1,5,20,A01
201200051253,0,07,000,00,2,8,11,A01
201200051253,0,07,000,08,2,1,02,B01
201200051254,0,30,000,15,0,3,14,A01
201200051255,0,07,000,00,1,2,01,A01
201200051256,0,31,000,00,2,1,01,B01
201200051256,0,07,000,00,2,2,16,A01
201200051257,0,07,000,00,2,7,15,A01
201200051257,0,30,000,00,2,1,01,B01
201200051258,0,30,000,00,9,1,01,A01
201200051259,0,07,000,00,1,2,16,A01
201200051260,0,07,000,03,0,3,02,A01
201200051260,1,07,000,00,0,0,11,Z01
201200051261,0,33,000,00,2,1,19,A01
201200051261,0,07,000,00,2,7,01,B01
201200051262,0,07,000,01,0,2,14,A01
201200051263,0,07,000,00,0,0,12,A01
201200051263,0,33,000,00,2,0,01,B01
201200051264,0,20,000,00,2,6,13,B01
201200051264,0,10,000,00,2,3,02,A01
201200051265,0,33,000,00,2,1,01,A01
201200051265,0,07,000,00,2,8,00,B01
201200051266,0,33,000,00,2,8,02,A01
201200051266,0,07,000,00,2,2,01,B01
201200051267,0,30,000,00,2,0,01,A01
201200051267,1,07,000,00,2,0,01,Z01
201200051268,0,02,000,00,2,1,02,A01
201200051268,0,07,000,00,2,5,02,B01
201200051269,0,02,000,00,0,0,21,A01
201200051269,0,01,000,00,0,0,02,B01
201200051270,0,07,000,00,2,8,01,B01
201200051270,0,07,000,00,2,1,01,A01
201200051271,0,07,000,00,1,2,01,A01
201200051272,0,07,000,08,2,3,13,A01
201200051272,0,33,000,00,2,1,01,B01
201200051273,0,33,000,01,0,7,14,A01
201200051274,0,07,000,00,2,7,16,A01
201200051274,0,37,010,00,2,3,07,B01
201200051275,0,07,000,00,2,1,01,A01
201200051275,0,07,000,00,2,4,02,B01
201200051276,0,07,000,00,1,1,01,A01
201200051277,0,07,000,00,2,2,17,A01
201200051277,0,07,000,00,2,6,00,B01
201200051278,0,37,001,00,1,6,15,A01
201200051279,0,30,000,00,2,1,01,A01
201200051279,0,07,000,00,2,2,01,B01
201200051280,0,07,000,00,2,1,01,A01
201200051280,0,01,000,00,2,4,13,B01
201200051281,0,07,000,08,0,1,01,A01
201200051282,0,01,000,00,2,1,05,A01
201200051282,0,07,000,00,2,1,01,B01
201200051283,1,07,000,00,1,0,00,Z01
201200051284,0,33,000,00,2,8,01,A01
201200051284,0,07,000,00,2,7,14,B01
201200051285,0,10,000,00,2,7,23,B01
201200051285,0,01,000,00,0,1,18,A01
201200051286,0,30,000,00,1,1,21,A01
201200051287,0,33,000,10,0,2,01,A01
201200051288,0,33,000,00,2,8,11,A01
201200051288,0,07,000,00,2,2,01,B01
201200051289,0,31,000,00,1,1,01,A01
201200051290,0,31,000,00,2,1,01,B01
201200051290,0,07,000,00,2,3,01,A01
201200051291,0,07,000,00,2,2,15,A01
201200051291,0,07,000,00,2,3,01,B01
201200051292,1,30,000,00,1,1,01,Z01
201200051293,0,33,000,00,2,8,01,A01
201200051293,0,07,000,00,2,5,14,B01
201200051294,0,32,000,00,2,7,01,A01
201200051294,0,01,000,00,2,8,11,B01
201200051295,1,02,000,00,2,0,05,A01
201200051295,0,07,000,00,2,7,01,B01
201200051296,0,01,000,00,2,7,05,A01
201200051296,0,07,000,00,2,1,01,B01
201200051297,1,07,000,00,2,0,00,Z01
201200051297,0,30,000,00,2,0,23,B01
201200051298,0,07,000,00,2,2,00,B01
201200051298,0,01,000,00,2,3,00,A01
201200051299,0,30,000,14,2,0,03,A01
201200051299,1,37,008,00,2,8,01,B01
201200051300,0,31,000,00,2,1,01,A01
201200051300,0,07,000,00,2,6,02,B01
201200051301,0,07,000,00,2,4,02,A01
201200051301,0,07,000,00,2,1,02,D01
201200051301,0,10,000,00,2,4,02,C01
201200051301,0,07,000,00,2,4,02,B01
201200051302,1,07,000,00,2,0,00,Z01
201200051303,0,30,000,00,2,1,01,A01
201200051303,0,01,000,00,2,7,02,B01
201200051304,0,07,000,08,0,1,16,A01
201200051304,0,07,000,00,2,3,24,B01
201200051305,0,07,000,00,0,4,00,B01
201200051305,0,33,000,00,2,1,02,A01
201200051306,0,02,000,00,1,1,01,A01
201200051307,0,07,000,00,1,2,01,A01
201200051308,0,02,000,01,0,7,07,A01
201200051309,0,02,000,00,2,1,02,A01
201200051309,0,07,000,00,2,5,02,B01
201200051310,0,07,000,00,2,2,15,A01
201200051310,0,30,000,00,2,1,16,B01
201200051311,0,31,000,00,2,1,01,B01
201200051311,0,07,000,00,2,3,01,A01
201200051312,0,31,000,00,1,1,01,A01
201200051313,0,02,000,00,2,1,09,A01
201200051313,0,07,000,00,2,4,01,B01
201200051314,0,07,000,01,1,2,01,A01
201200051315,0,07,000,00,1,1,01,A01
201200051316,0,07,000,00,1,1,02,A01
201200051317,0,01,000,00,1,1,00,A01
201200051318,0,37,010,00,9,3,13,A01
201200051318,0,99,000,00,2,2,05,B01
201200051319,0,07,000,00,2,4,02,B01
201200051319,1,99,000,00,2,1,02,Z01
201200051319,0,07,000,00,2,4,23,C01
201200051320,0,07,000,00,4,6,15,A01
201200051320,0,40,050,00,2,2,01,B01
201200051321,0,07,000,00,2,4,02,B01
201200051322,0,32,000,00,1,7,02,A01
201200051323,0,07,000,00,2,2,01,A01
201200051323,0,02,000,00,2,8,01,B01
201200051324,0,33,000,00,2,7,15,A01
201200051324,0,07,000,00,2,8,15,B01
201200051325,0,10,000,00,1,2,19,A01
201200051326,0,33,000,00,2,1,09,A01
201200051326,0,07,000,00,2,2,00,B01
201200051327,0,07,000,03,2,2,02,B01
201200051327,0,07,000,00,0,0,02,C01
201200051327,0,17,000,03,2,7,02,A01
201200051328,0,07,000,00,0,6,23,B01
201200051328,0,15,000,01,0,2,14,A01
201200051329,0,17,000,03,0,2,14,A01
201200051330,0,07,000,00,0,6,02,B01
201200051330,0,33,000,00,2,1,02,A01
201200051331,0,33,000,00,2,4,02,B01
201200051331,1,07,000,00,2,1,02,Z01
201200051332,0,07,000,00,2,0,00,B01
201200051332,0,07,000,00,2,0,00,E01
201200051332,0,07,000,00,2,0,00,C01
201200051332,0,07,000,00,2,0,00,D01
201200051332,0,07,000,04,0,3,02,A01
201200051333,0,07,000,00,2,7,17,A01
201200051333,0,07,000,00,2,8,02,B01
201200051334,0,07,000,03,2,1,13,A01
201200051334,0,07,000,04,2,4,01,B01
201200051335,0,07,000,00,2,8,01,B01
201200051335,1,15,000,00,2,7,12,Z01
201200051336,0,07,000,01,2,1,01,B01
201200051336,0,07,000,00,2,1,05,A01
201200051337,0,33,000,03,0,8,01,A01
201200051338,0,07,000,07,2,1,17,A01
201200051338,0,15,000,00,2,6,01,B01
201200051339,0,10,000,00,2,7,14,A01
201200051339,0,10,000,00,2,8,01,B01
201200051340,0,07,000,00,2,4,02,B01
201200051340,0,10,000,00,2,1,02,A01
201200051341,0,10,000,00,0,6,24,B01
201200051341,0,07,000,01,0,4,00,A01
201200051342,0,07,000,00,1,5,20,A01
201200051343,0,33,000,00,2,1,03,A01
201200051343,0,07,000,00,0,5,09,B01
201200051344,0,07,000,00,2,6,02,B01
201200051345,0,07,000,00,2,2,14,A01
201200051345,0,07,000,00,2,8,02,B01
201200051346,0,07,000,00,2,8,11,B01
201200051346,1,15,000,00,2,2,00,Z01
201200051347,2,07,000,03,2,3,11,A01
201200051347,0,38,001,00,0,6,01,B01
201200051348,0,33,000,00,2,1,01,B01
201200051348,0,07,000,00,2,5,03,A01
201200051349,0,07,000,00,2,4,02,C01
201200051349,0,15,000,00,2,1,02,A01
201200051349,0,07,000,00,2,4,02,B01
201200051350,0,07,000,13,0,2,14,A01
201200051351,0,17,000,00,2,1,01,A01
201200051351,0,07,000,03,0,4,02,B01
201200051351,0,07,000,00,9,2,02,C01
201200051351,0,07,000,00,9,1,02,D01
201200051352,0,10,000,00,2,6,01,B01
201200051352,0,07,000,04,2,2,03,A01
201200051353,0,07,000,00,0,0,00,A01
201200051354,0,07,000,00,2,1,05,A01
201200051354,0,07,000,00,2,1,02,B01
201200051355,0,07,000,08,0,3,14,A01
201200051356,0,15,000,00,2,1,02,A01
201200051356,0,14,000,00,0,4,02,B01
201200051357,0,07,000,00,0,4,23,C01
201200051357,0,07,000,04,0,1,00,A01
201200051357,0,07,000,00,9,4,23,B01
201200051358,0,07,000,00,2,5,12,A01
201200051358,0,14,000,00,2,2,21,B01
201200051359,0,07,000,04,0,8,01,C01
201200051359,0,07,000,00,2,6,11,A01
201200051359,0,07,000,00,2,2,01,B01
201200051360,0,07,000,03,2,3,01,B01
201200051360,0,07,000,06,2,1,17,A01
201200051361,0,07,000,05,2,3,01,B01
201200051361,0,07,000,05,2,2,12,A01
201200051362,0,07,000,03,2,3,01,B01
201200051362,1,07,000,00,2,2,14,Z01
201200051363,0,07,000,00,2,1,21,A01
201200051363,0,07,000,00,0,4,02,B01
201200051363,0,07,000,00,0,4,02,C01
201200051364,0,14,000,00,0,4,24,C01
201200051364,0,15,000,01,0,7,14,A01
201200051364,0,15,000,00,0,8,24,B01
201200051365,0,07,000,03,0,7,14,A01
201200051366,0,07,000,00,2,7,12,A01
201200051366,0,15,000,00,2,8,02,B01
201200051367,0,07,000,00,9,7,21,A01
201200051367,0,33,000,00,0,7,01,B01
201200051368,0,15,000,00,2,2,01,B01
201200051368,0,15,000,00,0,6,01,C01
201200051368,0,33,000,04,2,3,11,A01
201200051369,0,07,000,00,2,8,11,A01
201200051369,0,33,000,00,2,7,01,B01
201200051370,0,07,000,00,2,3,01,A01
201200051370,0,07,000,00,0,4,01,C01
201200051370,0,33,000,00,0,4,01,B01
201200051371,0,10,000,00,2,4,23,B01
201200051371,0,33,000,00,2,1,09,A01
201200051372,0,07,000,01,0,1,02,A01
201200051373,0,33,000,04,0,8,09,A01
201200051374,0,33,000,00,2,1,02,A01
201200051374,0,15,000,00,2,4,02,B01
201200051375,0,07,000,04,0,2,16,A01
201200051376,0,17,000,00,0,4,23,B01
201200051376,0,07,000,01,0,1,02,A01
201200051377,0,33,000,00,9,8,09,A01
201200051377,0,01,000,00,2,7,14,B01
201200051378,0,07,000,04,2,3,00,A01
201200051378,1,07,000,,0,0,,Z01
201200051379,0,07,000,00,2,2,12,A01
201200051379,0,07,000,00,0,6,01,B01
201200051380,1,07,000,00,2,2,00,Z01
201200051380,0,07,000,15,2,0,00,B01
201200051381,0,07,000,04,0,1,01,A01
201200051382,0,33,000,00,2,1,02,A01
201200051382,0,07,000,00,2,4,02,B01
201200051383,0,17,000,00,0,8,01,C01
201200051383,0,10,000,00,2,1,01,A01
201200051383,0,07,000,00,2,4,01,B01
201200051384,0,15,000,00,0,6,02,B01
201200051384,0,17,000,01,0,2,02,A01
201200051385,0,33,000,03,0,8,13,A01
201200051386,0,07,000,00,0,0,00,B01
201200051386,0,07,000,00,2,7,00,A01
201200051386,0,07,000,00,2,0,00,C01
201200051387,0,07,000,04,0,2,01,A01
201200051388,0,38,001,00,0,0,00,A01
201200051389,0,32,000,03,0,2,15,A01
201200051390,0,07,000,00,2,7,14,A01
201200051390,0,07,000,00,2,8,01,B01
201200051391,0,07,000,00,2,8,17,A01
201200051391,0,15,000,00,0,7,00,B01
201200051392,0,07,000,04,0,3,02,A01
201200051393,0,17,000,00,2,1,02,A01
201200051393,0,07,000,04,0,4,02,B01
201200051394,0,07,000,00,2,1,02,A01
201200051394,0,33,000,00,0,4,02,B01
201200051395,0,33,000,00,2,1,02,A01
201200051395,0,07,000,00,2,4,02,B01
201200051396,0,07,000,04,0,3,00,A01
201200051397,0,15,000,00,2,1,02,A01
201200051397,0,07,000,00,2,4,02,B01
201200051398,0,07,000,00,2,1,02,A01
201200051398,0,15,000,00,2,4,02,B01
201200051399,0,07,000,00,2,1,02,A01
201200051399,0,07,000,00,2,4,02,B01
201200051400,0,33,000,04,0,1,00,A01
201200051401,0,07,000,00,2,4,02,B01
201200051401,0,07,000,00,2,1,02,A01
201200051402,0,07,000,03,0,1,14,A01
201200051403,0,33,000,00,2,3,03,A01
201200051403,0,07,000,00,2,5,12,B01
201200051404,0,07,000,00,2,6,01,B01
201200051404,2,07,000,00,2,2,02,Z01
201200051404,1,07,000,00,2,2,14,A01
201200051405,0,07,000,03,0,6,01,B01
201200051405,0,07,000,00,2,2,00,A01
201200051406,0,33,000,00,0,7,00,A01
201200051407,0,33,000,03,0,8,16,A01
201200051408,0,10,000,00,2,5,24,B01
201200051408,0,07,000,01,0,2,14,A01
201200051409,0,33,000,00,0,7,15,A01
201200051410,1,07,000,00,2,4,04,A01
201200051410,0,07,000,00,2,1,23,B01
201200051411,0,07,000,00,0,9,02,A01
201200051412,0,07,000,00,2,4,02,B01
201200051412,0,33,000,00,2,1,02,A01
201200051413,0,07,000,00,2,4,02,B01
201200051413,0,07,000,00,2,1,02,A01
201200051414,0,07,000,01,0,1,01,A01
201200051414,0,07,000,00,0,1,01,B01
201200051415,0,07,000,00,2,6,01,B01
201200051416,0,33,000,00,2,8,03,B01
201200051416,0,07,000,00,2,7,12,A01
201200051417,0,07,000,00,2,2,00,A01
201200051417,0,07,000,00,2,1,02,B01
201200051418,0,14,000,00,2,1,01,A01
201200051418,0,14,000,00,0,4,14,B01
201200051419,0,33,000,03,0,2,00,A01
201200051420,0,33,000,00,0,7,15,A01
201200051421,0,07,000,00,2,4,02,A01
201200051421,0,17,000,00,0,4,02,B01
201200051422,0,33,000,00,2,3,03,A01
201200051422,0,07,000,00,0,5,01,D01
201200051422,0,07,000,00,0,5,01,E01
201200051422,0,07,000,00,0,2,01,B01
201200051422,0,15,000,00,0,8,01,C01
201200051423,0,07,000,00,2,1,01,A01
201200051423,0,07,000,00,2,4,02,D01