Num_Acc,senc,catv,occutc,obs,obsm,choc,manv,num_veh
201200052460,0,07,000,00,0,4,23,D01
201200052460,0,07,000,00,2,4,23,C01
201200052460,0,10,000,00,2,1,02,A01
201200052460,0,07,000,00,2,4,23,B01
201200052461,0,15,000,00,2,7,12,A01
201200052461,0,07,000,00,0,8,01,B01
201200052462,0,07,000,00,2,1,02,A01
201200052462,0,07,000,00,0,4,01,B01
201200052463,0,07,000,00,2,2,01,A01
201200052463,0,07,000,00,2,6,02,B01
201200052464,0,07,000,04,2,2,02,B01
201200052464,0,07,000,04,2,6,02,A01
201200052465,0,07,000,,,4,,B02
201200052465,0,07,000,,2,1,,A01
201200052466,0,15,000,00,2,2,12,A01
201200052466,0,07,000,03,2,8,02,B01
201200052467,0,07,000,00,0,6,02,A01
201200052467,0,10,000,00,2,2,01,B01
201200052468,0,07,000,00,2,4,02,B01
201200052468,0,07,000,00,2,1,00,C01
201200052468,0,07,000,00,2,1,01,A01
201200052469,0,15,000,00,0,6,02,B01
201200052469,0,07,000,14,0,1,02,A01
201200052470,0,07,000,00,2,4,02,D01
201200052470,1,07,000,00,2,1,02,A01
201200052470,0,07,000,00,2,4,02,C01
201200052470,0,07,000,00,2,4,02,B01
201200052471,0,07,000,04,0,3,01,A01
201200052472,0,07,000,00,2,2,02,A01
201200052472,0,07,000,00,0,4,02,C01
201200052472,0,07,000,00,2,4,02,B01
201200052473,0,07,000,00,2,1,12,A01
201200052473,0,10,000,00,2,4,01,B01
201200052473,0,07,000,00,2,4,02,C01
201200052473,0,07,000,00,2,4,01,D01
201200052473,0,07,000,00,2,4,01,E01
201200052474,0,07,000,04,0,3,00,A01
201200052475,0,07,000,00,2,2,17,B01
201200052475,0,07,000,00,2,2,01,A01
201200052476,0,10,000,00,2,1,02,A01
201200052476,0,07,000,00,0,8,00,B01
201200052477,0,07,000,15,0,1,00,A01
201200052478,0,07,000,00,0,4,02,B01
201200052478,0,07,000,00,2,1,02,A01
201200052479,0,07,000,00,2,4,02,B01
201200052479,0,33,000,00,2,1,02,A01
201200052480,0,07,000,00,2,1,02,A01
201200052480,0,07,000,00,2,4,02,B01
201200052480,0,17,000,00,0,4,02,C01
201200052481,2,07,000,03,,,13,A01
201200052481,0,07,000,,2,2,,B02
201200052482,0,07,000,04,0,3,11,A01
201200052483,0,17,000,00,2,1,02,A01
201200052483,0,07,000,00,2,4,02,B01
201200052484,0,07,000,04,0,3,02,A01
201200052485,0,33,000,00,0,6,16,A01
201200052486,0,17,000,00,2,5,12,A01
201200052486,0,07,000,00,2,1,02,C01
201200052486,0,07,000,00,2,1,02,D01
201200052486,0,07,000,04,2,6,02,B01
201200052487,0,38,059,00,2,1,02,A01
201200052487,0,07,000,00,2,4,23,B01
201200052487,0,07,000,00,2,4,23,C01
201200052487,0,07,000,00,2,4,23,D01
201200052487,0,07,000,00,2,6,23,E01
201200052487,0,07,000,00,2,4,23,F02
201200052488,0,07,000,00,0,4,23,C01
201200052488,0,07,000,00,2,1,11,A01
201200052488,0,07,000,00,2,4,23,B01
201200052489,0,07,000,00,2,1,02,A01
201200052489,0,10,000,00,2,4,02,B01
201200052489,0,07,000,00,2,4,02,C01
201200052490,0,17,000,00,2,2,01,B01
201200052490,0,10,000,04,2,1,17,C01
201200052490,0,07,000,03,2,8,01,A01
201200052491,0,10,000,00,2,4,23,C01
201200052491,0,10,000,00,2,4,02,B01
201200052491,0,10,000,00,2,1,02,A01
201200052492,0,07,000,00,2,1,02,A01
201200052492,0,07,000,00,0,4,02,C01
201200052492,0,07,000,00,2,4,02,B01
201200052493,0,07,000,00,2,2,14,A01
201200052493,0,07,000,00,2,3,01,B01
201200052494,0,33,000,05,0,8,01,A01
201200052495,0,07,000,00,2,1,01,A01
201200052495,0,07,000,00,2,0,00,B01
201200052496,0,07,000,00,2,3,01,A01
201200052496,0,07,000,04,2,5,00,B01
201200052497,0,07,000,00,2,1,12,A01
201200052497,0,07,000,00,2,4,23,B01
201200052497,0,07,000,00,2,4,23,C01
201200052497,0,07,000,00,0,4,23,D01
201200052498,0,15,000,03,0,1,01,A01
201200052499,0,07,000,00,0,0,09,A01
201200052499,0,07,000,03,0,3,21,B01
201200052500,0,07,000,13,0,5,01,B01
201200052500,0,10,000,00,0,0,11,A01
201200052501,0,07,000,00,2,1,02,A01
201200052501,0,07,000,00,2,4,02,B01
201200052501,0,07,000,00,2,4,02,C01
201200052502,0,33,000,03,0,7,00,A01
201200052503,0,10,000,04,2,8,21,A01
201200052503,0,07,000,00,0,4,01,B01
201200052504,0,07,000,00,2,1,02,A01
201200052504,0,38,001,00,2,5,02,B01
201200052505,1,07,000,00,2,1,09,A01
201200052505,0,07,000,00,2,4,09,B01
201200052506,0,99,000,00,2,2,11,A01
201200052506,0,10,000,04,2,7,12,B01
201200052507,0,17,000,00,2,1,02,A01
201200052507,0,07,000,00,2,4,02,B01
201200052507,0,07,000,00,2,4,02,C01
201200052507,0,07,000,00,2,7,01,D01
201200052507,0,07,000,00,2,1,01,E01
201200052507,0,07,000,00,2,4,02,F02
201200052507,0,07,000,00,2,4,02,G02
201200052507,0,07,000,00,0,4,02,H02
201200052508,0,07,000,00,2,2,14,A01
201200052508,0,33,000,00,2,8,01,B01
201200052509,0,07,000,00,2,5,12,A01
201200052509,0,33,000,00,2,8,01,B01
201200052510,0,07,000,00,2,4,02,B01
201200052510,0,07,000,00,2,1,02,A01
201200052511,0,07,000,13,0,9,14,A01
201200052512,0,07,000,00,2,1,01,A01
201200052512,0,07,000,00,2,4,01,B01
201200052512,0,07,000,00,0,4,01,C01
201200052512,0,17,000,00,0,4,01,D01
201200052513,0,07,000,00,2,1,02,A01
201200052513,0,07,000,00,2,1,02,B01
201200052513,0,07,000,00,2,1,02,C01
201200052514,0,07,000,00,2,1,02,A01
201200052514,0,07,000,00,2,4,02,B01
201200052514,0,07,000,00,0,4,02,C01
201200052514,0,07,000,00,2,1,02,D01
201200052515,0,07,000,03,0,9,00,A01
201200052516,0,33,000,00,2,1,02,A01
201200052516,0,07,000,00,2,4,02,B01
201200052517,0,33,000,00,2,1,02,A01
201200052517,0,07,000,00,0,6,02,B01
201200052518,0,07,000,03,0,7,02,A01
201200052519,1,17,000,00,2,5,01,Z01
201200052519,0,33,000,00,2,8,21,A01
201200052520,0,07,000,04,2,3,02,A01
201200052520,0,07,000,00,0,4,02,B01
201200052521,0,33,000,00,2,1,02,A01
201200052521,0,07,000,00,0,6,02,B01
201200052522,0,07,000,00,2,1,02,A01
201200052522,0,10,000,00,2,4,02,B01
201200052522,0,10,000,00,0,4,02,C01
201200052523,0,07,000,00,2,1,02,A01
201200052523,0,07,000,00,2,4,02,B01
201200052523,0,07,000,00,0,4,02,C01
201200052524,0,07,000,03,2,1,01,B01
201200052524,0,07,000,03,0,1,01,A01
201200052525,0,07,000,15,0,2,19,A01
201200052526,0,07,000,04,0,2,01,A01
201200052527,0,07,000,00,2,3,02,A01
201200052527,0,07,000,00,0,5,02,B01
201200052527,0,07,000,00,0,4,02,C01
201200052528,0,10,000,00,2,3,02,A01
201200052529,0,13,000,00,2,1,02,A01
201200052529,0,07,000,00,2,4,02,B01
201200052530,0,07,000,13,0,1,21,A01
201200052531,0,07,000,04,2,2,12,A01
201200052531,0,07,000,04,2,6,01,B01
201200052532,0,07,000,03,0,4,00,A01
201200052533,0,33,000,12,0,1,01,A01
201200052534,0,07,000,00,0,4,01,C01
201200052534,0,07,000,00,2,1,11,A01
201200052534,0,07,000,00,2,4,01,B01
201200052535,0,07,000,00,0,4,02,B01
201200052535,0,07,000,00,2,1,02,A01
201200052536,0,07,000,00,2,2,12,A01
201200052536,0,07,000,04,0,6,02,B01
201200052537,0,07,000,00,0,1,01,A01
201200052538,0,07,000,03,0,9,19,A01
201200052539,0,07,000,04,2,3,11,A01
201200052539,0,15,000,00,2,3,01,B01
201200052540,0,07,000,00,2,2,01,B02
201200052540,0,07,000,00,2,1,01,C02
201200052540,2,07,000,03,0,1,,A01
201200052541,0,07,000,00,2,5,02,A01
201200052541,0,07,000,00,2,9,02,B01
201200052542,0,07,000,00,2,6,18,A01
201200052542,0,17,000,00,2,2,02,B01
201200052543,0,07,000,04,0,3,01,A01
201200052544,0,07,000,00,2,1,02,A01
201200052544,0,33,000,00,0,4,02,B01
201200052545,0,07,000,00,0,0,24,T01
201200052545,1,07,000,00,1,2,03,Z01
201200052546,0,07,000,00,0,5,01,B01
201200052546,0,07,000,00,2,2,14,A01
201200052547,0,07,000,04,0,3,17,A01
201200052548,0,07,000,00,2,3,02,A01
201200052548,0,07,000,00,2,4,02,C01
201200052548,0,07,000,00,2,5,02,B01
201200052548,0,07,000,00,0,4,02,D01
201200052549,0,33,000,00,2,1,02,A01
201200052549,0,07,000,00,0,6,02,B01
201200052550,0,07,000,00,2,1,02,A01
201200052550,0,07,000,00,2,4,23,B01
201200052550,0,07,000,00,2,4,23,C01
201200052550,0,07,000,00,2,4,23,D01
201200052550,0,10,000,00,0,4,23,E01
201200052551,0,10,000,00,2,1,02,A01
201200052551,0,07,000,00,0,4,02,B01
201200052552,0,10,000,13,0,1,02,A01
201200052553,0,17,000,00,2,3,02,A01
201200052553,0,10,000,04,2,5,02,B01
201200052554,0,07,000,03,0,8,11,A01
201200052555,0,07,000,00,2,1,01,A01
201200052555,0,38,047,00,0,4,01,B01
201200052556,0,07,000,00,1,7,21,A01
201200052557,0,07,000,07,0,1,00,A01
201200052558,0,07,000,00,2,4,02,B01
201200052558,0,07,000,00,2,1,02,A01
201200052559,0,07,000,00,2,1,02,A01
201200052559,0,07,000,00,0,4,02,B01
201200052560,0,10,000,00,2,1,02,A01
201200052560,0,07,000,00,0,4,02,B01
201200052561,0,07,000,00,2,1,02,A01
201200052561,0,07,000,00,0,4,02,B01
201200052561,0,07,000,00,2,1,02,C01
201200052562,0,07,000,04,2,1,13,A01
201200052562,0,10,000,00,2,6,02,B01
201200052563,0,10,000,00,2,1,02,A01
201200052563,0,07,000,00,2,4,02,B01
201200052563,0,07,000,00,2,4,02,C01
201200052563,0,15,000,00,0,4,02,D01
201200052564,0,10,000,00,0,9,01,A01
201200052565,0,07,000,04,0,0,01,A01
201200052566,0,10,000,13,0,7,21,A01
201200052567,1,10,000,00,2,7,12,Z01
201200052567,0,33,000,00,2,8,01,A01
201200052568,0,10,000,00,2,7,12,A01
201200052568,0,33,000,00,2,3,12,B01
201200052569,0,07,000,00,2,2,17,A01
201200052569,0,07,000,00,0,6,02,B01
201200052570,0,07,000,00,0,8,13,A01
201200052571,0,07,000,00,0,9,06,A01
201200052572,0,99,000,,2,3,,A01
201200052572,0,07,000,,2,5,,B02
201200052573,0,07,000,00,2,2,02,A01
201200052573,0,07,000,00,2,4,02,B01
201200052573,0,07,000,00,2,4,00,C01
201200052573,0,07,000,00,2,6,00,D01
201200052574,0,07,000,00,2,6,13,A01
201200052574,0,07,000,00,2,2,02,B01
201200052575,0,17,000,00,2,1,01,A01
201200052575,0,07,000,00,2,8,09,B01
201200052576,0,07,000,00,2,1,02,A01
201200052576,0,07,000,00,0,4,02,B01
201200052577,0,07,000,00,2,1,02,A01
201200052577,0,07,000,00,0,4,02,B01
201200052578,0,33,000,00,2,3,01,B01
201200052578,0,07,000,00,9,7,10,A01
201200052579,0,07,000,00,0,1,06,A01
201200052579,0,07,000,00,0,8,01,B01
201200052580,0,07,000,00,2,1,12,A01
201200052580,0,07,000,00,2,3,02,B01
201200052580,0,07,000,00,0,8,02,C01
201200052581,0,07,000,04,0,8,00,A01
201200052582,0,07,000,04,0,3,17,A01
201200052583,0,15,000,00,2,3,02,A01
201200052583,0,33,000,00,0,4,02,B01
201200052583,0,07,000,00,0,4,02,C01
201200052584,0,14,000,04,0,7,01,A01
201200052585,0,07,000,00,2,1,02,A01
201200052585,0,07,000,00,0,4,02,B01
201200052585,1,14,000,00,0,4,02,Z01
201200052586,0,07,000,00,0,5,15,A01
201200052586,0,33,000,00,2,1,02,B01
201200052587,0,31,000,00,2,1,02,A01
201200052587,0,07,000,00,2,6,02,B01
201200052588,0,07,000,03,,1,,A01
201200052589,0,07,000,00,2,7,11,A01
201200052589,0,17,000,04,0,8,01,B01
201200052590,0,17,000,00,2,2,12,A01
201200052590,0,14,000,00,2,4,23,B01
201200052590,0,17,000,00,2,4,23,C01
201200052591,0,20,000,00,0,0,00,A01
201200052592,0,17,000,04,0,8,09,A01
201200052593,0,07,000,00,2,2,00,A01
201200052593,0,32,000,00,2,5,03,B01
201200052594,0,15,000,00,2,2,12,A01
201200052594,0,07,000,00,0,6,02,B01
201200052595,0,33,000,00,2,1,02,A01
201200052595,0,07,000,00,2,4,02,B01
201200052596,0,07,000,01,0,1,19,A01
201200052596,0,07,000,00,0,4,23,B01
201200052597,0,07,000,00,2,1,02,A01
201200052597,0,07,000,00,0,4,02,B01
201200052598,0,07,000,03,0,9,11,A01
201200052599,0,07,000,00,2,1,02,A01
201200052599,0,07,000,00,0,4,02,B01
201200052600,0,07,000,14,0,2,16,A01
201200052601,0,07,000,04,0,8,12,A01
201200052602,0,07,000,04,0,3,13,A01
201200052603,0,07,000,04,0,3,01,A01
201200052604,0,07,000,04,0,1,01,A01
201200052605,0,07,000,00,2,3,09,A01
201200052605,0,07,000,00,0,6,01,B01
201200052606,0,07,000,00,2,1,21,A01
201200052606,0,07,000,00,0,4,00,B01
201200052607,0,07,000,00,2,6,01,A01
201200052607,0,07,000,00,0,5,01,B01
201200052608,0,33,000,07,2,2,03,A01
201200052608,0,10,000,00,2,5,02,B01
201200052609,0,07,000,00,2,1,02,A01
201200052609,0,07,000,00,2,4,02,B01
201200052609,0,07,000,00,0,4,02,C01
201200052610,0,07,000,00,2,1,02,A01
201200052610,0,07,000,00,2,4,02,B01
201200052610,0,07,000,00,2,4,02,C01
201200052611,0,15,000,00,2,1,02,A01
201200052611,0,07,000,00,2,3,01,B01
201200052612,0,07,000,00,0,4,02,B01
201200052612,0,07,000,00,2,1,02,A01
201200052613,0,07,000,06,0,7,11,A01
201200052614,0,07,000,00,2,1,02,A01
201200052614,0,07,000,00,0,4,02,D01
201200052614,0,07,000,00,2,9,02,B02
201200052614,0,07,000,00,2,9,00,C02
201200052615,0,07,000,00,2,1,02,A01
201200052615,0,07,000,00,2,4,02,B01
201200052615,0,07,000,00,2,4,02,C01
201200052616,0,07,000,00,2,9,13,A01
201200052616,1,07,000,00,0,,,Z01
201200052617,0,07,000,04,,9,01,A01
201200052618,0,33,000,00,2,7,09,A01
201200052618,0,07,000,00,2,3,13,B01
201200052619,0,07,000,04,2,3,11,A01
201200052619,0,07,000,03,2,8,01,B01
201200052620,0,07,000,00,2,1,01,A01
201200052620,0,33,000,00,0,4,03,B01
201200052620,0,07,000,00,0,6,02,C01
201200052621,0,07,000,03,2,1,17,A01
201200052621,0,07,000,00,2,4,02,B01
201200052621,0,07,000,00,2,4,02,C01
201200052622,0,07,000,00,2,8,13,A01
201200052622,0,33,000,00,2,7,17,B01
201200052623,0,07,000,00,2,4,02,B01
201200052623,0,07,000,00,2,1,02,A01
201200052624,0,07,000,04,0,2,01,A01
201200052625,0,07,000,00,2,2,14,A01
201200052625,0,07,000,04,0,9,00,B01
201200052626,0,33,000,00,0,7,21,A01
201200052627,0,07,000,00,0,9,00,A01
201200052628,0,10,000,04,0,1,01,A01
201200052629,0,10,000,00,0,4,02,B01
201200052629,0,07,000,00,2,1,02,A01
201200052629,0,07,000,00,0,6,23,C01
201200052630,0,07,000,01,0,1,01,A01
201200052630,0,07,000,00,0,4,01,B01
201200052631,0,07,000,04,0,6,01,A01
201200052631,1,07,000,00,2,0,00,Z01
201200052632,0,33,000,00,0,8,01,A01
201200052633,0,07,000,00,2,1,14,A01
201200052633,0,07,000,00,2,6,01,B01
201200052634,0,10,000,00,2,1,02,A01
201200052634,0,13,000,00,2,4,02,B01
201200052634,0,10,000,00,0,4,02,C01
201200052635,0,33,000,00,2,7,17,A01
201200052635,0,10,000,00,2,8,13,B01
201200052636,0,07,000,06,0,7,01,A01
201200052637,0,07,000,04,2,7,03,A01
201200052637,0,07,000,00,2,8,21,B01
201200052638,0,07,000,00,2,1,02,A01
201200052638,0,07,000,00,0,4,01,B01
201200052639,0,07,000,00,2,3,11,A01
201200052639,0,33,000,00,2,7,02,B01
201200052640,0,07,000,00,2,6,00,A01
201200052640,0,17,000,00,2,2,00,B01
201200052641,0,10,000,00,2,1,02,A01
201200052641,0,07,000,00,2,4,02,B01
201200052641,0,07,000,00,2,4,02,C01
201200052641,0,07,000,00,2,1,02,D01
201200052642,0,15,000,00,2,7,12,A01
201200052642,0,07,000,04,2,8,01,B01
201200052643,0,07,000,00,9,3,01,A01
201200052644,0,07,000,00,2,8,10,A01
201200052644,0,07,000,00,2,1,01,B01
201200052645,0,07,000,00,2,6,02,A01
201200052645,0,31,000,00,2,2,00,B01
201200052646,0,07,000,04,0,1,00,A01
201200052647,0,07,000,00,2,1,02,A01
201200052647,0,07,000,00,0,4,02,B01
201200052648,0,10,000,04,2,8,11,A01
201200052648,0,07,000,00,2,2,01,B01
201200052649,0,32,000,00,0,0,01,A01
201200052650,0,07,000,00,2,1,02,A01
201200052650,0,10,000,00,0,4,02,B01
201200052651,0,17,000,00,2,1,12,A01
201200052651,0,07,000,00,2,4,09,B01
201200052652,0,15,000,00,2,2,21,A01
201200052652,0,07,000,00,0,4,02,B01
201200052653,0,33,000,00,2,1,02,A01
201200052653,0,07,000,00,0,6,02,B01
201200052654,0,07,000,04,0,8,11,A01
201200052655,0,07,000,04,0,3,01,A01
201200052656,0,07,000,00,0,9,01,A01
201200052656,0,07,000,00,2,7,01,B01
201200052657,0,07,000,00,2,6,01,B01
201200052657,0,07,000,03,0,2,14,A01
201200052658,0,07,000,04,0,8,01,A01
201200052659,0,07,000,03,2,7,14,A01
201200052659,0,07,000,00,2,8,01,B01
201200052659,0,07,000,00,2,1,01,C01
201200052660,2,07,000,00,2,1,02,A01
201200052660,0,10,000,00,0,6,02,B01
201200052661,0,07,000,03,0,8,01,A01
201200052662,0,07,000,00,0,4,01,B01
201200052662,0,33,000,00,2,1,09,A01
201200052663,0,10,000,06,0,3,13,A01
201200052664,0,07,000,00,2,5,14,A01
201200052664,0,10,000,00,2,7,01,B01
201200052665,0,33,000,00,2,0,02,A01
201200052666,0,07,000,00,2,2,12,A01
201200052666,0,07,000,00,2,6,02,B01
201200052666,0,10,000,00,2,4,02,C01
201200052667,0,07,000,04,,,,A01
201200052668,1,07,000,00,2,2,09,A01
201200052668,0,99,000,00,0,4,01,B01
201200052669,0,10,000,00,2,1,02,A01
201200052669,0,07,000,00,2,4,02,B01
201200052669,0,10,000,00,2,4,23,C01
201200052670,0,07,000,00,2,5,01,B01
201200052670,0,07,000,04,2,1,01,A01
201200052671,0,07,000,07,0,1,01,A01
201200052672,0,31,000,00,0,9,21,A01
201200052673,0,07,000,04,0,3,01,A01
201200052674,0,07,000,00,0,5,12,A01
201200052674,0,07,000,00,2,3,01,B01
201200052675,0,33,000,03,0,3,01,A01
201200052676,0,07,000,00,2,1,02,A01
201200052676,0,07,000,00,2,4,02,B01
201200052676,0,07,000,00,2,4,02,C01
201200052677,0,07,000,04,0,3,13,A01
201200052677,0,10,000,00,0,0,01,B01
201200052678,0,33,000,00,0,7,01,A01
201200052679,0,07,000,04,2,3,02,A01
201200052679,0,07,000,04,2,7,02,B01
201200052680,0,07,000,00,0,3,01,B01
201200052680,0,15,000,00,2,2,12,A01
201200052681,0,07,000,00,2,5,12,A01
201200052681,0,14,000,00,2,3,01,B01
201200052682,0,07,000,00,2,2,14,A01
201200052682,0,33,000,00,0,4,01,B01
201200052683,0,10,000,00,2,1,02,A01
201200052683,0,07,000,00,2,4,02,B01
201200052683,0,07,000,00,0,4,02,C01
201200052684,0,07,000,00,2,5,21,A01
201200052684,0,07,000,00,2,6,02,B01
201200052685,0,07,000,04,0,3,02,A01
201200052686,0,07,000,04,0,1,00,A01
201200052687,0,07,000,12,0,3,00,A01
201200052688,0,10,000,03,2,5,12,A01
201200052688,0,07,000,03,2,2,13,B01
201200052689,0,07,000,00,0,3,01,A01
201200052689,0,14,000,00,0,3,01,B01
201200052689,0,07,000,00,0,7,01,C01
201200052690,0,33,000,00,2,8,21,A01
201200052691,0,07,000,00,2,1,02,A01
201200052691,0,07,000,00,2,4,02,B01
201200052691,0,07,000,00,2,4,02,C01
201200052692,0,07,000,00,2,1,02,A01
201200052692,0,07,000,00,0,4,02,B01
201200052693,0,07,000,00,2,1,02,A01
201200052693,0,10,000,00,0,4,02,B01
201200052694,0,33,000,00,0,8,00,A01
201200052695,0,07,000,00,9,4,23,A01
201200052695,1,07,000,00,0,,,Z01
201200052696,0,10,000,00,2,1,02,A01
201200052696,0,07,000,00,2,4,00,B01
201200052696,0,07,000,00,2,4,00,C01
201200052697,0,33,000,00,2,0,03,A01
201200052697,0,14,000,00,0,0,12,B01
201200052698,0,15,000,00,2,7,12,A01
201200052698,0,07,000,00,2,8,01,B01
201200052699,0,10,000,00,2,1,02,B01
201200052699,0,10,000,00,0,6,02,C01
201200052699,0,33,000,00,2,1,02,A01
201200052700,0,14,000,00,2,2,02,A01
201200052700,0,07,000,03,0,1,00,C01
201200052700,0,15,000,00,2,6,02,B01
201200052701,0,07,000,04,0,2,01,A01
201200052702,0,07,000,00,2,3,23,B01
201200052702,0,07,000,00,2,2,02,A01
201200052703,0,07,000,00,2,1,02,A01
201200052703,0,07,000,03,0,4,02,B01
201200052704,0,07,000,00,2,2,12,A01
201200052704,0,07,000,00,0,4,01,B01
201200052705,0,07,000,00,2,1,02,A01
201200052705,0,07,000,00,2,1,02,B01
201200052705,0,07,000,00,2,4,02,C01
201200052705,0,07,000,00,2,4,02,D01
201200052706,0,07,000,04,0,3,12,A01
201200052707,0,07,000,04,2,7,17,A01
201200052708,0,07,000,04,2,1,11,A01
201200052708,0,07,000,00,2,1,01,B01
201200052709,0,33,000,00,0,7,00,A01
201200052710,0,07,000,04,0,3,13,A01
201200052711,0,07,000,04,0,3,01,A01
201200052712,0,07,000,00,2,4,02,C01
201200052712,0,07,000,00,2,1,02,A01
201200052712,0,07,000,00,2,4,02,B01
201200052713,0,07,000,13,0,9,01,A01
201200052714,0,07,000,03,0,2,00,A01
201200052715,0,07,000,00,2,1,02,A01
201200052715,0,07,000,00,2,4,01,B01
201200052716,0,07,000,00,0,1,00,A01
201200052717,0,07,000,04,0,4,02,A01
201200052718,0,07,000,04,0,3,00,A01
201200052719,0,07,000,00,2,1,02,A01
201200052719,0,07,000,00,2,1,02,B01
201200052719,0,07,000,00,2,4,02,C01
201200052720,0,07,000,00,6,3,01,A01
201200052721,0,07,000,00,2,1,02,A01
201200052721,0,17,000,00,0,4,02,B01
201200052722,0,07,000,00,0,5,11,A01
201200052722,0,07,000,00,2,1,01,B01
201200052722,0,07,000,00,0,4,02,C01
201200052723,0,07,000,00,2,2,02,A01
201200052723,0,07,000,00,2,4,02,B01
201200052724,0,07,000,00,0,3,01,B01
201200052724,0,07,000,00,2,7,12,A01
201200052725,0,07,000,00,2,1,01,A01
201200052725,0,07,000,00,2,4,02,B01
201200052725,0,07,000,00,2,6,01,C01
201200052726,0,07,000,03,0,1,01,A01
201200052727,0,10,000,00,0,6,01,A01
201200052727,0,15,000,00,0,2,01,B01
201200052728,0,07,000,04,0,1,12,A01
201200052729,0,07,000,01,0,3,02,A01
201200052730,1,07,000,04,0,3,21,A01
201200052730,1,07,000,00,0,,,Z01
201200052731,0,07,000,03,0,1,21,A01
201200052732,0,07,000,00,2,2,17,A01
201200052732,0,07,000,00,2,6,01,B02
201200052733,0,07,000,04,2,7,12,A01
201200052733,0,17,000,00,2,8,01,B01
201200052734,0,07,000,00,9,3,00,A01
201200052735,0,07,000,00,2,7,17,A01
201200052735,0,07,000,04,2,3,01,B01
201200052736,0,07,000,00,2,4,02,C01
201200052736,0,07,000,00,2,4,02,D01
201200052736,0,07,000,00,2,4,02,B01
201200052736,0,07,000,00,2,1,01,A01
201200052737,1,07,000,00,2,3,18,Z01
201200052737,0,07,000,04,2,5,00,A01
201200052738,0,10,000,00,0,7,12,A01
201200052738,0,10,000,00,0,8,01,B01
201200052739,0,07,000,03,0,2,01,A01
201200052740,0,07,000,04,0,1,00,A01
201200052741,0,17,000,04,0,3,16,A01
201200052742,0,07,000,00,2,1,01,A01
201200052742,0,07,000,00,2,4,11,B01
201200052743,0,07,000,00,2,1,02,A01
201200052743,0,07,000,00,2,4,02,B01
201200052744,0,07,000,04,2,2,17,A01
201200052744,0,07,000,00,2,6,11,B01
201200052745,0,07,000,10,0,1,14,A01
201200052746,0,33,000,00,0,0,01,A01
201200052747,0,07,000,00,2,6,10,A01
201200052747,0,07,000,00,2,1,01,B01
201200052748,0,07,000,00,2,8,13,A01
201200052748,0,07,000,00,2,3,21,B01
201200052749,0,07,000,00,2,1,00,A01
201200052749,0,07,000,00,2,8,00,B01
201200052750,0,07,000,03,0,3,01,B01
201200052750,0,07,000,04,2,7,01,A01
201200052751,0,07,000,00,2,1,12,A01
201200052751,0,07,000,04,0,5,12,B01
201200052752,0,07,000,00,2,2,02,A01
201200052752,0,33,000,00,0,6,02,B01
201200052753,0,07,000,00,2,2,17,A01
201200052753,0,07,000,00,2,6,01,B01
201200052754,0,14,000,00,2,7,12,A01
201200052754,0,07,000,00,2,8,01,B01
201200052755,0,07,000,04,0,3,00,A01
201200052756,0,07,000,04,2,1,09,A01
201200052756,0,07,000,00,0,1,01,B01
201200052757,0,07,000,04,0,2,01,A01
201200052758,0,07,000,04,0,3,00,A01
201200052759,0,07,000,04,2,6,01,B01
201200052759,1,07,000,04,2,1,18,A01
201200052760,0,10,000,00,2,3,01,A01
201200052760,0,14,000,00,2,2,12,B01
201200052761,0,07,000,04,0,3,01,A01
201200052762,0,07,000,04,0,1,01,A01
201200052763,0,07,000,04,0,6,01,A01
201200052764,0,07,000,03,0,1,00,A01
201200052764,0,07,000,00,0,0,00,T01
201200052765,0,07,000,00,0,6,01,B01
201200052765,0,07,000,00,0,2,14,A01
201200052766,0,07,000,00,2,6,01,B01
201200052766,0,07,000,00,2,2,14,A01
201200052767,0,07,000,16,0,9,01,A01
201200052768,0,07,000,04,0,8,13,A01
201200052769,0,07,000,04,0,5,01,A01
201200052770,0,07,000,00,2,7,01,A01
201200052770,0,07,000,00,0,7,01,B01
201200052771,0,17,000,00,1,8,21,A01
201200052772,0,10,000,00,0,4,02,C01
201200052772,0,07,000,00,0,6,11,A01
201200052772,0,10,000,00,2,2,02,B01
201200052773,0,33,000,00,0,8,03,A01
201200052774,0,07,000,00,2,2,11,A01
201200052774,0,07,000,00,2,6,01,B01
201200052775,0,33,000,00,2,1,02,A01
201200052775,0,07,000,00,2,4,02,B01
201200052776,0,07,000,00,2,6,02,A01
201200052776,1,07,000,00,0,,,Z01
201200052777,0,07,000,00,2,1,02,A01
201200052777,0,07,000,00,0,4,02,B01
201200052778,0,07,000,00,2,3,05,A01
201200052778,0,07,000,00,2,3,01,B01
201200052778,0,07,000,00,2,1,01,C01
201200052778,0,07,000,00,9,1,01,D01
201200052778,0,07,000,00,9,1,01,E01
201200052779,0,10,000,01,0,1,01,A01
201200052779,0,07,000,00,0,4,00,B01
201200052780,0,07,000,00,2,1,02,A01
201200052780,0,07,000,00,0,4,02,B01
201200052781,0,07,000,00,2,2,01,B01
201200052781,0,07,000,00,2,6,11,A01
201200052782,0,07,000,00,0,7,01,B01
201200052782,0,07,000,00,2,0,01,A01
201200052782,0,07,000,14,0,4,23,D01
201200052782,0,07,000,14,0,1,21,E01
201200052782,0,07,000,14,0,3,21,C01
201200052783,0,07,000,04,0,2,14,A01
201200052784,0,31,000,00,0,2,00,A01
201200052785,0,07,000,00,0,4,02,B01