Num_Acc,senc,catv,occutc,obs,obsm,choc,manv,num_veh
201200053113,0,07,000,00,9,0,00,A01
201200053114,0,07,000,00,2,4,01,A01
201200053114,0,07,000,00,2,4,01,B01
201200053114,0,07,000,00,2,1,01,C01
201200053115,0,17,000,00,2,2,12,A01
201200053115,0,07,000,00,9,8,01,B01
201200053116,0,07,000,00,2,1,02,B01
201200053116,0,07,000,00,0,4,01,A01
201200053117,0,07,000,00,2,1,02,B01
201200053117,0,07,000,00,2,4,02,A01
201200053118,0,07,000,04,0,1,02,A01
201200053119,0,10,000,00,2,1,02,C01
201200053119,0,10,000,00,2,4,02,B01
201200053119,0,10,000,00,2,4,02,A01
201200053120,0,07,000,00,0,9,12,A01
201200053121,0,07,000,03,0,8,00,A01
201200053122,0,07,000,03,0,1,02,A01
201200053123,0,17,000,00,2,3,01,A01
201200053123,0,07,000,04,2,2,01,B01
201200053124,0,10,000,00,2,4,02,B01
201200053124,0,10,000,00,0,4,02,A01
201200053124,0,10,000,00,2,4,02,C01
201200053124,0,10,000,00,2,1,02,D01
201200053125,0,07,000,00,2,4,02,B01
201200053125,0,07,000,00,2,4,02,C01
201200053125,0,07,000,00,2,1,02,D01
201200053125,0,07,000,00,0,4,02,A01
201200053126,0,31,000,00,0,0,01,A01
201200053127,0,07,000,04,0,1,01,A01
201200053128,0,07,000,00,2,4,02,A01
201200053128,0,07,000,00,2,4,02,B01
201200053128,0,07,000,01,0,1,02,C01
201200053129,0,14,000,03,0,3,01,A01
201200053130,0,07,000,00,2,1,01,A01
201200053130,0,07,000,00,2,4,01,B01
201200053131,0,07,000,03,0,2,00,A01
201200053132,0,07,000,00,2,4,02,A01
201200053132,0,07,000,00,2,1,02,B01
201200053133,0,07,000,00,2,7,01,A01
201200053133,0,07,000,00,2,1,01,C01
201200053133,0,07,000,00,2,8,11,B01
201200053134,0,07,000,13,0,1,00,A01
201200053135,0,32,000,00,0,2,01,A01
201200053136,0,07,000,00,0,7,01,A01
201200053136,0,15,000,00,0,3,03,B01
201200053137,0,07,000,00,2,4,02,A01
201200053137,0,07,000,00,2,1,02,B01
201200053138,0,07,000,12,0,2,02,A01
201200053139,0,07,000,00,0,1,02,B01
201200053139,0,07,000,00,0,4,02,A01
201200053140,0,07,000,00,2,7,01,A01
201200053140,0,31,000,00,2,3,03,B01
201200053140,1,15,000,00,0,0,00,Z01
201200053141,0,07,000,00,0,4,01,A01
201200053141,0,10,000,00,2,1,02,B01
201200053142,0,07,000,00,2,1,02,B01
201200053142,0,07,000,00,2,4,00,A01
201200053143,0,07,000,00,2,7,00,A01
201200053143,0,07,000,00,2,8,01,B01
201200053144,0,07,000,03,0,1,01,A01
201200053145,0,07,000,00,2,1,02,B01
201200053145,0,07,000,00,0,4,02,A01
201200053146,0,07,000,04,0,1,00,A01
201200053147,0,07,000,00,0,8,02,A01
201200053147,0,15,000,00,0,2,12,B01
201200053148,0,07,000,01,0,3,02,A01
201200053148,0,07,000,00,0,4,02,B01
201200053148,0,07,000,00,0,1,02,C01
201200053149,0,07,000,04,0,1,01,A01
201200053150,0,07,000,00,0,2,02,A01
201200053151,0,07,000,00,2,2,01,A01
201200053151,0,07,000,00,0,1,13,B01
201200053152,0,07,000,00,2,4,23,A01
201200053152,0,07,000,00,2,1,01,B01
201200053153,0,07,000,00,0,9,00,A01
201200053154,0,07,000,00,0,5,01,A01
201200053154,0,33,000,00,2,1,03,B01
201200053155,0,07,000,00,2,1,02,C01
201200053155,0,07,000,00,2,4,02,A01
201200053155,0,07,000,00,2,4,02,B01
201200053156,0,07,000,00,0,4,02,A01
201200053156,0,07,000,14,0,1,02,B01
201200053157,0,07,000,13,0,9,01,A01
201200053158,0,07,000,00,0,1,05,A01
201200053159,0,07,000,00,2,4,02,A01
201200053159,0,07,000,00,2,1,02,B01
201200053160,0,07,000,00,0,1,00,B01
201200053160,0,07,000,00,0,1,00,D01
201200053160,0,07,000,00,0,4,00,A01
201200053160,0,07,000,00,0,1,00,C01
201200053161,0,10,000,00,2,5,12,A01
201200053161,0,33,000,00,2,1,02,B01
201200053162,0,17,000,00,2,1,01,A01
201200053162,0,10,000,00,0,4,23,D01
201200053162,0,10,000,00,0,4,23,C01
201200053162,0,07,000,00,0,4,01,B01
201200053163,0,33,000,00,0,0,00,A01
201200053164,0,33,000,00,0,4,01,A01
201200053164,0,07,000,00,2,1,02,B01
201200053165,0,07,000,00,2,1,11,B01
201200053165,0,07,000,00,0,4,01,A01
201200053166,0,07,000,04,2,4,02,A01
201200053166,1,07,000,00,2,1,02,Z01
201200053167,0,07,000,00,0,4,01,A01
201200053167,0,07,000,00,2,2,02,B01
201200053168,0,07,000,03,2,2,01,A01
201200053169,0,07,000,00,2,1,02,A01
201200053169,0,10,000,00,2,4,02,B01
201200053170,0,07,000,00,0,2,00,A01
201200053171,0,07,000,00,2,1,02,C01
201200053171,0,07,000,00,2,4,02,B01
201200053171,0,07,000,00,0,4,02,A01
201200053172,0,33,000,00,0,8,01,A01
201200053173,0,07,000,00,2,4,01,A01
201200053173,0,07,000,00,2,1,01,B01
201200053174,0,07,000,00,0,9,01,A01
201200053175,0,07,000,00,2,4,01,A01
201200053175,0,07,000,00,2,1,02,B01
201200053175,0,07,000,00,2,1,02,C01
201200053176,0,10,000,00,1,1,02,B01
201200053176,0,10,000,00,1,8,14,C01
201200053176,0,10,000,00,0,6,01,A01
201200053176,1,10,000,00,0,0,02,Z01
201200053177,0,07,000,00,0,7,01,A01
201200053178,0,07,000,04,0,1,01,A01
201200053179,0,07,000,00,0,6,01,B01
201200053179,0,07,000,00,1,4,02,A01
201200053179,0,07,000,00,2,1,02,C01
201200053180,0,07,000,04,0,1,00,A01
201200053181,0,07,000,00,0,3,02,C01
201200053181,0,07,000,00,0,5,02,B01
201200053181,0,07,000,00,0,3,02,A01
201200053182,0,07,000,00,0,9,00,A01
201200053183,0,07,000,02,0,1,21,A01
201200053184,0,07,000,00,2,3,02,B01
201200053184,0,07,000,00,0,2,01,A01
201200053185,0,34,000,04,0,1,02,A01
201200053186,0,07,000,00,0,3,02,A01
201200053187,0,07,000,02,0,1,00,A01
201200053188,0,07,000,00,2,3,11,B01
201200053188,0,07,000,00,0,7,01,A01
201200053189,0,07,000,03,0,1,02,A01
201200053190,0,32,000,00,0,7,01,A01
201200053191,0,30,000,00,2,2,02,A01
201200053192,0,33,000,00,0,1,00,A01
201200053193,0,07,000,00,2,4,02,A01
201200053193,0,32,000,00,2,1,02,B01
201200053194,0,33,000,00,0,0,01,A01
201200053195,0,07,000,00,2,6,02,A01
201200053195,0,07,000,00,2,1,02,B01
201200053196,0,07,000,00,0,8,00,A01
201200053196,0,07,000,00,0,2,00,B01
201200053197,0,07,000,00,2,1,01,B01
201200053197,0,07,000,00,0,4,02,A01
201200053198,0,33,000,13,0,1,00,A01
201200053199,0,07,000,00,0,4,00,A01
201200053199,0,07,000,00,2,1,00,B01
201200053200,0,07,000,04,0,9,01,A01
201200053201,0,07,000,00,2,4,02,C01
201200053201,0,07,000,00,2,4,02,B01
201200053201,0,07,000,00,2,1,02,D01
201200053201,0,07,000,00,0,4,01,A01
201200053202,0,32,000,00,0,8,12,A01
201200053203,0,07,000,00,2,4,01,A01
201200053203,0,07,000,00,2,1,02,C01
201200053203,0,07,000,00,2,4,02,B01
201200053204,0,33,000,00,2,1,02,B01
201200053204,0,10,000,00,0,4,02,A01
201200053205,0,07,000,00,0,4,02,A01
201200053205,0,07,000,00,2,4,02,B01
201200053205,0,07,000,00,2,1,02,C01
201200053206,0,30,000,00,0,1,00,A01
201200053207,0,07,000,00,2,8,01,C01
201200053207,0,07,000,03,2,7,01,A01
201200053207,0,14,000,00,2,8,01,B01
201200053208,0,07,000,00,0,4,01,B01
201200053208,0,07,000,00,2,1,01,C01
201200053208,0,07,000,00,0,4,01,A01
201200053209,0,10,000,04,0,3,13,A01
201200053210,0,07,000,00,0,4,01,A01
201200053210,0,07,000,00,2,1,02,B01
201200053211,0,07,000,00,2,4,02,A01
201200053211,0,07,000,00,2,1,09,B01
201200053212,0,07,000,00,0,4,01,A01
201200053212,0,07,000,00,2,1,01,B01
201200053213,0,07,000,00,0,0,01,A01
201200053214,0,07,000,03,0,2,14,A01
201200053215,0,07,000,00,2,1,21,A01
201200053215,0,07,000,01,0,1,14,B01
201200053216,0,10,000,00,2,1,02,B01
201200053216,0,07,000,00,0,4,01,A01
201200053217,0,07,000,03,2,2,01,B01
201200053217,0,07,000,00,2,5,01,A01
201200053218,0,07,000,00,0,9,21,A01
201200053219,0,07,000,00,2,4,00,B01
201200053219,0,10,000,00,2,1,01,C01
201200053219,0,10,000,00,0,4,00,A01
201200053220,0,17,000,00,0,6,01,A01
201200053220,0,07,000,00,0,1,01,C01
201200053220,0,07,000,00,0,6,01,B01
201200053221,0,33,000,16,0,9,12,A01
201200053222,0,07,000,00,2,2,12,B01
201200053222,0,07,000,00,0,6,01,A01
201200053223,0,07,000,00,0,3,00,A01
201200053224,0,07,000,00,0,4,02,B01
201200053224,0,07,000,00,2,1,02,C01
201200053224,0,07,000,00,0,4,02,A01
201200053225,0,32,000,00,0,0,01,A01
201200053226,0,07,000,13,0,2,14,A01
201200053226,0,07,000,00,9,1,01,B01
201200053227,0,07,000,04,0,1,01,A01
201200053228,0,07,000,00,2,4,01,C01
201200053228,0,07,000,00,0,4,01,A01
201200053228,0,10,000,00,2,4,01,B01
201200053228,0,07,000,00,2,1,02,D01
201200053229,0,10,000,00,2,1,01,B01
201200053229,0,07,000,00,0,4,01,A01
201200053230,0,10,000,00,2,1,01,B01
201200053230,0,07,000,00,2,1,01,D01
201200053230,0,14,000,00,2,4,23,A01
201200053230,0,07,000,00,2,1,01,C01
201200053231,0,07,000,00,2,4,02,B01
201200053231,0,10,000,00,2,1,02,C01
201200053231,0,07,000,00,2,4,02,A01
201200053232,0,07,000,03,0,1,00,A01
201200053233,0,10,000,00,2,3,21,A01
201200053233,0,07,000,03,2,2,01,B01
201200053234,0,15,000,00,0,2,14,A01
201200053235,0,07,000,03,0,1,00,A01
201200053236,0,07,000,04,2,9,02,B01
201200053236,0,07,000,04,0,4,02,A01
201200053237,0,07,000,00,2,4,02,A01
201200053237,0,07,000,00,2,1,12,B01
201200053238,0,07,000,00,0,0,00,A01
201200053239,0,07,000,00,0,6,01,B01
201200053239,0,14,000,00,0,0,12,A01
201200053240,0,33,000,16,0,2,01,A01
201200053241,0,33,000,00,0,3,02,A01
201200053242,1,07,000,00,0,0,01,Z01
201200053242,0,07,000,00,0,4,01,A01
201200053243,0,07,000,02,0,1,01,A01
201200053244,0,07,000,00,2,1,02,C01
201200053244,0,07,000,00,2,4,02,B01
201200053244,0,15,000,00,2,4,02,A01
201200053245,0,07,000,00,2,4,02,A01
201200053245,0,15,000,00,2,1,02,B01
201200053246,0,10,000,00,2,1,17,C01
201200053246,0,17,000,00,2,2,14,B01
201200053246,0,10,000,03,2,6,01,A01
201200053247,0,31,000,00,2,1,21,B01
201200053247,0,07,000,00,0,5,04,A01
201200053248,0,15,000,00,2,2,00,B01
201200053248,0,07,000,00,2,8,01,A01
201200053249,0,07,000,00,0,4,01,A01
201200053249,0,07,000,00,2,1,02,B01
201200053250,0,07,000,04,0,1,01,A01
201200053251,0,07,000,00,2,6,01,A01
201200053251,0,07,000,04,2,4,01,B01
201200053251,0,07,000,03,2,2,01,C01
201200053252,0,07,000,04,0,1,14,A01
201200053253,0,10,000,00,2,7,17,B01
201200053253,0,07,000,00,2,7,01,C01
201200053253,0,34,000,00,2,7,01,A01
201200053254,0,07,000,00,0,4,02,A01
201200053254,0,07,000,00,2,1,02,B01
201200053255,0,07,000,00,0,0,02,C01
201200053255,0,33,000,00,2,1,02,B01
201200053255,0,07,000,00,2,4,02,A01
201200053256,0,07,000,04,0,4,02,A01
201200053256,0,07,000,00,2,1,02,B01
201200053257,0,31,000,00,0,0,02,A01
201200053258,0,10,000,00,2,4,02,C01
201200053258,0,07,000,00,2,4,01,A01
201200053258,0,10,000,00,2,1,02,D01
201200053258,0,33,000,00,2,1,02,B01
201200053259,0,33,000,00,0,7,02,A01
201200053260,0,07,000,13,0,9,00,A01
201200053261,0,32,000,00,0,8,02,A01
201200053262,0,07,000,04,0,1,01,A01
201200053263,0,07,000,03,2,8,02,B01
201200053263,0,33,000,00,2,7,09,A01
201200053264,0,33,000,00,0,0,02,A01
201200053265,0,07,000,00,2,1,02,C01
201200053265,0,07,000,00,0,4,02,A01
201200053265,0,07,000,00,2,4,02,B01
201200053266,0,07,000,00,0,4,00,A01
201200053266,0,07,000,00,0,4,00,B01
201200053266,0,07,000,00,0,1,00,C01
201200053267,0,07,000,00,0,4,02,A01
201200053267,0,07,000,00,2,1,02,B01
201200053268,0,07,000,00,2,4,01,B01
201200053268,0,07,000,00,2,1,01,C01
201200053268,0,07,000,00,0,4,01,A01
201200053269,0,34,000,00,0,0,01,A01
201200053270,0,07,000,03,2,3,01,A01
201200053270,0,07,000,00,2,1,01,B01
201200053271,0,07,000,00,0,9,02,A01
201200053272,0,07,000,04,0,2,01,A01
201200053273,0,07,000,00,0,0,01,A01
201200053273,0,07,000,00,0,0,02,B01
201200053274,0,07,000,00,2,2,02,B01
201200053274,0,07,000,00,0,4,01,A01
201200053275,1,07,000,00,2,0,12,Z01
201200053275,0,07,000,00,2,3,02,A01
201200053276,0,07,000,00,2,4,23,C01
201200053276,0,07,000,00,0,4,23,A01
201200053276,0,07,000,00,2,4,23,B01
201200053276,0,07,000,00,2,7,02,D01
201200053277,0,07,000,00,2,4,00,A01
201200053277,0,07,000,00,2,1,02,B01
201200053278,0,07,000,13,0,3,00,A01
201200053279,0,07,000,00,2,4,02,B01
201200053279,0,07,000,00,2,1,02,C01
201200053279,0,07,000,00,2,4,02,A01
201200053280,0,07,000,04,0,1,13,A01
201200053281,0,10,000,00,2,1,02,C01
201200053281,0,07,000,00,2,4,02,A01
201200053281,0,07,000,00,2,0,00,B01
201200053282,0,07,000,04,2,8,01,A01
201200053282,1,14,000,00,2,2,12,Z01
201200053283,0,17,000,00,2,7,14,A01
201200053283,0,07,000,00,2,8,01,B01
201200053284,0,07,000,04,0,8,01,A01
201200053285,0,07,000,00,0,4,01,A01
201200053285,0,07,000,00,2,1,01,B01
201200053285,0,07,000,03,0,8,01,C01
201200053285,0,07,000,00,2,8,01,D01
201200053286,0,07,000,04,0,1,00,A01
201200053287,0,07,000,00,0,4,01,A01
201200053287,0,07,000,00,2,1,03,B01
201200053287,0,07,000,00,0,3,01,C01
201200053288,0,07,000,00,2,4,02,A01
201200053288,0,07,000,00,2,1,02,C01
201200053288,0,07,000,00,2,4,02,B01
201200053289,0,07,000,00,2,2,12,B01
201200053289,0,07,000,00,2,4,01,A01
201200053290,0,07,000,02,0,2,01,A01
201200053291,0,07,000,00,2,6,03,A01
201200053291,0,07,000,00,2,1,02,D01
201200053291,0,14,000,00,0,1,01,B01
201200053291,0,07,000,00,2,1,02,C01
201200053292,0,07,000,00,6,1,00,A01
201200053293,0,07,000,00,0,4,01,A01
201200053293,0,07,000,00,0,1,02,B01
201200053294,0,33,000,00,2,1,01,B01
201200053294,0,07,000,00,2,7,01,A01
201200053295,0,10,000,00,0,4,01,A01
201200053295,0,31,000,00,2,1,01,B01
201200053296,0,07,000,00,0,1,02,A01
201200053296,0,07,000,00,2,4,02,B01
201200053297,0,07,000,00,0,4,01,A01
201200053297,0,07,000,00,2,1,02,B01
201200053298,0,15,000,00,2,4,02,A01
201200053298,0,07,000,00,2,1,02,B01
201200053299,0,07,000,00,0,9,02,A01
201200053300,0,07,000,13,0,1,01,A01
201200053301,0,07,000,04,0,3,01,A01
201200053302,0,07,000,04,0,1,00,A01
201200053303,0,07,000,00,0,4,01,C01
201200053303,0,07,000,00,0,4,11,A01
201200053303,0,07,000,00,0,3,01,D01
201200053303,0,10,000,00,0,5,01,E01
201200053303,0,10,000,00,2,1,01,B01
201200053304,0,07,000,00,0,6,13,A01
201200053304,0,33,000,00,0,1,02,B01
201200053305,0,33,000,00,2,3,02,B01
201200053305,0,07,000,00,2,2,12,A01
201200053306,0,07,000,00,2,1,01,B01
201200053306,0,07,000,00,0,4,01,A01
201200053307,0,07,000,00,2,4,02,B01
201200053307,0,07,000,00,2,1,02,A01
201200053308,0,33,000,00,2,2,02,B01
201200053308,0,07,000,00,0,6,02,A01
201200053309,0,07,000,00,2,8,02,C01
201200053309,0,07,000,00,2,4,00,B01
201200053309,0,07,000,00,2,4,02,A01
201200053309,0,07,000,01,0,1,02,D01
201200053310,0,07,000,04,0,1,02,A01
201200053311,0,07,000,04,0,1,02,A01
201200053312,0,07,000,04,0,1,01,A01
201200053313,0,33,000,00,0,8,01,A01
201200053314,0,07,000,00,2,4,02,A01
201200053314,0,10,000,00,2,1,02,B01
201200053315,0,07,000,00,0,9,02,A01
201200053316,0,07,000,00,2,4,02,B01
201200053316,0,07,000,00,2,1,02,C01
201200053316,0,07,000,00,0,4,01,A01
201200053317,0,07,000,00,2,4,02,D01
201200053317,0,07,000,00,2,4,02,E01
201200053317,0,07,000,00,2,1,02,A01
201200053317,0,07,000,00,2,4,02,B01
201200053317,0,07,000,00,2,4,02,C01
201200053318,0,07,000,04,0,3,02,A01
201200053319,0,10,000,00,2,1,02,C01
201200053319,0,07,000,00,2,4,00,A01
201200053319,0,10,000,00,2,4,02,B01
201200053320,0,10,000,00,0,4,01,A01
201200053320,0,07,000,00,2,4,01,B01
201200053320,0,10,000,00,2,1,01,C01
201200053321,0,07,000,00,0,6,11,A01
201200053321,0,33,000,00,2,2,02,B01
201200053322,0,07,000,00,2,1,02,B01
201200053322,0,15,000,00,0,4,02,A01
201200053323,0,07,000,00,2,4,01,A01
201200053323,0,07,000,00,2,1,01,B01
201200053324,0,07,000,05,0,9,02,A01
201200053325,0,10,000,00,0,6,01,C01
201200053325,0,07,000,00,2,6,09,B01
201200053326,0,07,000,00,0,0,01,A01
201200053327,0,33,000,00,0,2,00,A01
201200053328,0,15,000,00,2,1,02,B01
201200053328,0,07,000,00,2,1,02,A01
201200053329,0,07,000,00,2,1,01,A01
201200053329,0,07,000,00,2,4,01,B01
201200053330,0,07,000,00,0,4,01,A01
201200053330,0,33,000,00,0,1,03,B01
201200053331,0,07,000,00,0,4,02,A01
201200053331,0,07,000,00,2,1,02,B01
201200053332,0,07,000,00,2,6,01,A01
201200053332,0,17,000,00,2,2,12,B01
201200053333,0,32,000,00,0,0,00,A01
201200053334,0,07,000,00,2,8,01,B01
201200053334,0,13,000,00,2,7,12,A01
201200053335,1,07,000,00,2,1,01,Z01
201200053335,0,07,000,04,2,4,01,A01
201200053336,0,07,000,00,2,1,02,A01
201200053336,0,07,000,00,2,1,02,B01
201200053337,0,33,000,00,0,8,01,A01
201200053338,0,07,000,00,2,1,01,A01
201200053338,0,07,000,03,2,4,01,B01
201200053338,0,07,000,00,2,6,01,C01
201200053339,0,33,000,00,0,0,01,A01
201200053340,0,33,000,00,0,2,00,A01
201200053341,0,07,000,03,0,1,01,A01
201200053342,0,07,000,00,0,6,01,C01
201200053342,0,07,000,00,2,3,01,A01
201200053342,0,07,000,00,2,1,01,B01
201200053343,0,07,000,00,2,6,01,A01
201200053343,2,07,000,00,2,1,02,B01
201200053344,0,07,000,00,2,1,02,D01
201200053344,0,07,000,00,2,1,02,A01
201200053344,0,07,000,00,2,1,02,C01
201200053344,0,07,000,00,0,1,02,B01
201200053345,0,07,000,00,0,6,00,B01
201200053345,0,07,000,00,2,5,00,A01
201200053346,0,07,000,14,0,1,03,D01
201200053346,0,15,000,01,0,8,01,C02
201200053346,0,07,000,01,0,1,11,F01
201200053346,0,07,000,14,0,1,01,B01
201200053346,0,07,000,03,0,1,02,A01
201200053346,0,07,000,14,0,1,01,E01
201200053347,0,07,000,00,2,1,02,B01
201200053347,0,07,000,00,2,4,01,A01
201200053348,0,07,000,00,2,4,02,A01
201200053348,0,07,000,00,2,1,02,B01
201200053349,0,07,000,13,0,2,12,A01
201200053350,0,07,000,04,0,1,01,A01
201200053351,0,07,000,01,0,2,02,B01
201200053351,0,07,000,00,0,6,02,A01
201200053352,0,07,000,00,2,1,02,C01
201200053352,0,07,000,00,2,4,02,B01
201200053352,0,07,000,00,2,4,02,A01
201200053353,0,07,000,00,0,4,02,B01
201200053353,0,07,000,00,2,1,02,C01
201200053353,0,07,000,00,0,4,01,A01
201200053354,0,07,000,00,0,5,09,A01
201200053354,0,33,000,00,2,1,02,B01
201200053355,0,07,000,00,2,4,01,A01
201200053355,0,07,000,00,2,1,01,B01
201200053356,0,07,000,00,0,4,01,A01
201200053356,0,07,000,00,2,1,01,B01
201200053357,0,07,000,04,0,9,00,A01
201200053358,0,07,000,00,2,1,02,C01
201200053358,0,07,000,00,2,4,02,B01
201200053358,0,07,000,00,2,4,02,A01
201200053359,0,37,000,00,2,1,01,C01
201200053359,0,07,000,00,0,4,01,A01
201200053359,0,07,000,00,2,4,01,B01
201200053360,0,07,000,03,0,4,02,B01
201200053360,0,07,000,00,0,8,02,C01
201200053360,0,07,000,00,2,4,00,A01
201200053361,0,07,000,03,0,1,02,A01
201200053362,0,33,000,00,0,0,01,A01
201200053363,0,07,000,00,0,4,01,B01
201200053363,0,07,000,00,0,4,01,A01
201200053363,0,07,000,00,0,4,01,C01
201200053363,0,07,000,00,2,1,12,D01
201200053364,0,07,000,00,2,2,02,A01
201200053364,0,07,000,00,2,4,02,B01
201200053365,0,07,000,00,2,4,02,C01
201200053365,0,10,000,00,2,1,02,D01
201200053365,0,07,000,00,2,4,02,A01
201200053365,0,07,000,00,2,4,02,B01
201200053366,0,07,000,00,2,1,02,C01
201200053366,0,07,000,00,2,1,02,D01
201200053366,0,07,000,00,2,1,02,B01
201200053366,0,07,000,00,0,4,02,A01
201200053367,0,07,000,00,2,6,02,A01
201200053367,0,07,000,00,2,6,02,B01
201200053367,0,34,000,00,2,2,03,C01
201200053368,0,07,000,03,2,7,01,A01
201200053368,0,15,000,00,2,3,13,B01
201200053369,0,07,000,04,0,2,00,A01
201200053370,0,07,000,00,0,1,00,A01
201200053371,0,07,000,00,2,4,02,A01
201200053371,0,07,000,00,2,1,02,B01
201200053372,0,07,000,00,2,1,02,C01
201200053372,0,07,000,00,2,4,02,A01
201200053372,0,07,000,00,2,1,02,B01
201200053373,0,07,000,00,2,2,12,B01
201200053373,0,33,000,00,2,1,01,C01
201200053373,0,07,000,00,2,5,01,A01
201200053374,0,07,000,00,2,1,02,B01
201200053374,0,07,000,00,0,4,02,A01
201200053375,0,07,000,00,0,1,02,A01
201200053376,0,07,000,03,0,8,02,A01
201200053376,0,07,000,00,2,1,02,B01
201200053377,0,07,000,00,0,1,02,A01
201200053377,1,99,000,00,0,0,02,Z01
201200053378,0,07,000,00,2,2,00,B01
201200053378,0,07,000,00,0,4,00,A01
201200053379,0,07,000,00,2,4,01,A01
201200053379,0,07,000,00,2,4,02,B01
201200053379,0,07,000,00,2,1,02,C01
201200053380,0,33,000,03,0,7,01,B01
201200053380,0,07,000,03,0,8,13,A01
201200053381,0,07,000,00,2,1,01,A01
201200053381,0,07,000,00,2,4,01,B01
201200053382,0,07,000,00,0,4,02,A01
201200053382,0,07,000,00,0,4,02,C01
201200053382,0,07,000,00,0,4,02,B01
201200053382,0,07,000,00,0,1,02,D01
201200053383,0,07,000,00,2,4,01,A01
201200053383,0,32,000,00,2,1,01,B01
201200053384,0,15,000,04,2,8,02,A01
201200053384,0,07,000,03,2,7,02,B01
201200053385,0,07,000,00,9,1,02,B01
201200053385,0,33,000,03,0,9,03,A01
201200053386,0,34,000,00,0,0,01,A01
201200053387,0,10,000,00,0,4,02,A01
201200053387,0,33,000,00,2,1,01,B01
201200053388,0,07,000,00,2,4,01,A01
201200053388,0,07,000,00,2,1,01,B01
201200053389,0,07,000,00,2,1,01,B01
201200053390,0,07,000,09,0,2,01,A01
201200053391,0,07,000,00,2,0,02,B01
201200053391,0,10,000,00,0,1,02,C01
201200053391,0,10,000,00,0,4,02,A01
201200053392,0,07,000,00,2,1,01,B01
201200053392,0,07,000,09,2,1,12,A01
201200053393,0,33,000,00,2,3,09,B01
201200053393,0,14,000,00,2,5,01,A01
201200053394,0,07,000,04,2,1,00,A01
201200053394,0,07,000,00,2,5,00,B01
201200053394,0,07,000,01,0,1,02,D01
201200053394,0,07,000,03,0,0,00,C01
201200053395,0,07,000,00,0,6,02,A01
201200053395,0,07,000,00,2,2,11,B01
201200053396,0,33,000,00,0,1,02,A01
201200053396,0,13,000,00,0,8,02,B01
201200053397,0,07,000,00,2,1,02,B01
201200053397,0,07,000,00,0,4,02,A01
201200053398,0,34,000,00,2,6,01,A01
201200053398,1,10,000,00,0,2,12,Z01
201200053399,0,07,000,00,0,5,02,C01
201200053399,0,10,000,00,0,5,01,D01
201200053399,0,07,000,00,2,4,02,B01
201200053399,0,07,000,00,2,1,02,A01
201200053400,0,10,000,00,0,9,02,A01
201200053401,0,07,000,04,0,3,17,A01
201200053402,0,33,000,04,0,7,14,A01
201200053403,0,07,000,00,0,4,00,A01
201200053403,0,07,000,00,0,1,00,C01
201200053403,0,07,000,00,0,1,00,B01
201200053404,0,33,000,03,0,1,01,A01
201200053405,0,07,000,00,0,1,02,C01
201200053405,0,07,000,00,0,4,02,A01
201200053405,0,07,000,00,0,4,02,B01
201200053406,1,17,000,00,2,8,01,C01
201200053406,0,07,000,00,0,0,02,T01
201200053406,0,07,000,00,0,0,01,B01
201200053406,0,33,000,00,2,2,03,D01
201200053406,0,07,000,00,2,5,01,A01
201200053407,0,07,000,00,0,4,02,A01
201200053407,0,07,000,00,2,1,02,B01
201200053408,1,14,000,00,2,1,02,B01
201200053408,0,10,000,00,0,4,01,A01
201200053409,0,07,000,03,2,2,01,A01
201200053410,0,07,000,00,2,7,01,A01
201200053410,0,07,000,00,2,8,01,B01
201200053411,0,33,000,04,0,9,00,A01
201200053412,0,07,000,04,0,3,00,A01
201200053413,0,07,000,00,2,1,02,A01
201200053413,0,10,000,00,2,1,21,C01
201200053413,0,07,000,04,0,4,01,B01
201200053414,0,07,000,00,2,6,01,A01
201200053414,0,07,000,00,2,2,14,B01
201200053415,0,14,000,00,2,1,21,A01
201200053415,0,07,000,00,2,1,05,B01
201200053416,0,07,000,00,2,4,02,D01
201200053416,0,07,000,00,2,4,02,A02
201200053416,0,13,000,00,2,1,02,F01
201200053416,0,07,000,00,2,4,02,B01
201200053416,0,07,000,00,2,4,02,C01
201200053416,0,07,000,00,2,4,02,E01
201200053417,0,07,000,00,2,4,02,A01
201200053417,0,07,000,00,2,1,02,B01
201200053418,0,07,000,00,2,4,17,B01
201200053418,0,17,000,00,0,4,23,D01
201200053418,0,07,000,02,2,3,11,A01
201200053418,0,07,000,00,2,9,01,C01
201200053419,0,33,000,00,2,8,01,A01
201200053419,1,07,000,00,2,7,12,Z01
201200053420,0,07,000,00,0,5,01,A01
201200053420,0,07,000,00,2,3,01,B01
201200053421,0,07,000,00,0,6,02,B01
201200053421,0,07,000,04,2,1,02,A01
201200053422,0,33,000,00,0,0,02,A01
201200053423,0,07,000,00,2,1,02,B01
201200053423,0,07,000,00,2,4,02,A01
201200053424,0,07,000,00,2,3,11,A01
201200053424,0,07,000,06,2,5,17,B01
201200053425,0,07,000,00,0,8,09,A01
201200053425,0,15,000,00,0,2,12,B01
201200053426,0,07,000,00,2,4,02,A01
201200053426,0,07,000,00,2,1,02,B01
201200053427,0,07,000,00,0,1,00,A01
201200053428,0,07,000,00,2,1,02,C01
201200053428,0,10,000,00,0,4,02,A01
201200053428,0,07,000,01,2,9,02,B01
201200053429,1,99,000,00,0,0,00,Z01
201200053429,0,10,000,00,2,1,01,B01
201200053429,0,07,000,00,2,1,01,A01
201200053430,0,07,000,00,0,7,11,A01