Num_Acc,senc,catv,occutc,obs,obsm,choc,manv,num_veh
201200056615,0,07,000,00,2,8,15,A01
201200056616,0,32,000,00,2,1,01,A01
201200056616,1,07,000,00,2,8,01,B01
201200056617,0,01,000,00,1,1,17,A01
201200056618,1,07,000,00,1,0,01,Z01
201200056619,0,30,000,00,0,7,16,A01
201200056620,0,30,000,00,0,0,01,A01
201200056621,0,01,000,12,0,8,21,A01
201200056622,0,07,000,08,0,3,01,A01
201200056623,0,07,000,00,2,3,13,A01
201200056623,0,32,000,00,2,5,01,B01
201200056624,0,01,000,00,2,4,23,B01
201200056624,0,10,000,00,2,1,02,A01
201200056625,0,30,000,00,2,8,01,B01
201200056625,0,07,000,00,2,1,01,A01
201200056626,0,07,000,00,2,1,02,A01
201200056626,0,07,000,00,2,4,23,B01
201200056627,0,10,000,00,2,0,04,B01
201200056627,0,30,000,00,2,8,01,A01
201200056628,1,07,000,00,0,0,15,A01
201200056628,0,14,000,00,2,0,01,C01
201200056628,0,02,000,00,2,7,17,B01
201200056629,0,02,000,00,2,8,01,B01
201200056629,0,07,000,00,2,3,10,A01
201200056630,1,30,000,00,2,1,09,A01
201200056630,0,30,000,00,2,1,17,B01
201200056631,0,07,000,00,2,1,01,A01
201200056631,0,32,000,00,2,7,01,B01
201200056632,0,07,000,00,1,5,20,A01
201200056633,0,07,000,00,0,2,01,A01
201200056634,0,34,000,00,2,8,09,B01
201200056634,0,07,000,00,2,2,01,A01
201200056635,0,07,000,00,2,2,15,A01
201200056635,0,33,000,00,2,1,01,B01
201200056636,0,07,000,00,1,3,07,A01
201200056637,0,33,000,00,2,1,01,B01
201200056637,0,07,000,00,2,5,14,A01
201200056638,0,07,000,00,2,4,23,A01
201200056638,0,07,000,00,2,1,02,B01
201200056639,0,02,000,00,0,7,01,A01
201200056640,0,32,000,00,2,1,01,B01
201200056640,0,07,000,00,2,8,15,A01
201200056641,0,32,000,00,0,7,01,A01
201200056642,0,07,000,00,2,5,01,A01
201200056642,0,33,000,00,2,8,14,B01
201200056643,0,32,000,00,2,3,15,A01
201200056643,0,10,000,00,2,2,16,B01
201200056644,0,07,000,00,1,3,01,A01
201200056645,0,07,000,00,2,1,01,A01
201200056645,0,07,000,00,2,3,16,B01
201200056646,0,07,000,00,0,0,09,A01
201200056646,0,33,000,01,2,0,01,B01
201200056647,0,01,000,00,1,1,01,A01
201200056648,0,07,000,00,2,2,16,A01
201200056648,0,34,000,00,2,1,01,B01
201200056649,0,07,000,00,1,3,07,A01
201200056650,0,33,000,00,1,1,11,A01
201200056651,0,32,000,00,2,3,17,A01
201200056651,1,07,000,00,2,0,13,Z01
201200056652,0,07,000,00,1,3,01,A01
201200056653,0,30,000,00,2,1,01,A01
201200056653,0,07,000,00,2,1,15,B01
201200056654,0,34,000,00,2,2,17,A01
201200056655,0,07,000,00,2,7,16,A01
201200056655,0,33,000,00,2,8,01,B01
201200056656,0,07,000,00,1,3,07,A01
201200056657,0,02,000,00,2,1,01,A01
201200056657,0,07,000,00,2,7,01,C01
201200056657,0,33,000,00,2,5,01,B01
201200056658,0,10,000,00,1,1,01,A01
201200056659,0,30,000,00,1,8,01,A01
201200056660,0,33,000,01,2,1,17,B01
201200056660,0,07,000,00,2,3,15,A01
201200056661,0,32,000,00,0,7,01,A01
201200056662,0,37,001,00,2,5,17,A01
201200056662,0,33,000,00,2,8,23,B01
201200056663,0,33,000,00,2,1,13,A01
201200056663,0,37,001,00,2,3,23,B01
201200056664,0,07,000,00,2,2,14,A01
201200056664,0,31,000,00,2,3,01,B01
201200056665,0,07,000,00,2,5,15,A01
201200056665,0,32,000,00,2,1,01,B01
201200056666,0,30,000,00,2,1,01,A01
201200056666,0,07,000,00,2,5,23,B01
201200056667,0,01,000,00,2,1,15,B01
201200056667,0,07,000,00,9,2,15,A01
201200056668,0,02,000,00,0,0,01,A01
201200056669,0,30,000,00,0,7,01,A01
201200056670,0,07,000,14,0,1,01,A01
201200056671,0,34,000,00,2,1,02,A01
201200056671,0,10,000,00,2,5,02,B01
201200056672,0,07,000,00,1,3,15,A01
201200056673,0,33,000,00,2,2,17,A01
201200056673,0,07,000,00,2,3,15,B01
201200056674,0,30,000,11,0,1,01,A01
201200056675,0,30,000,00,2,7,15,A01
201200056675,0,32,000,00,2,1,01,B01
201200056676,2,30,000,00,1,0,01,Z01
201200056677,0,07,000,00,2,5,22,A01
201200056677,0,02,000,00,2,8,18,B01
201200056678,0,07,000,00,2,7,12,A01
201200056678,0,31,000,00,2,8,01,B01
201200056679,0,07,000,00,2,2,15,A01
201200056679,0,33,000,00,2,1,01,B01
201200056680,0,07,000,00,2,3,15,B01
201200056680,0,07,000,00,2,1,01,A01
201200056681,0,01,000,00,0,0,01,A01
201200056682,0,07,000,00,1,1,01,A01
201200056683,0,33,000,00,2,1,02,A01
201200056683,0,07,000,00,2,4,23,B01
201200056683,0,07,000,00,2,2,23,C01
201200056684,0,34,000,00,2,6,02,A01
201200056684,0,07,000,00,2,6,23,B01
201200056685,0,02,000,01,0,6,13,A01
201200056686,0,31,000,00,1,1,01,A01
201200056687,0,07,000,00,2,1,07,B01
201200056687,0,07,000,00,2,7,15,A01
201200056688,0,07,000,00,2,1,01,A01
201200056688,0,07,000,00,1,1,23,B01
201200056689,0,32,000,00,2,1,01,B01
201200056689,0,01,000,00,2,8,19,A01
201200056690,0,33,000,00,1,1,01,A01
201200056691,0,07,000,00,1,1,01,A01
201200056692,0,14,000,00,1,1,16,A01
201200056693,0,33,000,00,0,0,01,A01
201200056694,0,02,000,00,0,7,21,A01
201200056695,0,30,000,00,2,1,01,A01
201200056696,0,32,000,00,2,7,17,A01
201200056696,0,07,000,00,2,3,11,B01
201200056697,0,10,000,00,1,3,01,A01
201200056698,0,34,000,00,0,7,01,A01
201200056699,0,07,000,11,0,3,15,A01
201200056700,0,33,000,00,2,3,01,B01
201200056700,0,07,000,00,2,2,15,A01
201200056701,0,07,000,00,2,4,02,B01
201200056701,0,10,000,00,2,1,02,A01
201200056702,0,32,000,00,0,7,16,A01
201200056703,0,01,000,00,1,1,01,A01
201200056704,0,30,000,00,1,7,07,A01
201200056705,0,32,000,00,2,1,05,A01
201200056705,0,07,000,00,2,8,10,B01
201200056706,0,07,000,00,1,1,01,A01
201200056707,0,07,000,00,2,2,01,B01
201200056707,0,01,000,00,2,6,13,A01
201200056708,0,07,000,01,0,1,14,A01
201200056709,0,31,000,00,0,0,01,A01
201200056710,0,07,000,00,2,5,23,B01
201200056710,0,07,000,00,2,3,02,A01
201200056711,0,07,000,00,2,2,01,A01
201200056711,0,07,000,00,2,6,22,B01
201200056712,0,07,000,00,2,5,23,B01
201200056712,0,32,000,14,2,1,02,A01
201200056713,0,32,000,00,2,1,01,B01
201200056713,0,07,000,00,2,3,13,A01
201200056714,0,07,000,00,1,1,15,A01
201200056715,0,07,000,14,0,4,23,B01
201200056715,0,14,000,01,0,1,02,A01
201200056715,0,07,000,00,0,4,23,C01
201200056716,0,07,000,00,2,2,15,A01
201200056716,0,32,000,00,2,1,01,B01
201200056717,0,07,000,00,2,5,14,B01
201200056717,0,30,000,00,2,3,07,A01
201200056718,0,13,000,00,2,1,02,A01
201200056718,0,07,000,00,2,4,02,B01
201200056719,0,01,000,00,1,1,01,A01
201200056720,0,33,000,00,2,7,15,B01
201200056720,0,13,000,00,2,8,15,A01
201200056721,0,30,000,00,0,0,01,A01
201200056722,0,07,000,00,1,1,15,A01
201200056723,0,32,000,00,2,2,17,B01
201200056723,0,07,000,00,2,3,10,A01
201200056724,0,07,000,00,1,0,09,A01
201200056725,0,07,000,00,2,8,22,A01
201200056725,0,01,000,00,2,7,01,B01
201200056726,0,30,000,00,2,3,15,B01
201200056726,0,30,000,00,2,1,01,A01
201200056727,0,37,001,00,1,3,07,A01
201200056728,0,34,000,00,1,1,17,A01
201200056729,0,07,000,01,0,2,01,A01
201200056730,0,07,000,00,1,3,15,A01
201200056731,0,07,000,00,1,2,01,A01
201200056732,0,07,000,07,0,1,01,A01
201200056733,0,01,000,00,2,1,01,A01
201200056733,0,07,000,00,9,1,01,B01
201200056734,0,07,000,00,0,4,23,B01
201200056734,0,32,000,00,2,1,01,A01
201200056735,0,07,000,00,1,1,15,A01
201200056736,0,07,000,00,2,5,16,B01
201200056736,0,30,000,00,2,1,18,A01
201200056737,0,32,000,00,2,3,01,C01
201200056737,0,32,000,00,2,1,01,B01
201200056737,0,10,000,00,2,8,09,A01
201200056738,0,07,000,00,1,2,01,A01
201200056739,0,02,000,00,2,0,17,A01
201200056739,0,07,000,00,2,0,15,B01
201200056740,0,07,000,00,1,3,01,A01
201200056741,0,07,000,00,1,8,07,A01
201200056742,0,07,000,00,2,3,01,A01
201200056742,0,30,000,00,2,2,01,B01
201200056743,0,31,000,00,1,1,01,A01
201200056744,0,07,000,00,1,7,01,A01
201200056745,0,10,000,00,0,4,23,B01
201200056745,0,07,000,00,0,1,01,A01
201200056746,0,07,000,00,2,5,09,C01
201200056746,0,07,000,00,2,7,01,B01
201200056746,0,33,000,00,2,8,13,A01
201200056747,0,07,000,00,2,3,01,C01
201200056747,0,07,000,00,2,5,01,B01
201200056747,0,30,000,00,2,3,18,A01
201200056748,0,07,000,00,2,1,01,A01
201200056748,0,30,000,00,0,4,23,B01
201200056749,0,07,000,00,2,2,12,A01
201200056749,0,33,000,00,2,8,01,B01
201200056750,0,32,000,00,1,3,01,A01
201200056751,0,07,000,00,1,4,04,A01
201200056752,0,07,000,00,2,3,01,C01
201200056752,0,07,000,00,2,5,02,B01
201200056752,0,32,000,00,2,8,02,A01
201200056753,0,07,000,00,1,8,04,A01
201200056754,0,07,000,00,1,4,04,A01
201200056755,0,07,000,00,1,3,04,A01
201200056756,1,07,000,00,2,0,14,Z01
201200056756,0,30,000,00,2,6,18,A01
201200056757,0,01,000,00,2,7,05,B01
201200056757,0,07,000,00,2,8,01,A01
201200056758,0,07,000,00,2,2,22,A01
201200056758,0,30,000,00,2,3,17,B01
201200056758,0,07,000,00,2,8,23,C01
201200056759,0,07,000,00,2,1,02,A01
201200056759,0,07,000,00,2,4,23,B01
201200056760,0,33,000,00,1,1,01,A01
201200056761,0,07,000,00,2,2,16,A01
201200056761,0,01,000,00,2,1,19,B01
201200056762,0,07,000,00,1,3,16,A01
201200056763,0,32,000,00,0,8,01,A01
201200056764,0,07,000,00,2,2,16,A01
201200056764,0,37,000,00,2,3,07,B01
201200056765,0,33,000,00,2,8,01,B01
201200056765,0,10,000,00,2,2,01,A01
201200056766,0,07,000,00,2,2,16,A01
201200056766,0,01,000,00,2,2,01,B01
201200056767,0,10,000,00,2,3,01,B01
201200056767,0,07,000,00,2,2,16,A01
201200056768,0,30,000,00,0,1,01,A01
201200056769,0,32,000,00,1,1,01,A01
201200056770,0,07,000,00,1,5,04,A01
201200056771,0,01,000,00,2,7,14,A01
201200056771,0,01,000,08,2,8,01,B01
201200056772,0,07,000,00,1,2,16,A01
201200056773,0,07,000,00,1,3,01,A01
201200056774,0,32,000,00,1,1,01,A01
201200056775,0,33,000,00,2,0,01,A01
201200056776,0,07,000,00,2,5,15,A01
201200056776,0,32,000,00,2,1,01,B01
201200056777,1,07,000,00,0,0,00,Z01
201200056778,0,07,000,00,2,6,15,B01
201200056778,0,33,000,00,2,1,17,A01
201200056779,0,32,000,00,2,1,01,C01
201200056779,0,10,000,00,2,6,10,A01
201200056779,0,32,000,00,2,1,01,B01
201200056780,0,07,000,00,1,6,04,A01
201200056781,0,07,000,00,2,7,12,B01
201200056781,0,31,000,00,2,8,18,A01
201200056782,0,30,000,00,1,1,01,A01
201200056783,0,32,000,00,0,0,21,A01
201200056784,0,07,000,00,2,3,10,A01
201200056784,0,31,000,00,2,1,17,B01
201200056784,0,32,000,00,2,1,23,C01
201200056785,1,01,000,00,1,0,01,Z01
201200056786,0,02,000,00,2,1,07,A01
201200056786,0,07,000,00,2,5,16,B01
201200056787,0,01,000,01,0,2,01,B01
201200056787,0,07,000,00,2,3,22,A01
201200056788,0,07,000,00,1,5,04,A01
201200056789,0,02,000,00,2,4,02,A01
201200056789,0,07,000,00,2,4,23,B01
201200056790,0,37,000,00,1,5,15,A01
201200056791,0,07,000,00,2,2,09,A01
201200056791,0,32,000,00,2,8,17,B01
201200056792,0,32,000,00,2,7,01,B01
201200056792,0,07,000,00,2,0,16,A01
201200056793,0,07,000,00,2,4,02,B01
201200056793,0,07,000,00,2,4,15,C01
201200056793,0,07,000,00,2,1,02,A01
201200056794,0,07,000,00,2,3,15,A01
201200056794,0,33,000,00,2,1,01,B01
201200056795,0,13,000,00,1,6,04,A01
201200056796,0,32,000,01,0,0,14,A01
201200056797,0,32,000,00,2,1,01,A01
201200056797,0,01,000,00,2,8,01,B01
201200056798,0,07,000,00,0,8,01,A01
201200056798,0,32,000,00,2,8,15,B01
201200056799,0,10,000,00,2,3,01,B01
201200056799,0,07,000,00,2,3,01,C01
201200056799,0,31,000,00,2,3,17,A01
201200056800,0,33,000,00,2,0,01,B01
201200056800,0,07,000,00,2,8,13,A01
201200056801,0,30,000,00,2,0,18,A01
201200056801,0,07,000,00,0,0,20,B01
201200056802,0,07,000,00,1,2,01,A01
201200056803,0,07,000,00,2,2,13,A01
201200056803,0,32,000,00,2,6,01,B01
201200056804,0,07,000,00,2,2,16,A01
201200056804,0,31,000,00,2,1,01,B01
201200056805,0,01,000,00,1,1,01,A01
201200056806,0,07,000,00,2,6,15,A01
201200056806,0,32,000,00,2,1,05,B01
201200056807,0,07,000,00,1,8,01,A01
201200056808,0,07,000,00,2,2,15,A01
201200056808,0,32,000,00,2,3,01,B01
201200056809,0,07,000,00,2,1,02,A01
201200056809,0,07,000,00,2,4,23,B01
201200056810,0,31,000,00,1,1,17,A01
201200056811,0,31,000,00,2,8,09,B01
201200056811,0,07,000,00,2,3,01,A01
201200056812,0,07,000,00,0,0,23,B01
201200056812,0,07,000,00,0,1,01,A01
201200056812,0,07,000,00,2,0,23,C01
201200056813,0,07,000,00,1,4,04,A01
201200056814,0,07,000,00,2,2,01,B01
201200056814,0,07,000,00,2,2,15,A01
201200056815,0,07,000,00,2,1,02,A01
201200056815,0,32,000,00,2,5,23,B01
201200056816,0,32,000,00,2,2,01,A01
201200056816,0,07,000,00,2,2,16,B01
201200056817,0,30,000,00,2,3,12,A01
201200056817,0,32,000,00,2,5,01,B01
201200056818,0,07,000,00,2,3,01,B01
201200056818,0,34,000,00,2,1,01,A01
201200056819,0,07,000,00,1,1,01,A01
201200056820,0,07,000,00,2,1,15,A01
201200056820,0,30,000,00,2,1,01,B01
201200056821,0,30,000,00,2,1,01,A01
201200056821,1,07,000,00,2,0,09,Z01
201200056822,0,10,000,00,2,4,02,B01
201200056822,0,01,000,00,2,1,02,A01
201200056823,0,07,000,00,2,3,01,B01
201200056823,0,07,000,01,2,2,01,A01
201200056824,0,31,000,00,2,1,17,A01
201200056824,0,07,000,00,2,3,15,B01
201200056825,0,32,000,00,0,0,01,A01
201200056826,0,02,000,00,2,1,17,A01
201200056826,0,07,000,00,2,3,15,B01
201200056827,0,37,040,00,2,2,02,A01
201200056827,0,10,000,00,2,6,23,B01
201200056827,0,07,000,00,2,6,23,C01
201200056828,0,30,000,12,0,2,14,A01
201200056829,0,10,000,00,1,2,01,A01
201200056830,0,01,000,00,2,3,01,B01
201200056830,0,10,000,00,2,7,14,A01
201200056831,0,02,000,00,2,8,01,B01
201200056831,0,07,000,00,2,2,15,A01
201200056832,0,33,000,00,2,3,01,B01
201200056832,0,07,000,00,2,8,01,A01
201200056833,0,32,000,00,2,5,23,B01
201200056833,0,07,000,00,2,3,02,A01
201200056833,0,07,000,00,2,6,23,C01
201200056834,0,33,000,00,1,2,01,A01
201200056835,0,33,000,00,0,0,01,A01
201200056836,0,33,000,00,2,3,01,B01
201200056836,0,01,000,00,2,8,14,A01
201200056837,0,10,000,00,1,1,15,A01
201200056838,0,07,000,00,1,1,01,A01
201200056839,0,07,000,00,2,6,15,B01
201200056839,0,32,000,00,2,2,17,A01
201200056840,0,07,000,00,1,1,15,A01
201200056841,0,07,000,00,2,5,16,B01
201200056841,0,32,000,00,2,3,18,A01
201200056842,0,07,000,00,2,0,01,A01
201200056842,0,30,000,00,2,0,01,B01
201200056843,0,07,000,00,2,4,02,B01
201200056843,0,07,000,00,2,1,02,A01
201200056844,0,07,000,00,1,1,15,A01
201200056845,0,10,000,00,2,8,01,B01
201200056845,0,30,000,00,2,7,01,A01
201200056846,0,10,000,00,2,8,15,B01
201200056846,0,32,000,00,2,7,17,A01
201200056847,0,33,000,00,2,1,12,A01
201200056847,0,07,000,00,2,3,01,C01
201200056847,0,07,000,01,0,6,01,B01
201200056848,0,30,000,00,2,7,17,A01
201200056848,0,07,000,00,2,3,15,B01
201200056849,0,30,000,00,2,1,01,A01
201200056849,0,33,000,00,2,8,01,B01
201200056850,0,07,000,00,1,3,01,A01
201200056851,0,07,000,01,0,7,13,A01
201200056852,0,07,000,00,1,3,16,A01
201200056853,0,01,000,00,0,4,01,B01
201200056853,0,37,001,00,2,3,18,A01
201200056854,0,31,000,00,2,0,21,A01
201200056855,0,34,000,00,0,1,01,A01
201200056856,0,02,000,00,1,7,05,A01
201200056857,0,07,000,00,1,1,15,A01
201200056858,0,33,000,12,0,1,13,A01
201200056859,0,07,000,00,2,3,15,A01
201200056859,0,32,000,00,2,8,01,B01
201200056860,0,07,000,00,2,7,16,A01
201200056860,0,32,000,00,2,8,01,B01
201200056861,1,07,000,00,2,1,01,Z01
201200056861,0,02,000,00,2,9,01,A01
201200056862,0,01,000,00,0,7,21,A01
201200056863,0,32,000,00,1,1,01,A01
201200056864,0,07,000,00,1,2,01,A01
201200056865,0,07,000,00,2,2,07,B01
201200056865,0,31,000,00,2,7,16,A01
201200056866,0,07,000,00,2,3,15,A01
201200056866,0,33,000,00,2,1,01,B01
201200056867,0,07,000,00,1,0,01,A01
201200056868,0,07,000,00,1,0,16,A01
201200056869,0,02,000,00,2,2,17,A01
201200056869,0,07,000,00,2,3,15,B01
201200056870,0,07,000,00,2,4,23,B01
201200056870,0,07,000,00,2,1,01,A01
201200056871,0,07,000,04,0,1,01,A01
201200056871,0,07,000,08,9,1,01,B01
201200056872,0,10,000,00,1,4,04,A01
201200056873,0,07,000,00,2,3,15,A01
201200056873,0,33,000,00,2,2,23,B01
201200056874,0,07,000,00,2,2,01,A01
201200056874,0,07,000,00,0,5,23,B01
201200056875,0,01,000,11,0,1,01,A01
201200056876,0,07,000,00,1,4,04,A01
201200056877,0,07,000,01,0,5,20,B01
201200056877,0,02,000,00,2,2,18,A01
201200056878,0,07,000,00,1,1,01,A01
201200056879,0,30,000,00,0,4,23,B01
201200056879,0,10,000,00,2,2,01,A01
201200056880,0,32,000,00,0,7,01,A01
201200056881,0,34,000,00,0,8,01,A01
201200056882,0,07,000,00,1,3,01,A01
201200056883,0,31,000,00,2,1,01,A01
201200056883,0,07,000,00,2,2,23,B01
201200056884,0,07,000,00,1,2,01,A01
201200056885,0,07,000,00,2,3,09,A01
201200056885,0,33,000,00,2,7,01,B01
201200056886,0,07,000,00,2,2,15,A01
201200056886,0,31,000,00,2,1,01,B01
201200056887,0,07,000,00,2,1,15,A01
201200056887,0,30,000,00,2,8,01,B01
201200056888,0,10,000,00,1,6,01,A01
201200056889,0,33,000,00,2,1,01,B01
201200056889,0,07,000,00,2,7,15,A01
201200056890,0,10,000,00,1,2,01,A01
201200056891,0,30,000,00,1,1,01,A01
201200056892,0,33,000,00,2,8,15,A01
201200056892,0,34,000,00,2,2,01,B01
201200056893,0,02,000,00,2,1,01,B01
201200056893,0,10,000,00,2,7,15,A01
201200056894,0,01,000,00,0,0,21,A01
201200056895,0,07,000,00,2,1,02,C01
201200056895,0,07,000,00,2,4,02,A01
201200056895,0,07,000,00,2,1,02,B01
201200056896,0,07,000,11,0,1,01,A01
201200056897,0,10,000,00,2,3,13,A01
201200056897,0,07,000,00,2,2,01,B01
201200056898,0,36,000,00,2,0,13,A01
201200056898,0,32,000,00,2,3,01,B01
201200056899,0,10,000,00,2,5,15,A01
201200056899,0,33,000,00,2,7,01,B01
201200056900,0,07,000,00,2,8,15,B01
201200056900,0,30,000,00,2,7,17,A01
201200056901,0,10,000,00,2,2,01,A01
201200056901,0,07,000,00,2,3,01,B01
201200056902,0,07,000,00,2,1,02,A01
201200056902,0,33,000,00,2,4,23,B01
201200056903,0,32,000,00,2,7,23,B01
201200056903,0,07,000,00,0,6,23,C01
201200056903,0,07,000,00,2,3,02,A01
201200056904,0,07,000,14,2,1,07,B01
201200056904,0,07,000,00,2,2,16,A01
201200056905,0,07,000,00,2,3,01,B01
201200056905,0,32,000,00,2,2,01,A01
201200056906,0,30,000,00,2,7,01,B01
201200056906,0,07,000,00,2,3,15,A01
201200056907,0,32,000,00,2,1,01,B01
201200056907,0,07,000,00,2,1,15,A01
201200056908,0,01,000,00,2,8,19,B01
201200056908,0,07,000,00,2,0,01,A01
201200056909,0,30,000,00,2,8,01,A01
201200056909,1,07,000,00,2,0,01,Z01
201200056910,0,33,000,00,2,1,01,B01
201200056910,0,10,000,00,2,3,10,A01
201200056911,0,32,000,00,2,1,01,B01
201200056911,0,07,000,00,2,7,15,A01
201200056912,0,07,000,00,2,3,15,A01
201200056912,0,33,000,00,2,8,01,B01
201200056913,0,07,000,00,1,2,16,A01
201200056914,0,07,000,00,2,3,01,B01
201200056914,0,07,000,00,2,3,10,A01
201200056915,0,07,000,02,0,1,14,A01
201200056916,0,31,000,00,2,3,01,B01
201200056916,0,07,000,00,2,2,01,A01
201200056917,0,37,000,00,0,0,07,A01
201200056918,0,07,000,11,0,1,14,A01
201200056919,0,32,000,00,2,1,16,B01
201200056919,0,07,000,00,2,2,01,A01
201200056920,0,07,000,00,2,0,10,A01
201200056920,0,07,000,14,2,3,01,B01
201200056921,0,01,000,00,2,7,01,B01
201200056921,0,07,000,00,2,8,22,A01
201200056922,0,01,000,00,0,0,07,A01
201200056923,0,07,000,00,2,2,15,A01
201200056923,0,07,000,00,2,3,01,B01
201200056924,0,30,000,11,0,1,14,A01
201200056925,0,07,000,00,2,1,23,B01
201200056925,0,10,000,00,2,1,02,A01
201200056926,0,37,000,00,1,0,01,A01
201200056927,0,07,000,00,2,1,15,A01
201200056927,0,32,000,00,2,1,01,B01
201200056928,0,07,000,00,1,3,01,A01
201200056929,1,30,000,09,0,2,14,Z01
201200056930,0,07,000,00,2,4,02,B01
201200056930,0,07,000,00,2,2,02,A01
201200056931,0,33,000,00,1,1,05,A01
201200056932,0,07,000,00,2,4,02,B01
201200056932,0,07,000,00,2,1,02,A01
201200056933,0,30,000,00,1,1,01,A01
201200056934,0,30,000,06,0,1,14,A01
201200056935,0,07,000,00,2,1,02,A01
201200056935,0,07,000,00,2,4,23,B01
201200056935,0,07,000,00,2,7,01,C01
201200056936,0,32,000,12,0,2,00,A01
201200056937,0,07,000,00,2,3,15,A01
201200056937,0,33,000,00,2,1,01,B01
201200056938,0,07,000,00,1,2,00,A01
201200056939,1,07,000,00,2,1,01,Z01
201200056939,0,02,000,00,2,6,23,A01
201200056940,0,07,000,00,2,3,15,A01
201200056940,0,33,000,08,2,7,01,B01
201200056941,0,07,000,00,2,3,01,B01
201200056941,0,31,000,00,2,7,03,A01
201200056942,0,37,000,00,2,1,02,A01
201200056942,0,37,000,06,2,4,02,B01
201200056943,0,01,000,00,2,0,15,A01
201200056943,0,02,000,00,2,0,01,B01
201200056944,0,02,000,01,0,1,21,A01
201200056945,0,07,000,00,2,3,22,A01
201200056945,0,01,000,00,2,1,01,B01
201200056946,0,02,000,00,1,8,07,A01
201200056947,0,32,000,00,0,1,01,A01
201200056948,0,32,000,00,1,1,07,A01
201200056949,0,37,000,00,1,2,07,A01
201200056950,0,07,000,00,2,7,01,A01
201200056950,0,30,000,00,2,1,01,B01
201200056951,0,31,000,00,1,1,01,A01
201200056952,0,02,000,00,0,8,01,A01
201200056953,0,30,000,00,1,1,01,A01
201200056954,1,07,000,00,1,0,01,Z01
201200056955,0,31,000,00,1,1,17,A01
201200056956,0,07,000,00,2,1,15,A01
201200056956,0,01,000,00,2,8,01,B01
201200056957,0,07,000,00,2,7,12,A01
201200056957,0,32,000,00,2,1,01,B01
201200056958,0,07,000,00,1,1,01,A01
201200056959,0,10,000,00,1,8,01,A01
201200056960,0,14,000,00,2,8,10,A01
201200056960,0,30,000,00,2,8,01,B01
201200056961,0,07,000,00,2,1,01,A01
201200056961,0,03,000,02,2,6,13,B01
201200056962,0,33,000,00,0,8,01,A01
201200056963,0,07,000,00,2,0,09,B01
201200056963,0,34,000,00,2,0,01,A01
201200056964,0,10,000,00,2,1,15,B01
201200056964,0,33,000,00,2,7,01,A01
201200056965,0,07,000,00,1,0,15,A01
201200056966,0,30,000,00,1,1,21,A01
201200056967,0,07,000,00,2,4,02,B01
201200056967,0,30,000,00,2,1,02,A01
201200056968,0,07,000,00,2,5,23,B01
201200056968,0,07,000,00,2,1,02,A01
201200056969,0,07,000,00,1,1,01,A01
201200056970,0,01,000,01,0,7,22,B01
201200056970,0,07,000,00,0,7,22,A01
201200056971,0,07,000,00,2,4,01,B01
201200056971,0,07,000,00,2,1,01,A01
201200056972,0,07,000,00,2,2,15,A01
201200056972,0,33,000,00,2,1,01,B01
201200056973,0,07,000,00,1,1,16,A01
201200056974,0,02,000,00,2,8,01,A01
201200056974,0,07,000,00,2,2,15,B01
201200056975,0,10,000,00,1,4,04,A01
201200056976,0,07,000,01,2,2,01,A01
201200056976,0,02,000,00,0,4,16,B01
201200056977,0,07,000,00,1,1,01,A01
201200056978,0,07,000,00,2,1,02,A01
201200056978,0,07,000,00,2,4,02,B01
201200056979,0,32,000,00,2,3,16,A01
201200056979,0,07,000,00,2,3,18,B01
201200056980,0,10,000,00,1,6,04,A01
201200056981,0,07,000,00,2,1,10,A01
201200056981,0,32,000,00,2,2,01,B01
201200056982,0,37,000,00,1,2,01,A01
201200056983,0,07,000,00,1,3,01,A01
201200056984,0,07,000,00,1,1,15,A01
201200056985,0,02,000,00,1,3,17,A01
201200056986,0,07,000,00,2,1,01,A01
201200056986,0,33,000,00,0,4,23,B01
201200056987,0,32,000,00,1,1,17,A01
201200056988,0,07,000,12,0,2,01,A01
201200056989,0,07,000,00,2,3,09,A01
201200056989,0,02,000,00,2,1,17,B01
201200056990,0,07,000,00,1,1,16,A01
201200056991,0,30,000,00,0,7,01,A01
201200056992,0,07,000,00,2,1,02,A01
201200056992,0,14,000,00,2,4,02,B01
201200056993,0,33,000,00,2,4,23,B01
201200056993,0,33,000,00,2,1,02,A01
201200056994,0,02,000,00,2,8,09,A01
201200056994,0,01,000,00,2,2,01,B01
201200056995,0,33,000,01,0,2,14,A01
201200056996,0,07,000,00,2,2,16,B01
201200056996,0,32,000,00,2,8,07,A01
201200056997,0,10,000,00,1,4,04,A01
201200056998,0,32,000,14,0,1,14,A01
201200056999,0,30,000,00,2,2,14,A01
201200056999,0,07,000,00,2,8,07,B01
201200057000,0,32,000,00,0,0,01,A01
201200057001,0,07,000,00,1,4,04,A01
201200057002,0,32,000,00,2,3,01,B01
201200057002,0,10,000,00,2,2,16,A01
201200057003,0,10,000,00,0,7,01,B01
201200057003,0,34,000,00,2,3,03,A01
201200057004,0,07,000,00,1,2,01,A01
201200057005,0,30,000,00,0,0,21,A01
201200057006,0,07,000,00,1,1,01,A01
201200057007,0,32,000,00,0,8,21,A01
201200057008,0,34,000,00,2,1,12,A01
201200057008,0,07,000,00,0,5,01,B01
201200057009,0,32,000,01,0,6,14,A01
201200057010,0,31,000,14,2,1,02,A01
201200057010,0,07,000,00,2,6,02,B01
201200057011,0,10,000,00,2,3,10,A01
201200057011,0,30,000,00,2,1,01,B01
201200057012,0,07,000,00,2,6,10,A01