Num_Acc,senc,catv,occutc,obs,obsm,choc,manv,num_veh
201200060367,0,33,000,00,2,3,03,A01
201200060367,0,07,000,00,2,5,01,B01
201200060368,0,07,000,00,2,1,12,A01
201200060368,0,07,000,00,2,4,23,C01
201200060368,0,07,000,00,2,4,23,B01
201200060369,0,33,000,00,2,3,03,A01
201200060369,1,07,000,00,2,0,12,Z01
201200060370,0,07,000,00,0,2,01,C01
201200060370,0,07,000,00,0,6,01,B01
201200060370,0,32,000,00,2,2,03,A01
201200060371,0,33,000,00,0,0,03,A01
201200060372,0,07,000,00,2,2,12,A01
201200060372,0,31,000,00,2,3,03,B01
201200060373,0,07,000,00,0,5,23,C01
201200060373,0,07,000,00,0,0,12,A01
201200060373,0,33,000,00,2,8,03,B01
201200060374,0,31,000,00,2,8,01,A01
201200060374,1,07,000,00,0,0,12,Z01
201200060375,0,10,000,00,2,3,11,A01
201200060375,0,33,000,04,0,2,01,B01
201200060376,0,31,000,00,0,0,01,A01
201200060377,0,07,000,00,0,5,01,B01
201200060377,0,33,000,00,2,1,01,A01
201200060378,1,07,000,00,2,5,12,Z01
201200060378,0,31,000,00,0,8,03,A01
201200060379,0,33,000,00,0,0,01,B01
201200060379,0,34,000,00,0,0,17,A01
201200060380,1,07,000,00,2,3,01,Z01
201200060380,0,07,000,04,0,5,23,A01
201200060381,0,33,000,00,2,0,01,B01
201200060381,0,07,000,00,0,5,12,A01
201200060382,0,33,000,00,0,7,03,A01
201200060383,0,32,000,00,0,0,01,A01
201200060384,0,07,000,00,0,6,11,B01
201200060384,0,31,000,00,2,3,03,A01
201200060385,0,07,000,00,2,5,12,A01
201200060385,0,33,000,00,0,3,01,B01
201200060386,0,07,000,00,0,5,12,A01
201200060386,0,32,000,00,2,3,01,B01
201200060387,0,13,000,00,0,6,01,B01
201200060387,0,32,000,00,0,0,01,A01
201200060388,0,10,000,00,2,3,01,A01
201200060388,0,07,000,00,0,5,01,B01
201200060389,0,31,000,00,0,8,09,B01
201200060389,0,15,000,00,2,2,12,A01
201200060390,0,07,000,00,0,8,01,C01
201200060390,0,32,000,00,2,8,03,A01
201200060390,0,10,000,00,0,5,01,B01
201200060391,0,33,000,00,2,1,01,A01
201200060391,0,07,000,00,0,6,23,B01
201200060392,0,15,000,00,2,2,12,A01
201200060392,0,07,000,05,0,6,01,B01
201200060393,0,10,000,04,0,1,14,A01
201200060394,0,31,000,00,2,1,02,A01
201200060394,0,07,000,00,2,4,02,B01
201200060395,0,07,000,04,0,3,13,A01
201200060396,0,07,000,00,2,3,13,A01
201200060396,0,33,000,00,2,7,03,B01
201200060397,0,31,000,00,2,8,01,B01
201200060397,0,17,000,00,2,7,12,A01
201200060398,0,15,000,00,2,4,02,B01
201200060398,0,10,000,00,2,1,02,A01
201200060399,0,33,000,00,2,0,01,B01
201200060399,0,31,000,00,2,0,03,A01
201200060399,0,07,000,00,2,6,01,C01
201200060399,0,07,000,00,2,5,23,D01
201200060400,0,07,000,00,2,1,02,A01
201200060400,0,10,000,00,2,4,23,B01
201200060401,0,32,000,00,0,8,01,A01
201200060402,0,07,000,00,2,4,12,B01
201200060402,0,07,000,00,2,1,23,A01
201200060403,0,07,000,00,2,2,02,A01
201200060403,0,07,000,00,2,6,02,B01
201200060404,0,32,000,00,2,7,12,A01
201200060404,0,31,000,00,2,1,01,B01
201200060405,0,10,000,00,2,5,12,B01
201200060405,0,31,000,04,2,1,03,A01
201200060405,0,07,000,00,2,8,01,C01
201200060406,0,33,000,00,0,0,01,A01
201200060407,0,07,000,00,2,5,23,B01
201200060407,0,07,000,00,2,3,02,A01
201200060408,0,07,000,00,2,2,02,A01
201200060408,0,07,000,00,2,6,01,B01
201200060409,0,07,000,02,2,1,02,A01
201200060409,0,07,000,01,2,4,02,B01
201200060409,0,07,000,02,2,1,02,C01
201200060410,0,07,000,00,2,1,02,A01
201200060410,0,07,000,00,2,4,23,B01
201200060411,0,07,000,00,2,1,02,A01
201200060411,0,07,000,00,2,4,02,B01
201200060412,0,07,000,00,2,4,04,A01
201200060412,0,07,000,04,2,1,02,B01
201200060413,0,33,000,00,0,0,01,A01
201200060414,0,07,000,00,0,5,12,A01
201200060414,0,33,000,00,2,1,03,B01
201200060415,0,10,000,03,0,1,12,A01
201200060416,0,07,000,14,0,1,14,A01
201200060417,0,07,000,00,2,1,02,A01
201200060417,0,07,000,00,2,4,02,C01
201200060417,0,07,000,00,2,4,02,B01
201200060417,0,07,000,00,2,4,02,D01
201200060418,0,07,000,04,2,3,01,B01
201200060418,0,07,000,00,2,7,12,A01
201200060419,0,32,000,00,0,0,01,A01
201200060420,0,07,000,00,2,4,02,B01
201200060420,0,07,000,00,2,1,02,A01
201200060421,0,07,000,00,2,5,02,B01
201200060421,0,34,000,00,2,1,02,A01
201200060422,0,31,000,00,0,0,01,A01
201200060423,0,07,000,00,2,3,11,A01
201200060423,0,32,000,00,2,7,01,B01
201200060424,0,33,000,00,2,7,03,B01
201200060424,0,07,000,00,2,3,11,A01
201200060425,0,31,000,00,2,1,03,A01
201200060425,0,07,000,00,2,5,01,B01
201200060426,0,07,000,00,2,2,17,A01
201200060426,0,07,000,00,0,6,01,B01
201200060427,0,33,000,00,0,7,01,A01
201200060428,0,33,000,00,0,8,03,A01
201200060429,0,07,000,00,0,5,12,B01
201200060429,0,33,000,00,2,3,03,A01
201200060430,0,07,000,00,2,5,12,A01
201200060430,0,32,000,00,2,1,03,B01
201200060431,0,17,000,00,2,2,02,A01
201200060431,0,07,000,00,2,4,23,B01
201200060432,0,32,000,04,0,2,14,A01
201200060433,0,33,000,00,2,7,03,B01
201200060433,0,07,000,00,2,4,01,C01
201200060433,0,07,000,00,2,8,13,A01
201200060434,1,07,000,00,2,0,13,Z01
201200060434,0,07,000,04,2,4,01,A01
201200060434,0,07,000,00,2,3,01,B01
201200060434,0,07,000,00,2,3,01,C01
201200060435,0,33,000,00,0,0,01,A01
201200060436,0,07,000,12,0,3,11,A01
201200060437,0,07,000,00,2,5,02,B01
201200060437,0,07,000,00,2,3,02,A01
201200060438,0,07,000,00,2,8,13,A01
201200060438,0,33,000,00,2,8,01,B02
201200060439,0,07,000,00,2,8,15,A01
201200060439,0,31,000,00,2,1,17,B02
201200060440,0,07,000,00,1,7,01,A01
201200060441,0,33,000,00,2,8,17,A01
201200060441,0,33,000,00,2,8,15,B02
201200060442,0,33,000,00,2,1,01,A01
201200060442,0,07,000,00,2,1,01,B02
201200060443,0,33,000,00,0,0,15,A01
201200060443,0,10,000,00,0,2,01,B02
201200060444,0,07,000,00,2,7,05,A01
201200060444,0,07,000,00,2,1,01,B02
201200060445,0,07,000,00,2,2,15,A01
201200060445,0,33,000,00,2,1,01,B02
201200060446,0,07,000,00,0,7,22,A01
201200060446,0,01,000,00,2,1,22,B02
201200060447,0,07,000,00,2,3,21,A01
201200060447,0,30,000,00,2,1,01,B02
201200060448,0,30,000,00,0,1,00,A01
201200060449,0,33,000,00,2,1,01,A01
201200060449,0,07,000,00,2,5,01,B02
201200060450,0,31,000,00,2,1,01,A01
201200060450,0,10,000,00,2,1,01,B02
201200060451,0,31,000,00,2,1,01,A01
201200060451,0,99,000,00,2,1,01,B02
201200060452,0,07,000,00,2,1,13,A01
201200060452,0,14,000,00,2,1,01,B02
201200060452,0,07,000,00,2,1,01,C03
201200060453,0,07,000,00,2,2,15,A01
201200060453,0,01,000,00,2,1,01,B02
201200060454,0,07,000,00,1,2,01,A01
201200060455,0,07,000,00,2,7,15,A01
201200060455,0,33,000,00,2,1,01,B02
201200060456,0,32,000,00,0,0,00,A01
201200060457,0,07,000,00,2,1,17,A01
201200060457,0,07,000,00,2,1,01,B02
201200060458,0,07,000,00,2,1,01,A01
201200060458,0,07,000,00,2,1,01,B02
201200060459,0,07,000,00,2,1,17,A01
201200060459,0,07,000,00,2,1,01,B02
201200060460,0,07,000,00,2,2,01,A01
201200060460,0,07,000,00,2,3,01,B02
201200060461,0,33,000,00,1,1,17,A01
201200060462,0,07,000,00,1,1,01,A01
201200060463,0,32,000,00,2,3,01,A01
201200060463,0,38,001,00,2,3,01,B02
201200060464,0,10,000,00,0,2,15,A01
201200060464,0,07,000,00,2,1,01,B02
201200060465,0,33,000,12,0,1,18,A01
201200060466,0,31,000,00,2,0,01,A01
201200060466,0,07,000,00,2,8,19,B02
201200060467,0,07,000,13,0,6,19,A01
201200060468,0,07,000,00,2,1,01,A01
201200060468,0,07,000,00,2,4,15,B02
201200060469,0,07,000,03,2,2,10,A01
201200060469,0,33,000,00,2,2,01,B02
201200060470,0,07,000,00,2,3,13,A01
201200060470,0,07,000,00,2,3,01,B02
201200060471,0,07,000,00,2,3,01,A01
201200060471,0,30,000,00,2,1,13,B02
201200060472,0,33,000,00,2,2,03,A01
201200060472,0,07,000,00,0,8,02,B02
201200060473,0,07,000,00,1,2,14,A01
201200060474,0,07,000,00,2,3,15,A01
201200060474,0,33,000,00,2,1,01,B02
201200060475,0,02,000,00,2,1,02,A01
201200060475,0,07,000,00,2,6,02,B02
201200060476,0,07,000,00,2,3,09,A01
201200060476,0,33,000,00,2,1,17,B02
201200060477,0,07,000,00,1,1,01,A01
201200060478,0,07,000,00,2,3,13,A01
201200060478,0,07,000,00,2,2,01,B02
201200060479,0,33,000,00,2,8,01,A01
201200060479,0,07,000,00,2,8,09,B02
201200060480,0,02,000,00,1,1,01,A01
201200060481,0,07,000,00,1,2,01,A01
201200060482,0,07,000,13,0,1,01,A01
201200060483,0,07,000,00,2,3,13,A01
201200060483,0,15,000,00,2,3,01,B02
201200060484,0,07,000,00,2,6,20,A01
201200060484,0,30,000,00,2,1,17,B02
201200060485,0,10,000,00,2,1,15,A01
201200060485,0,32,000,00,2,1,01,B02
201200060486,0,02,000,00,2,1,01,A01
201200060486,0,10,000,00,2,4,23,B02
201200060487,0,07,000,00,1,3,15,A01
201200060488,0,33,000,00,2,1,17,A01
201200060488,0,07,000,00,2,6,01,B02
201200060489,0,33,000,15,2,0,17,A01
201200060489,0,07,000,00,2,3,15,B02
201200060490,0,07,000,00,2,7,11,A01
201200060490,0,07,000,00,2,2,01,B02
201200060491,0,07,000,00,2,2,15,A01
201200060491,0,01,000,00,2,1,01,B02
201200060492,0,07,000,00,2,3,01,B02
201200060492,0,07,000,00,2,3,17,A01
201200060493,0,10,000,00,1,5,01,A01
201200060494,0,07,000,00,2,1,13,A01
201200060494,0,07,000,00,2,1,01,B02
201200060495,0,07,000,01,2,1,02,C03
201200060495,0,07,000,00,2,7,09,B02
201200060495,0,07,000,00,2,8,23,A01
201200060496,1,10,000,00,1,0,01,A01
201200060497,0,07,000,00,0,0,01,C03
201200060497,0,07,000,00,2,1,17,A01
201200060497,0,07,000,00,2,3,01,B02
201200060498,0,07,000,00,2,3,13,A01
201200060498,0,33,000,00,2,1,01,B02
201200060499,0,30,000,00,2,1,01,A01
201200060500,0,07,000,00,1,3,01,A01
201200060501,0,07,000,00,2,7,13,A01
201200060501,0,07,000,00,2,3,00,B02
201200060502,0,33,000,00,0,0,13,A01
201200060503,0,07,000,00,2,7,15,A01
201200060503,0,33,000,00,2,1,01,B02
201200060504,0,33,000,00,2,1,17,A01
201200060504,0,07,000,00,2,6,15,B02
201200060505,0,03,000,13,0,9,01,A01
201200060506,0,07,000,00,1,0,01,A01
201200060507,0,07,000,00,2,1,02,A01
201200060507,0,07,000,00,2,4,02,B02
201200060508,0,07,000,00,1,3,13,A01
201200060508,0,07,000,00,2,3,01,B02
201200060509,0,33,000,00,2,0,17,A01
201200060510,0,14,000,00,2,3,01,B02
201200060510,0,30,000,00,2,3,13,A01
201200060511,1,07,000,00,1,2,14,A01
201200060512,0,38,000,13,0,2,01,A01
201200060513,0,07,000,00,2,3,01,B02
201200060513,0,33,000,00,2,8,13,A01
201200060514,0,07,000,00,2,1,01,B02
201200060514,0,07,000,00,2,3,13,A01
201200060515,0,33,000,00,2,7,05,A01
201200060515,0,33,000,00,2,8,01,B02
201200060516,0,01,000,00,2,6,01,A01
201200060517,0,07,000,00,2,1,01,A01
201200060517,0,07,000,00,2,1,01,B02
201200060517,0,07,000,00,2,1,01,C03
201200060518,0,33,000,08,0,8,13,A01
201200060519,0,07,000,02,0,8,01,A01
201200060520,0,30,000,00,2,0,01,A01
201200060520,0,07,000,00,2,8,01,B02
201200060521,0,07,000,00,0,4,12,B02
201200060521,0,33,000,00,2,1,01,A01
201200060522,0,33,000,00,0,0,13,A01
201200060523,0,07,000,00,1,0,01,A01
201200060524,0,07,000,00,0,0,14,A01
201200060525,0,10,000,00,2,1,01,B02
201200060525,0,10,000,00,2,7,13,A01
201200060526,0,07,000,00,0,2,15,A01
201200060526,0,30,000,00,0,3,01,B02
201200060527,0,36,000,08,0,1,01,A01
201200060528,0,07,000,14,1,1,21,A01
201200060529,0,10,000,00,2,2,01,A01
201200060529,0,30,000,00,2,1,05,B02
201200060530,0,32,000,16,0,1,00,A01
201200060531,0,07,000,00,2,6,23,B02
201200060531,0,14,000,00,2,4,23,A01
201200060531,0,10,000,14,0,2,02,D04
201200060531,0,07,000,00,2,1,01,C03
201200060532,0,20,000,00,1,1,01,A01
201200060533,0,07,000,00,1,1,01,A01
201200060534,0,07,000,00,2,1,01,A01
201200060534,0,07,000,00,2,1,13,B02
201200060535,0,07,000,00,1,1,01,A01
201200060536,0,07,000,02,0,1,01,A01
201200060537,0,07,000,00,2,2,01,A01
201200060537,0,01,000,00,2,6,21,B02
201200060538,0,07,000,00,2,1,21,A01
201200060538,0,07,000,00,2,1,13,B02
201200060539,0,07,000,00,2,1,16,A01
201200060539,0,07,000,00,2,1,01,B02
201200060540,0,33,000,00,2,1,02,B02
201200060540,0,07,000,00,0,6,15,A01
201200060541,0,07,000,02,0,1,01,A01
201200060542,0,31,000,02,0,1,14,A01
201200060543,0,01,000,00,2,4,14,B02
201200060543,0,07,000,00,9,3,01,A01
201200060544,0,33,000,01,0,1,00,A01
201200060545,0,33,000,00,2,1,01,B02
201200060545,0,07,000,00,2,1,15,A01
201200060546,0,31,000,01,1,1,01,A01
201200060547,0,07,000,00,1,2,09,A01
201200060548,0,07,000,08,0,3,21,A01
201200060549,0,07,000,00,0,0,11,A01
201200060550,0,31,000,00,2,1,01,A01
201200060550,0,07,000,00,2,7,15,B02
201200060551,0,07,000,00,2,3,21,B02
201200060551,0,07,000,00,2,2,13,A01
201200060552,0,07,000,13,0,2,01,A01
201200060553,0,07,000,00,2,8,15,A01
201200060553,0,32,000,00,2,1,13,B02
201200060554,0,07,000,00,2,1,21,A01
201200060554,0,01,000,00,2,8,02,C03
201200060555,0,07,000,01,0,2,00,A01
201200060556,0,07,000,02,0,1,21,A01
201200060556,0,07,000,00,2,1,00,B02
201200060557,0,10,000,03,0,9,14,A01
201200060558,0,07,000,00,2,1,17,B02
201200060558,0,07,000,00,2,8,19,A01
201200060559,0,10,000,00,0,4,09,B02
201200060559,0,07,000,00,2,1,01,A01
201200060560,0,07,000,00,2,1,13,A01
201200060560,0,07,000,00,2,1,01,B02
201200060561,0,01,000,00,2,3,19,B02
201200060561,0,02,000,00,9,1,01,A01
201200060562,0,31,000,00,1,3,01,A01
201200060563,0,07,000,00,2,1,00,B02
201200060563,0,07,000,00,2,1,13,A01
201200060564,0,99,000,00,1,8,00,A01
201200060565,0,07,000,00,2,2,00,B02
201200060565,0,07,000,00,2,1,00,A01
201200060566,0,07,000,16,0,0,14,A01
201200060567,0,01,000,00,2,1,01,B02
201200060567,0,31,000,00,9,1,01,A01
201200060568,0,32,000,08,0,1,01,A01
201200060569,0,34,000,00,2,1,01,B02
201200060569,0,07,000,00,2,6,20,A01
201200060570,0,31,000,00,2,2,17,A01
201200060570,0,10,000,00,2,2,00,B02
201200060571,1,32,000,00,2,1,19,A01
201200060571,0,07,000,00,2,3,00,B02
201200060572,0,10,000,00,1,2,12,A01
201200060573,0,30,000,00,2,1,01,A01
201200060573,0,07,000,00,2,1,15,B02
201200060574,0,10,000,12,2,2,20,B02
201200060574,0,14,000,12,2,5,01,A01
201200060575,0,07,000,00,2,2,01,A01
201200060575,0,07,000,00,2,2,05,B02
201200060576,2,07,000,00,2,3,13,A01
201200060576,0,07,000,00,2,3,01,B02
201200060577,0,10,000,06,0,1,13,A01
201200060578,0,10,000,00,2,2,01,B02
201200060578,0,02,000,00,2,3,09,A01
201200060579,0,07,000,00,2,1,00,B02
201200060579,0,10,000,00,2,3,01,C03
201200060579,0,07,000,00,2,6,19,A01
201200060580,0,07,000,15,0,2,00,A01
201200060581,0,10,000,00,1,0,01,A01
201200060582,0,10,000,00,2,3,01,C03
201200060582,0,07,000,00,2,1,01,A01
201200060582,0,07,000,00,2,9,15,B02
201200060583,0,07,000,00,2,6,02,A01
201200060583,0,33,000,00,2,3,02,B02
201200060584,0,07,000,00,2,3,21,B02
201200060584,0,07,000,14,2,3,19,A01
201200060585,0,07,000,06,0,1,13,A01
201200060586,0,37,000,00,2,3,11,A01
201200060586,0,34,000,00,2,2,17,B02
201200060587,0,07,000,00,2,1,00,B02
201200060587,0,07,000,00,2,2,13,A01
201200060588,0,02,000,00,2,7,17,A01
201200060588,0,10,000,00,2,8,19,B02
201200060589,0,07,000,00,0,6,00,A01
201200060589,0,14,000,00,0,2,01,B02
201200060590,0,33,000,00,0,0,01,A01
201200060591,0,07,000,00,2,8,19,B02
201200060591,0,10,000,00,2,3,01,A01
201200060592,0,31,000,00,2,1,01,B02
201200060592,0,10,000,00,2,4,10,A01
201200060593,0,02,000,00,2,1,13,A01
201200060593,0,07,000,00,2,1,01,B02
201200060594,0,02,000,00,2,1,01,B02
201200060594,0,07,000,00,2,3,17,A01
201200060595,0,07,000,00,0,4,01,A01
201200060595,0,07,000,00,0,1,01,B02
201200060595,0,07,000,01,0,0,00,C03
201200060596,0,21,000,00,2,5,15,A01
201200060596,0,34,000,00,2,1,01,B02
201200060597,0,02,000,00,1,1,01,A01
201200060598,1,31,000,00,0,0,00,B02
201200060598,0,30,000,00,0,4,01,A01
201200060599,0,10,000,02,0,2,01,A01
201200060600,0,07,000,00,9,2,17,A01
201200060600,0,01,000,00,2,8,15,B02
201200060601,1,30,000,00,2,0,01,A01
201200060601,0,30,000,00,2,1,09,B02
201200060602,0,14,000,00,0,4,02,B02
201200060602,0,30,000,00,2,1,02,A01
201200060603,0,30,000,00,2,1,13,A01
201200060603,0,07,000,00,2,3,01,B02
201200060604,0,07,000,00,2,1,13,A01
201200060604,0,07,000,00,2,1,01,B02
201200060605,0,07,000,02,0,1,13,A01
201200060606,0,07,000,00,2,2,02,A01
201200060606,0,02,000,00,2,4,02,B02
201200060607,0,07,000,00,2,3,01,B02
201200060607,0,07,000,00,2,1,13,A01
201200060608,0,07,000,00,2,4,23,D04
201200060608,0,07,000,00,2,1,02,A01
201200060608,0,07,000,00,2,4,23,C03
201200060608,0,07,000,00,2,4,23,B02
201200060609,0,07,000,00,2,3,01,C03
201200060609,0,30,000,00,2,8,13,A01
201200060609,0,07,000,00,2,8,01,B02
201200060610,0,07,000,00,2,1,01,A01
201200060610,0,07,000,00,2,1,01,B02
201200060611,0,31,000,14,0,1,01,A01
201200060612,0,10,000,00,2,6,01,A01
201200060612,0,07,000,00,2,3,01,B02
201200060613,0,32,000,00,2,1,01,B02
201200060613,0,10,000,00,2,2,15,A01
201200060614,0,10,000,00,0,0,01,C03
201200060614,0,07,000,09,9,1,01,A01
201200060614,0,07,000,00,9,1,01,B02
201200060615,0,33,000,00,2,1,17,A01
201200060615,0,07,000,00,2,6,15,B02
201200060616,0,07,000,00,2,3,24,C03
201200060616,0,07,000,00,2,3,15,B02
201200060616,0,07,000,00,2,9,01,A01
201200060617,1,02,000,00,2,7,19,B02
201200060617,0,07,000,00,2,1,01,A01
201200060618,0,07,000,00,0,9,14,A01
201200060619,0,07,000,00,1,1,05,A01
201200060620,0,07,000,00,2,1,13,A01
201200060620,0,07,000,00,2,3,01,B02
201200060621,0,07,000,00,2,1,01,A01
201200060621,0,07,000,00,2,1,01,B02
201200060622,0,01,000,00,0,4,01,B02
201200060622,0,07,000,00,9,2,01,A01
201200060623,0,30,000,00,2,1,09,A01
201200060623,0,07,000,00,2,2,09,B02
201200060624,0,10,000,00,2,3,01,A01
201200060625,0,07,000,00,2,2,01,A01
201200060625,0,01,000,00,2,1,10,B02
201200060626,0,07,000,00,0,3,13,A01
201200060626,0,30,000,00,2,1,01,B02
201200060627,0,07,000,00,0,5,17,A01
201200060627,0,33,000,00,0,1,01,B02
201200060628,0,07,000,00,0,4,04,B02
201200060628,0,02,000,00,0,1,19,A01
201200060629,0,07,000,08,0,1,01,A01
201200060630,1,10,000,00,2,2,01,A01
201200060630,0,02,000,00,2,7,02,B02
201200060631,0,07,000,02,0,1,01,A01
201200060632,0,07,000,00,2,1,17,A01
201200060632,0,10,000,00,2,1,02,B02
201200060633,0,30,000,00,0,0,00,A01
201200060634,0,30,000,00,2,1,01,B02
201200060634,0,33,000,00,2,1,01,A01
201200060635,0,34,000,00,2,1,01,B02
201200060635,0,10,000,00,0,8,19,A01
201200060636,0,07,000,00,2,1,15,A01
201200060636,0,33,000,00,2,7,16,B02
201200060637,0,10,000,00,2,8,01,B02
201200060637,0,34,000,00,2,2,02,A01
201200060638,0,31,000,00,0,0,01,A01
201200060639,0,07,000,00,2,8,15,A01
201200060639,0,33,000,00,2,1,01,B02
201200060640,0,33,000,00,2,1,17,A01
201200060640,0,14,000,00,2,3,01,B02
201200060641,0,07,000,00,1,1,01,A01
201200060642,0,07,000,00,2,3,01,B02
201200060642,0,07,000,00,2,1,13,A01
201200060643,0,07,000,00,2,3,24,B02
201200060643,0,01,000,01,0,1,01,A01
201200060644,0,07,000,00,2,3,05,A01
201200060644,0,02,000,00,2,1,01,B02
201200060645,0,07,000,00,1,2,01,A01
201200060646,0,30,000,15,0,1,01,A01
201200060647,0,07,000,08,0,2,01,A01
201200060648,0,31,000,00,0,0,01,A01
201200060649,0,33,000,06,0,1,01,A01
201200060650,0,07,000,08,0,7,00,A01
201200060651,0,30,000,00,2,1,13,A01
201200060651,0,07,000,00,2,1,01,B02
201200060652,0,02,000,00,2,2,13,A01
201200060652,0,10,000,00,2,1,01,B02
201200060653,0,07,000,06,0,2,01,A01
201200060654,0,07,000,02,0,3,01,A01
201200060655,0,07,000,00,2,7,01,C03
201200060655,0,02,000,00,2,1,09,A01
201200060655,0,33,000,00,2,1,17,B02
201200060656,0,07,000,00,2,3,01,B02
201200060656,0,07,000,00,2,3,13,A01
201200060657,0,07,000,00,1,3,01,A01
201200060658,0,07,000,02,0,1,14,A01
201200060659,0,07,000,00,2,8,19,A01
201200060659,0,07,000,00,2,3,01,B02
201200060660,0,07,000,00,1,1,01,A01
201200060661,0,07,000,00,1,2,01,A01
201200060662,0,01,000,00,2,0,02,B02
201200060662,0,10,000,00,9,0,17,A01
201200060663,0,07,000,00,2,7,01,B02
201200060663,0,01,000,00,2,1,01,A01
201200060664,0,30,000,14,0,1,01,A01
201200060665,0,30,000,00,2,1,01,B02
201200060665,0,07,000,00,2,3,01,A01
201200060666,1,32,000,12,0,0,01,A01
201200060667,0,30,000,00,2,1,02,A01
201200060667,0,07,000,00,2,5,16,B02
201200060668,0,07,000,00,2,6,02,C03
201200060668,0,07,000,00,2,3,01,B02
201200060668,0,33,000,00,2,1,17,A01
201200060669,0,34,000,00,0,0,17,A01
201200060670,0,07,000,00,2,1,15,A01
201200060670,0,07,000,00,2,1,01,B02
201200060671,0,31,000,00,2,1,01,A01
201200060671,0,10,000,00,2,1,01,B02
201200060672,0,07,000,12,0,9,01,A01
201200060673,0,33,000,00,2,2,20,B02
201200060673,0,07,000,00,2,1,09,A01
201200060674,0,15,000,00,2,1,01,A01
201200060674,0,07,000,00,2,1,05,B02
201200060675,0,30,000,00,2,1,17,A01
201200060675,0,07,000,00,2,1,23,B02
201200060675,0,07,000,00,2,2,15,C03
201200060676,0,07,000,00,2,1,13,A01
201200060676,0,30,000,00,2,1,01,B02
201200060677,0,07,000,00,1,2,01,A01
201200060678,0,07,000,00,1,2,01,A01
201200060679,0,07,000,00,2,1,01,A01
201200060679,0,07,000,00,2,1,01,B02
201200060680,0,33,000,00,2,1,01,A01
201200060680,0,33,000,00,2,4,01,B02
201200060681,0,07,000,00,2,2,09,A01
201200060681,0,01,000,00,2,1,01,B02
201200060682,0,07,000,00,2,2,21,B02
201200060682,0,07,000,00,2,2,05,A01
201200060683,0,14,000,00,2,2,01,B02
201200060683,0,07,000,00,2,1,13,A01
201200060684,0,07,000,16,0,0,01,A01
201200060685,0,07,000,00,2,3,01,B02
201200060685,0,02,000,00,2,1,13,A01
201200060686,0,07,000,00,2,1,18,A01
201200060686,0,10,000,00,2,1,02,B02
201200060687,0,10,000,00,2,3,21,A01
201200060687,0,07,000,00,2,3,01,B02
201200060687,0,01,000,00,2,4,01,C03
201200060688,0,07,000,16,0,1,01,A01
201200060689,0,10,000,00,2,4,14,A01
201200060689,0,31,000,00,2,1,01,B02
201200060690,0,10,000,00,1,2,01,A01
201200060691,0,33,000,14,0,3,01,A01
201200060692,0,07,000,00,2,3,01,C03
201200060692,0,07,000,00,2,3,13,A01
201200060692,0,07,000,00,2,3,01,B02
201200060693,0,32,000,00,2,1,02,A01
201200060693,0,10,000,00,2,4,15,B02
201200060694,0,32,000,00,2,1,19,A01
201200060694,0,07,000,00,2,3,15,B02
201200060695,0,10,000,00,2,3,15,A01
201200060695,0,07,000,00,2,2,01,B02
201200060696,0,07,000,00,1,1,01,A01
201200060697,0,07,000,00,2,1,13,A01
201200060697,0,07,000,00,2,1,01,B02
201200060698,0,01,000,00,2,3,15,B02
201200060698,0,10,000,00,9,2,01,A01
201200060699,0,07,000,00,2,1,01,B02
201200060699,0,07,000,00,2,1,17,A01
201200060700,0,33,000,00,2,7,01,B02
201200060700,0,07,000,00,2,7,19,A01
201200060701,0,14,000,00,2,6,01,B02
201200060701,0,14,000,00,2,1,01,A01
201200060701,0,07,000,00,2,8,16,C03
201200060702,0,07,000,00,2,3,15,A01
201200060702,0,02,000,00,2,1,01,B02
201200060703,0,07,000,00,2,3,15,A01
201200060703,1,30,000,00,2,1,01,B02
201200060704,0,01,000,00,2,7,15,B02
201200060704,0,07,000,00,2,3,01,A01
201200060705,0,07,000,00,0,2,00,A01
201200060706,0,32,000,00,2,1,01,A01
201200060706,0,01,000,00,2,6,19,B02
201200060707,0,13,000,16,0,9,01,A01
201200060708,0,07,000,00,2,1,05,A01
201200060708,0,07,000,00,2,1,01,B02
201200060709,0,07,000,13,0,0,13,A01
201200060710,0,07,000,03,0,2,01,A01
201200060711,0,07,000,13,0,1,01,A01
201200060712,0,38,000,13,0,2,01,A01
201200060713,0,07,000,03,0,8,01,A01
201200060714,0,01,000,01,0,1,01,C03
201200060714,0,07,000,00,0,1,23,A01
201200060714,0,01,000,01,0,1,01,B02
201200060715,0,07,000,00,1,1,01,A01
201200060716,0,14,000,16,0,9,01,A01
201200060717,0,02,000,00,2,8,15,A01
201200060717,0,30,000,00,2,1,01,B02
201200060718,0,10,000,00,2,2,19,A01
201200060718,0,02,000,00,2,1,01,B02
201200060719,0,10,000,00,2,0,01,A01
201200060719,0,30,000,00,2,0,13,B02
201200060720,0,31,000,00,2,4,02,B02
201200060720,0,07,000,00,2,1,01,A01
201200060721,0,02,000,00,2,1,01,B02
201200060721,0,02,000,00,2,1,13,A01
201200060722,0,07,000,00,1,3,01,A01
201200060723,0,02,000,00,1,1,01,A01
201200060724,0,07,000,00,2,8,01,B02
201200060724,0,30,000,00,2,0,17,A01
201200060725,1,07,000,00,2,8,20,A01
201200060725,0,30,000,00,2,7,01,B02
201200060726,0,07,000,00,2,3,01,B02
201200060726,0,07,000,00,2,2,17,A01