Num_Acc,senc,catv,occutc,obs,obsm,choc,manv,num_veh
201200061477,0,07,000,00,2,7,15,A01
201200061477,0,31,000,00,2,1,05,B01
201200061478,0,07,000,00,9,1,02,A01
201200061478,0,01,000,00,2,4,02,B01
201200061479,0,07,000,00,2,4,02,A01
201200061479,1,07,000,00,2,1,02,B01
201200061480,0,07,000,10,0,9,01,A01
201200061481,0,07,000,00,9,2,17,A01
201200061482,0,33,000,00,2,0,00,A01
201200061482,0,07,000,00,2,0,00,B01
201200061483,0,02,000,00,1,1,01,A01
201200061484,0,02,000,12,0,0,01,A01
201200061485,0,32,000,15,0,0,01,A01
201200061486,0,07,000,00,1,2,02,A01
201200061487,0,07,000,00,2,4,02,A01
201200061487,1,07,000,00,2,0,02,B01
201200061488,0,32,000,00,2,1,17,A01
201200061488,0,07,000,00,2,8,15,B01
201200061489,0,07,000,00,2,1,00,A01
201200061489,0,07,000,00,2,1,00,B01
201200061490,0,07,000,00,2,1,02,A01
201200061490,0,07,000,00,2,4,02,B01
201200061491,0,07,000,01,0,1,14,A01
201200061492,0,07,000,00,1,4,20,A01
201200061493,0,07,000,00,2,1,13,A01
201200061493,0,07,000,00,2,1,01,B01
201200061494,0,33,000,00,2,1,17,A01
201200061494,0,07,000,00,2,4,01,B01
201200061495,0,07,000,16,0,9,01,A01
201200061496,0,07,000,00,2,2,01,A01
201200061496,0,31,000,00,2,1,09,B01
201200061497,0,07,000,00,2,1,01,A01
201200061497,0,30,000,00,2,1,05,B01
201200061498,0,33,000,16,0,9,01,A01
201200061499,0,07,000,00,2,8,13,A01
201200061499,0,07,000,00,2,8,01,B01
201200061499,0,07,000,00,2,8,01,C01
201200061500,0,07,000,01,1,1,21,A01
201200061501,0,38,001,00,2,4,02,A01
201200061501,0,38,002,00,2,1,02,B01
201200061501,0,07,000,00,2,1,02,C01
201200061502,0,07,000,00,2,1,02,A01
201200061502,0,07,000,00,2,4,02,B01
201200061502,0,07,000,00,2,4,02,C01
201200061503,0,07,000,00,2,1,02,A01
201200061503,0,07,000,00,2,9,02,B01
201200061504,0,07,000,00,2,4,02,A01
201200061504,0,07,000,00,2,1,02,B01
201200061505,0,07,000,00,2,4,02,A01
201200061505,0,07,000,00,2,1,02,B01
201200061506,0,30,000,00,2,1,01,A01
201200061506,0,30,000,00,2,1,01,B01
201200061507,0,07,000,00,2,4,02,A01
201200061507,0,07,000,00,2,4,02,B01
201200061507,0,33,000,00,2,8,09,C01
201200061508,0,02,000,00,2,4,11,B01
201200061508,0,02,000,00,2,1,02,A01
201200061509,0,07,000,00,2,1,01,B01
201200061509,0,07,000,00,2,8,01,A01
201200061510,0,10,000,00,2,1,01,A01
201200061510,0,01,000,00,2,8,19,B01
201200061511,0,32,000,00,2,1,01,B01
201200061511,0,07,000,00,2,2,15,A01
201200061512,0,01,000,00,2,1,01,B01
201200061512,0,37,001,00,9,1,01,A01
201200061513,0,07,000,00,2,3,15,A01
201200061513,0,30,000,00,2,1,01,B01
201200061514,0,30,000,00,2,3,01,B01
201200061514,0,07,000,00,2,3,09,A01
201200061515,1,07,000,00,0,0,00,Z01
201200061516,0,07,000,00,2,4,02,B01
201200061516,0,30,000,00,2,4,02,A01
201200061517,0,02,000,00,2,5,02,A01
201200061517,0,07,000,00,0,5,02,B01
201200061518,0,02,000,00,2,1,01,B01
201200061518,0,07,000,00,2,8,01,A01
201200061519,0,07,000,00,0,2,00,B01
201200061519,0,02,000,00,2,2,05,A01
201200061520,0,07,000,00,2,1,01,A01
201200061520,0,07,000,00,2,6,15,B01
201200061521,0,07,000,00,2,6,02,B01
201200061521,0,30,000,00,2,1,02,A01
201200061522,0,07,000,00,9,1,00,A01
201200061522,0,01,000,00,0,7,00,B01
201200061523,0,31,000,00,0,8,01,B01
201200061523,0,07,000,00,2,8,00,A01
201200061524,0,02,000,00,0,8,01,B01
201200061524,0,07,000,00,2,1,00,A01
201200061525,0,07,000,00,2,7,01,A01
201200061525,0,02,000,00,0,3,02,B01
201200061526,0,07,000,00,2,3,10,A01
201200061526,0,02,000,00,2,3,02,B01
201200061527,0,33,000,00,2,1,05,B01
201200061527,0,07,000,00,2,3,05,A01
201200061528,0,07,000,00,1,1,01,A01
201200061529,0,02,000,00,1,1,00,A01
201200061530,0,07,000,00,2,3,15,A01
201200061530,0,02,000,00,2,1,01,B01
201200061531,0,02,000,00,2,1,15,B01
201200061531,0,07,000,00,2,2,15,A01
201200061532,0,07,000,00,2,8,15,A01
201200061532,0,02,000,00,2,2,01,B01
201200061533,0,02,000,00,2,6,15,A01
201200061533,0,37,001,00,2,3,19,B01
201200061534,1,07,000,00,2,1,00,Z01
201200061534,0,02,000,00,2,8,00,B01
201200061535,0,02,000,00,2,1,01,B01
201200061535,0,07,000,00,2,8,00,A01
201200061536,0,07,000,00,2,3,15,B01
201200061536,0,30,000,00,2,1,02,A01
201200061537,0,02,000,00,0,8,00,B01
201200061537,0,07,000,00,2,1,01,A01
201200061538,0,07,000,00,0,2,01,B01
201200061538,0,02,000,00,0,0,01,A01
201200061539,0,01,000,00,2,6,15,A01
201200061539,0,07,000,00,9,3,01,B01
201200061540,0,07,000,00,2,1,01,A01
201200061540,0,07,000,00,0,4,02,B01
201200061541,0,02,000,00,2,7,01,B01
201200061541,0,07,000,00,2,2,15,A01
201200061542,0,07,000,00,2,1,02,A01
201200061542,0,07,000,00,2,4,02,B01
201200061543,0,30,000,00,2,9,01,B01
201200061543,0,07,000,00,2,1,11,A01
201200061544,0,32,000,00,2,1,01,B01
201200061544,0,07,000,00,0,6,11,A01
201200061545,0,07,000,00,9,2,15,A01
201200061545,0,02,000,00,2,1,01,B01
201200061546,0,02,000,00,9,1,01,A01
201200061546,0,02,000,00,9,2,15,B01
201200061547,0,10,000,00,1,1,01,A01
201200061548,0,07,000,00,1,1,01,A01
201200061549,0,07,000,00,1,3,00,A01
201200061550,0,02,000,00,2,1,01,B01
201200061550,0,07,000,00,2,8,15,A01
201200061551,0,07,000,00,2,3,00,A01
201200061551,0,02,000,00,2,7,01,B01
201200061552,0,02,000,00,2,1,01,B01
201200061552,0,07,000,00,2,2,15,A01
201200061553,0,07,000,01,2,1,01,B01
201200061553,0,02,000,00,2,7,15,A01
201200061554,0,07,000,00,9,1,15,A01
201200061554,0,02,000,00,2,7,01,B01
201200061555,0,07,000,00,2,1,01,A01
201200061555,0,07,000,00,2,7,01,B01
201200061556,1,07,000,00,2,0,15,A01
201200061556,0,02,000,00,2,5,17,B01
201200061557,0,07,000,00,9,8,09,A01
201200061557,0,01,000,00,2,1,01,B01
201200061558,0,07,000,00,2,1,15,A01
201200061558,0,07,000,12,2,3,16,B01
201200061559,0,02,000,00,2,1,01,B01
201200061559,0,07,000,00,2,2,16,A01
201200061560,0,03,000,01,2,3,01,B01
201200061560,0,07,000,00,2,2,15,A01
201200061561,0,07,000,00,2,7,01,A01
201200061561,0,02,000,00,2,1,01,B01
201200061562,0,07,000,00,2,8,01,B01
201200061562,0,07,000,00,2,1,01,A01
201200061563,0,07,000,00,2,1,01,A01
201200061563,0,01,000,00,2,4,10,B01
201200061564,0,10,000,00,2,6,01,B01
201200061564,0,07,000,00,2,1,01,A01
201200061565,0,02,000,00,1,1,01,A01
201200061566,0,07,000,00,2,2,01,B01
201200061566,0,01,000,00,2,0,09,A01
201200061567,0,01,000,00,2,1,01,B01
201200061567,0,07,000,00,2,5,16,A01
201200061568,0,07,000,00,2,1,17,A01
201200061568,0,02,000,00,2,3,09,B01
201200061569,0,07,000,00,2,7,02,A01
201200061569,0,01,000,00,2,8,13,B01
201200061570,0,01,000,00,2,8,01,B01
201200061570,0,01,000,00,2,8,01,C01
201200061570,0,07,000,00,2,1,15,A01
201200061571,0,30,000,00,2,1,05,A01
201200061571,0,07,000,00,2,8,01,B01
201200061572,0,07,000,00,2,3,02,A01
201200061572,0,30,000,00,2,5,02,B01
201200061573,0,01,000,00,2,4,19,A01
201200061573,0,07,000,00,2,1,21,B01
201200061574,0,02,000,01,0,1,01,A01
201200061574,0,07,000,00,2,4,00,B01
201200061575,0,07,000,00,2,6,19,A01
201200061575,0,07,000,00,2,1,19,B01
201200061576,0,07,000,00,9,8,15,A01
201200061576,0,02,000,00,2,7,17,B01
201200061577,0,07,000,00,2,1,19,A01
201200061577,0,07,000,14,2,2,09,B01
201200061578,0,07,000,00,2,4,01,B01
201200061578,0,07,000,00,2,4,01,A01
201200061578,0,07,000,00,2,1,01,C01
201200061579,0,07,000,00,2,8,00,A01
201200061579,0,02,000,00,2,7,16,B01
201200061580,0,01,000,00,2,1,02,B01
201200061580,0,07,000,00,9,2,10,A01
201200061581,0,07,000,00,9,2,01,A01
201200061581,0,02,000,00,2,1,01,B01
201200061582,0,07,000,00,2,2,01,A01
201200061582,0,02,000,00,2,8,01,B01
201200061583,0,07,000,00,1,1,15,A01
201200061584,0,02,000,00,2,7,00,A01
201200061584,0,07,000,00,2,1,00,B01
201200061585,0,07,000,00,1,1,01,A01
201200061585,0,01,000,00,2,8,01,B01
201200061586,0,07,000,00,2,3,09,A01
201200061586,0,02,000,12,2,1,01,B01
201200061587,0,02,000,00,0,3,01,B01
201200061587,0,30,000,00,0,7,15,A01
201200061588,0,02,000,00,2,6,00,B01
201200061588,0,07,000,00,2,1,01,A01
201200061589,0,01,000,00,2,8,05,A01
201200061589,0,07,000,00,9,3,09,B01
201200061590,0,07,000,00,2,7,17,A01
201200061590,0,02,000,00,2,8,17,B01
201200061591,0,07,000,00,2,3,01,B01
201200061591,0,02,000,00,2,1,15,A01
201200061592,0,07,000,00,2,3,15,B01
201200061592,0,30,000,00,2,8,03,A01
201200061593,0,30,000,01,2,1,00,A01
201200061593,0,07,000,00,2,5,20,B01
201200061594,0,33,000,16,0,0,01,A01
201200061595,0,33,000,16,0,0,00,A01
201200061596,0,07,000,01,2,3,00,A01
201200061596,0,02,000,00,0,9,00,B01
201200061597,0,07,000,00,2,3,15,A01
201200061597,0,30,000,00,2,1,17,B01
201200061598,0,07,000,00,2,2,15,A01
201200061598,0,31,000,00,2,1,01,B01
201200061599,0,02,000,00,2,1,01,A01
201200061599,0,07,000,00,2,7,15,B01
201200061600,0,07,000,00,2,3,15,A01
201200061600,0,02,000,00,2,1,01,B01
201200061601,0,07,000,00,1,7,01,A01
201200061602,0,07,000,00,9,2,15,A01
201200061602,0,33,000,00,2,1,02,B01
201200061603,0,07,000,00,2,1,01,A01
201200061603,0,07,000,00,2,6,19,B01
201200061604,0,02,000,00,9,1,15,A01
201200061604,0,02,000,00,9,7,17,B01
201200061605,0,07,000,00,1,1,01,A01
201200061606,0,31,000,00,2,7,01,B01
201200061606,0,07,000,00,2,1,09,A01
201200061607,0,07,000,00,1,7,00,A01
201200061608,0,02,000,00,1,1,01,A01
201200061609,0,07,000,00,2,3,15,B01
201200061609,0,30,000,00,2,1,02,A01
201200061610,0,07,000,00,9,1,01,B01
201200061610,0,02,000,00,2,1,06,A01
201200061611,0,33,000,00,2,8,01,B01
201200061611,0,07,000,00,2,1,15,A01
201200061612,0,02,000,00,0,1,01,B01
201200061612,0,07,000,00,0,6,15,A01
201200061613,0,07,000,00,2,7,16,B01
201200061613,0,33,000,00,2,1,01,A01
201200061614,0,33,000,00,2,1,01,B01
201200061614,0,07,000,00,2,2,15,A01
201200061615,0,07,000,00,0,1,00,A01
201200061615,0,07,000,00,0,3,00,B01
201200061616,0,30,000,00,1,1,01,A01
201200061617,0,07,000,00,2,1,09,A01
201200061617,0,30,000,00,2,7,00,B01
201200061618,0,02,000,00,2,1,01,B01
201200061618,0,07,000,00,2,1,15,A01
201200061619,0,10,000,13,0,1,14,A01
201200061620,0,30,000,00,2,1,01,B01
201200061620,0,07,000,00,2,7,16,A01
201200061621,0,30,000,00,2,2,02,A01
201200061621,0,07,000,00,2,3,02,B01
201200061622,1,07,000,00,9,1,00,Z01
201200061622,0,01,000,00,2,4,01,B01
201200061623,0,30,000,00,2,1,01,B01
201200061623,0,30,000,00,2,8,09,A01
201200061624,0,02,000,00,2,8,00,B01
201200061624,0,07,000,00,9,7,16,A01
201200061625,0,07,000,00,2,3,01,B01
201200061625,0,02,000,00,2,1,13,A01
201200061626,0,01,000,00,2,0,15,A01
201200061626,0,07,000,00,9,8,01,B01
201200061627,0,07,000,00,9,8,15,A01
201200061627,0,02,000,00,2,7,17,B01
201200061628,0,07,000,00,2,5,16,B01
201200061628,0,02,000,00,2,1,01,A01
201200061629,0,02,000,00,9,2,00,A01
201200061629,1,02,000,00,0,0,00,B01
201200061630,0,02,000,00,0,0,09,B01
201200061630,0,07,000,00,0,8,09,A01
201200061631,0,02,000,00,2,1,02,A01
201200061631,0,07,000,00,2,4,01,B01
201200061632,0,07,000,00,2,1,01,B01
201200061632,0,01,000,00,2,7,19,A01
201200061633,0,07,000,00,2,3,01,B01
201200061633,0,07,000,00,2,3,15,A01
201200061634,0,02,000,00,0,0,00,A01
201200061635,0,07,000,00,2,1,15,B01
201200061635,0,02,000,00,2,1,05,A01
201200061636,0,02,000,00,2,3,18,A01
201200061636,0,07,000,00,2,2,01,B01
201200061637,0,07,000,00,2,3,09,B01
201200061637,0,02,000,00,2,1,05,A01
201200061638,0,33,000,00,0,0,01,A01
201200061639,1,07,000,00,2,2,00,Z01
201200061639,0,33,000,00,2,8,00,B01
201200061640,0,07,000,00,2,4,01,B01
201200061640,0,07,000,00,2,1,01,A01
201200061641,0,02,000,00,2,1,01,B01
201200061641,0,07,000,00,9,7,15,A01
201200061642,0,02,000,00,2,4,23,A01
201200061642,0,07,000,00,9,4,23,B01
201200061643,0,30,000,00,2,1,01,B01
201200061643,0,07,000,00,2,3,00,A01
201200061644,0,02,000,00,2,1,01,B01
201200061644,0,07,000,00,2,1,15,A01
201200061645,0,07,000,00,9,1,13,A01
201200061645,0,02,000,00,2,1,01,B01
201200061646,0,07,000,00,0,1,21,A01
201200061647,0,07,000,00,0,1,15,A01
201200061647,0,33,000,00,0,0,17,B01
201200061648,0,07,000,00,2,3,01,A01
201200061648,0,33,000,00,2,8,01,B01
201200061649,0,07,000,00,1,1,11,A01
201200061650,0,30,000,00,9,1,01,B01
201200061650,0,30,000,00,2,8,10,A01
201200061651,0,02,000,11,0,1,03,A01
201200061652,0,07,000,00,1,3,01,A01
201200061653,1,10,000,00,2,1,00,A01
201200061653,0,01,000,00,0,4,01,B01
201200061654,0,02,000,00,2,1,17,B01
201200061654,0,07,000,00,9,3,15,A01
201200061655,0,07,000,00,9,5,01,B01
201200061655,0,01,000,00,2,5,02,A01
201200061656,0,37,001,00,2,7,01,A01
201200061656,0,02,000,00,2,7,01,B01
201200061657,0,07,000,00,2,3,01,B01
201200061657,0,02,000,00,2,3,01,A01
201200061658,0,01,000,00,2,1,05,A01
201200061658,0,07,000,00,9,1,01,B01
201200061659,0,02,000,00,1,1,01,A01
201200061660,1,07,000,00,1,0,00,Z01
201200061661,0,02,000,00,2,0,01,B01
201200061661,0,02,000,00,2,1,01,A01
201200061662,0,07,000,00,2,2,15,A01
201200061662,0,02,000,00,2,1,01,B01
201200061663,0,07,000,00,2,3,01,B01
201200061663,0,07,000,00,2,2,09,A01
201200061664,0,07,000,15,0,1,00,A01
201200061665,0,02,000,00,2,1,01,B01
201200061665,0,37,001,00,2,5,15,A01
201200061666,0,01,000,00,2,4,01,A01
201200061666,1,32,000,00,2,1,00,Z01
201200061667,0,02,000,00,2,3,01,A01
201200061667,0,07,000,00,2,2,09,B01
201200061668,0,02,000,00,1,2,01,A01
201200061669,0,30,000,00,2,7,18,A01
201200061669,0,07,000,00,2,7,00,B01
201200061670,0,02,000,14,0,0,01,A01
201200061671,0,02,000,00,2,0,03,A01
201200061671,0,99,000,00,2,8,15,B01
201200061672,0,01,000,00,2,1,01,B01
201200061672,1,99,000,00,0,0,00,Z01
201200061673,0,02,000,00,2,1,01,A01
201200061673,0,07,000,00,2,1,15,B01
201200061674,0,02,000,00,2,1,01,A01
201200061674,0,01,000,00,2,3,13,B01
201200061675,0,34,000,00,0,0,01,A01
201200061675,0,07,000,00,0,0,01,B01
201200061676,0,02,000,00,2,2,13,A01
201200061676,0,07,000,00,2,3,01,B01
201200061677,0,07,000,08,2,5,01,A01
201200061677,0,07,000,00,2,1,01,B01
201200061678,0,02,000,01,0,1,01,A01
201200061679,0,07,000,00,2,3,02,A01
201200061679,0,30,000,00,2,3,02,B01
201200061680,0,02,000,00,2,1,01,B01
201200061680,1,07,000,00,2,2,13,Z01
201200061681,0,07,000,00,2,4,02,B01
201200061681,0,07,000,00,2,1,00,A01
201200061682,0,07,000,00,0,9,01,A01
201200061683,0,07,000,06,9,9,00,A01
201200061684,0,07,000,03,0,3,01,A01
201200061685,0,07,000,00,1,2,01,A01
201200061686,0,07,000,00,1,8,09,A01
201200061687,0,10,000,00,2,7,15,A01
201200061687,0,07,000,00,2,1,01,B01
201200061688,0,07,000,00,2,2,17,A01
201200061688,0,07,000,00,2,6,01,B01
201200061689,0,07,000,00,2,4,01,B01
201200061689,0,07,000,00,2,1,01,A01
201200061690,0,07,000,00,9,1,01,A01
201200061690,0,01,000,00,2,4,01,B01
201200061691,0,01,000,00,9,8,19,A01
201200061691,0,30,000,00,9,1,01,B01
201200061692,0,34,000,00,0,8,01,A01
201200061693,0,07,000,00,2,1,02,A01
201200061693,0,07,000,00,2,4,01,B01
201200061694,0,07,000,08,0,3,13,A01
201200061695,0,02,000,15,0,1,01,A01
201200061696,0,07,000,13,0,2,14,A01
201200061697,0,30,000,12,0,1,01,A01
201200061698,0,02,000,00,1,1,01,A01
201200061699,0,07,000,00,1,2,01,A01
201200061700,0,30,000,00,2,1,17,B01
201200061700,0,07,000,00,9,5,24,C01
201200061700,0,07,000,00,9,3,15,A01
201200061701,0,33,000,00,0,8,01,A01
201200061702,0,01,000,00,2,1,13,A01
201200061702,0,07,000,00,9,1,01,B01
201200061703,0,07,000,00,1,3,01,A01
201200061704,0,07,000,00,1,2,01,A01
201200061705,0,07,000,00,9,2,15,A01
201200061705,0,01,000,00,2,1,01,B01
201200061706,0,07,000,00,0,0,09,A01
201200061706,0,33,000,00,0,8,21,B01
201200061707,0,33,000,00,2,1,17,B01
201200061707,0,07,000,00,9,3,09,A01
201200061708,0,33,000,00,2,1,01,B01
201200061708,1,07,000,00,9,4,01,Z01
201200061709,1,07,000,00,1,0,01,Z01
201200061710,2,33,000,00,1,1,01,A01
201200061711,0,07,000,00,1,2,01,A01
201200061712,0,02,000,00,1,1,01,A01
201200061713,0,33,000,00,0,8,21,A01
201200061714,0,07,000,00,9,1,01,A01
201200061714,0,01,000,00,2,8,19,B01
201200061715,1,07,000,00,1,0,01,Z01
201200061716,0,01,000,00,2,7,01,B01
201200061716,0,07,000,00,9,1,09,A01
201200061717,0,15,000,01,2,8,01,B01
201200061717,0,07,000,00,2,3,13,A01
201200061718,0,07,000,00,2,7,01,B01
201200061718,0,10,000,00,2,1,09,A01
201200061719,0,01,000,00,2,5,01,B01
201200061719,0,07,000,00,9,3,09,A01
201200061720,0,07,000,00,2,2,01,A01
201200061720,0,07,000,00,2,8,16,B01
201200061721,0,07,000,02,0,1,14,A01
201200061722,0,10,000,00,9,3,01,B01
201200061722,0,33,000,00,2,1,01,A01
201200061723,0,14,000,00,9,3,15,A01
201200061723,0,31,000,01,2,1,17,B01
201200061723,1,07,000,,,,,A02
201200061724,0,07,000,00,2,8,01,B01
201200061724,0,07,000,00,2,3,15,A01
201200061725,0,07,000,00,2,2,13,A01
201200061725,0,14,000,00,2,7,01,B01
201200061726,0,07,000,00,1,1,01,A01
201200061727,0,10,000,00,9,7,01,A01
201200061727,0,33,000,00,2,1,01,B01
201200061728,0,07,000,00,2,7,01,A01
201200061728,0,07,000,00,2,3,23,C01
201200061728,0,07,000,00,2,1,01,B01
201200061729,0,33,000,00,2,1,01,B01
201200061729,0,07,000,00,9,2,15,A01
201200061730,0,07,000,03,0,2,01,A01
201200061731,0,07,000,00,9,3,15,A01
201200061731,0,02,000,00,2,1,01,B01
201200061732,0,33,000,00,2,1,01,B01
201200061732,0,07,000,00,9,3,10,A01
201200061733,0,07,000,00,1,7,01,A01
201200061734,0,07,000,00,2,7,01,A01
201200061734,0,07,000,00,2,1,01,B01
201200061735,0,01,000,00,2,1,09,B01
201200061735,0,07,000,00,9,2,01,A01
201200061736,0,07,000,00,9,4,23,B01
201200061736,0,01,000,00,2,1,01,A01
201200061737,0,07,000,00,2,4,01,B01
201200061737,0,07,000,00,2,1,02,A01
201200061738,0,07,000,01,1,2,01,A01
201200061739,0,01,000,00,2,7,01,B01
201200061739,0,07,000,00,9,1,09,A01
201200061740,0,07,000,00,1,3,15,A01
201200061741,0,31,000,00,9,1,17,B01
201200061741,0,33,000,00,9,1,17,A01
201200061742,0,33,000,00,2,1,17,B01
201200061742,0,07,000,00,9,8,15,A01
201200061743,0,01,000,00,2,1,15,B01
201200061743,0,07,000,00,9,8,01,A01
201200061744,0,07,000,00,9,3,01,A01
201200061744,0,01,000,00,2,1,13,B01
201200061745,0,07,000,00,1,1,01,A01
201200061746,0,02,000,00,2,1,01,B01
201200061746,0,07,000,00,9,3,15,A01
201200061747,0,07,000,00,2,3,01,A01
201200061747,0,07,000,00,2,8,15,B01
201200061748,0,02,000,00,9,1,02,A01
201200061748,0,01,000,00,9,4,01,B01
201200061749,0,07,000,00,9,3,13,A01
201200061749,0,33,000,00,2,1,01,B01
201200061750,0,07,000,00,1,1,01,A01
201200061751,0,07,000,00,2,4,02,B01
201200061751,0,14,000,00,2,1,02,A01
201200061752,0,07,000,00,1,2,01,A01
201200061753,0,07,000,13,0,2,14,A01
201200061754,0,31,000,00,1,1,01,A01
201200061755,0,07,000,00,1,3,01,A01
201200061756,0,10,000,00,9,2,15,B01
201200061756,0,30,000,00,2,1,01,A01
201200061757,0,07,000,00,1,8,01,A01
201200061758,0,07,000,13,0,7,01,A01
201200061759,0,30,000,00,0,0,01,A01
201200061760,0,33,000,00,2,1,02,A01
201200061760,0,07,000,00,9,4,02,B01
201200061761,0,33,000,00,2,1,01,B01
201200061761,0,07,000,00,9,5,10,A01
201200061762,0,01,000,01,0,1,01,A01
201200061762,0,07,000,00,9,4,23,B01
201200061763,0,30,000,01,0,1,14,A01
201200061764,0,10,000,00,1,1,01,A01
201200061765,0,33,000,00,2,1,17,A01
201200061765,0,07,000,00,9,3,15,B01
201200061766,0,02,000,00,2,1,05,A01
201200061766,0,07,000,00,9,1,01,B01
201200061767,0,07,000,00,2,3,09,A01
201200061767,0,07,000,00,2,1,01,B01
201200061768,0,33,000,02,0,1,01,A01
201200061769,0,07,000,01,0,2,14,A01
201200061770,0,30,000,00,2,7,01,B01
201200061770,0,07,000,00,9,1,09,A01
201200061771,0,07,000,00,1,1,01,A01
201200061772,0,07,000,14,0,2,01,A01
201200061773,0,07,000,00,9,1,09,A01
201200061773,0,01,000,00,2,7,01,B01
201200061774,0,07,000,08,0,1,13,A01
201200061775,0,07,000,00,1,1,01,A01
201200061776,0,07,000,03,0,2,14,A01
201200061777,0,07,000,12,1,3,01,A01
201200061778,0,07,000,00,9,7,15,A01
201200061778,0,30,000,00,2,1,01,B01
201200061779,0,07,000,00,9,7,01,A01
201200061779,0,30,000,00,2,1,01,B01
201200061780,0,02,000,15,0,1,13,A01
201200061781,0,07,000,00,9,3,09,A01
201200061781,0,02,000,00,2,1,01,B01
201200061782,0,07,000,00,9,2,01,B01
201200061782,0,33,000,00,2,1,09,A01
201200061783,0,07,000,00,2,1,02,A01
201200061783,0,07,000,00,2,4,01,B01
201200061784,0,33,000,00,2,8,00,A01
201200061784,0,07,000,00,2,1,01,B01
201200061785,0,02,000,00,2,0,00,A01
201200061785,0,07,000,00,2,0,11,B01
201200061786,0,07,000,00,2,2,11,A01
201200061786,0,02,000,00,2,0,00,B01
201200061787,0,10,000,00,2,8,01,C01
201200061787,0,07,000,00,2,1,09,A01
201200061787,0,07,000,00,2,8,01,B01
201200061788,0,07,000,13,0,8,01,A01
201200061789,0,07,000,03,0,9,01,A01
201200061790,0,07,000,00,2,1,01,B01
201200061790,0,07,000,00,2,1,01,A01
201200061791,0,33,000,00,5,1,01,A01
201200061792,0,07,000,00,2,2,15,A01
201200061792,0,02,000,00,2,1,01,B01
201200061793,0,07,000,00,0,9,01,A01
201200061794,0,07,000,00,2,9,24,B01
201200061794,0,07,000,00,2,1,01,A01
201200061794,0,07,000,00,2,5,01,C01
201200061795,0,33,000,00,2,1,17,A01
201200061795,0,07,000,00,2,3,15,B01
201200061796,0,07,000,06,5,1,01,A01
201200061797,0,10,000,03,0,1,17,A01
201200061798,0,07,000,00,2,1,02,A01
201200061798,0,07,000,00,2,4,23,B01
201200061799,0,07,000,00,2,3,09,A01
201200061799,0,01,000,00,2,1,01,B01
201200061800,0,10,000,14,0,1,01,A01
201200061801,0,15,000,00,2,1,01,B01
201200061801,0,10,000,00,2,1,01,C01
201200061801,0,07,000,00,2,4,01,A01
201200061802,0,03,000,06,0,1,01,A01
201200061803,0,07,000,13,0,9,01,A01
201200061804,0,10,000,00,2,7,19,A01
201200061804,0,07,000,00,2,1,01,B01
201200061805,0,07,000,00,2,1,01,A01
201200061805,0,07,000,00,2,0,01,B01
201200061806,0,07,000,00,2,3,09,A01
201200061806,0,33,000,00,2,1,01,B01
201200061807,0,07,000,00,0,8,01,A01
201200061808,0,07,000,00,2,3,01,C01
201200061808,0,07,000,15,2,9,01,A01
201200061808,0,07,000,00,2,8,01,B01
201200061809,0,07,000,00,2,4,01,B01
201200061809,0,10,000,00,2,1,01,A01
201200061810,0,01,000,00,2,1,15,A01
201200061810,0,07,000,00,2,1,02,B01
201200061811,0,33,000,00,0,1,02,B01
201200061811,0,07,000,00,0,1,11,A01
201200061812,0,01,000,00,2,1,01,B01
201200061812,0,01,000,00,2,0,01,C01
201200061812,0,07,000,00,2,1,15,A01
201200061813,0,07,000,00,2,7,01,A01
201200061814,0,07,000,00,1,1,15,A01
201200061815,0,07,000,00,0,0,01,A01
201200061816,0,10,000,00,1,1,01,A01
201200061817,0,01,000,00,2,1,13,A01
201200061817,0,13,000,00,2,1,01,B01
201200061818,0,07,000,15,0,9,01,A01
201200061819,0,07,000,00,2,2,01,B01
201200061819,0,01,000,00,2,1,09,A01
201200061820,0,10,000,06,2,9,01,B01
201200061820,0,07,000,00,2,1,16,A01
201200061821,0,07,000,00,2,5,16,B01
201200061821,0,02,000,00,2,5,16,A01
201200061822,0,10,000,00,2,6,23,A01
201200061822,0,07,000,00,2,1,09,C01
201200061822,0,07,000,00,2,0,23,B01
201200061823,0,07,000,10,0,9,09,A01
201200061824,0,07,000,02,0,2,01,A01
201200061825,0,01,000,00,1,1,,A01
201200061826,0,07,000,00,2,2,10,A01
201200061826,0,33,000,00,2,1,01,B01
201200061827,0,07,000,00,2,4,02,B01
201200061827,0,02,000,00,2,1,02,A01
201200061828,0,07,000,16,0,9,21,A01
201200061829,0,07,000,00,1,4,04,A01
201200061830,0,10,000,00,2,1,02,A01
201200061830,0,07,000,00,2,4,15,B01
201200061831,0,07,000,00,1,7,01,A01
201200061832,0,10,000,00,2,9,01,A01
201200061833,1,02,000,00,0,9,01,A01
201200061834,0,02,000,00,2,3,01,B01
201200061834,0,07,000,00,2,3,01,A01
201200061835,0,07,000,00,2,7,22,A01
201200061835,0,01,000,00,2,1,18,B01
201200061836,0,10,000,00,2,5,01,A01
201200061836,0,02,000,00,2,1,21,B01
201200061837,0,07,000,00,0,5,09,B01
201200061837,0,99,000,00,2,1,01,A01
201200061838,0,07,000,00,2,3,09,A01
201200061838,0,01,000,00,2,4,01,A02
201200061839,0,33,000,00,2,1,17,A01
201200061839,0,10,000,00,0,6,01,B01
201200061840,0,07,000,00,1,1,01,A01